Component_ID,Lot_ID,Wafer_ID,Stress_Temp_C,Defect_Type,Ground_Truth_Failure,Iddq_0h,Iddq_24h,Iddq_96h,Iddq_168h,Ileak_0h,Ileak_24h,Ileak_96h,Ileak_168h,PropDelay_0h,PropDelay_24h,PropDelay_96h,PropDelay_168h
CMP-2026-0001,ISRO-TRAIN-LOT-2026,12,125.0,HEALTHY,0,10.118,10.35,11.013,10.616,2.442,2.446,2.559,2.545,1.1892,1.1847,1.1978,1.2417
CMP-2026-0002,ISRO-TRAIN-LOT-2026,18,125.0,HEALTHY,0,9.92,10.341,10.629,10.867,2.223,2.269,2.336,2.304,1.1554,1.154,1.1638,1.192
CMP-2026-0003,ISRO-TRAIN-LOT-2026,7,125.0,HEALTHY,0,9.826,10.132,10.397,10.496,2.575,2.621,2.672,2.669,1.3043,1.3136,1.3152,1.3352
CMP-2026-0004,ISRO-TRAIN-LOT-2026,24,125.0,HEALTHY,0,12.75,12.961,13.507,13.116,2.885,2.902,2.933,3.044,1.4383,1.4434,1.4547,1.4589
CMP-2026-0005,ISRO-TRAIN-LOT-2026,12,125.0,HEALTHY,0,10.085,10.436,11.054,10.775,3.017,3.139,3.057,3.199,1.0613,1.0582,1.0713,1.0916
CMP-2026-0006,ISRO-TRAIN-LOT-2026,16,125.0,LATENT_DRIFT,1,11.635,18.636,50.268,100.079,2.408,2.808,4.908,11.408,1.29,1.37,1.62,2.17
CMP-2026-0007,ISRO-TRAIN-LOT-2026,10,125.0,LATENT_PAT_OUTLIER,1,39.987,41.59,44.593,47.163,6.524,7.324,8.524,10.324,1.5918,1.6418,1.7218,1.8418
CMP-2026-0008,ISRO-TRAIN-LOT-2026,14,125.0,HEALTHY,0,10.628,11.088,11.224,11.69,2.215,2.242,2.308,2.305,1.2625,1.2615,1.2714,1.2755
CMP-2026-0009,ISRO-TRAIN-LOT-2026,9,125.0,HEALTHY,0,9.549,9.816,10.108,10.053,2.431,2.424,2.491,2.598,1.0841,1.0924,1.0948,1.127
CMP-2026-0010,ISRO-TRAIN-LOT-2026,5,125.0,HEALTHY,0,7.717,7.869,8.106,8.562,2.325,2.35,2.373,2.412,1.1783,1.1723,1.1774,1.198
CMP-2026-0011,ISRO-TRAIN-LOT-2026,9,125.0,HEALTHY,0,11.674,11.877,12.382,12.734,2.18,2.266,2.294,2.196,1.3118,1.3157,1.3218,1.3414
CMP-2026-0012,ISRO-TRAIN-LOT-2026,22,125.0,HEALTHY,0,11.606,11.741,11.827,12.109,2.141,2.139,2.253,2.265,1.2356,1.2348,1.2542,1.2735
CMP-2026-0013,ISRO-TRAIN-LOT-2026,1,125.0,LATENT_PAT_OUTLIER,1,40.673,42.274,45.564,47.651,7.042,7.842,9.042,10.842,1.5268,1.5768,1.6568,1.7768
CMP-2026-0014,ISRO-TRAIN-LOT-2026,15,125.0,HEALTHY,0,12.648,12.767,13.206,13.433,2.152,2.161,2.223,2.22,1.2061,1.2085,1.2186,1.2383
CMP-2026-0015,ISRO-TRAIN-LOT-2026,6,125.0,HEALTHY,0,10.513,10.788,11.181,11.451,2.698,2.688,2.732,2.853,1.2234,1.2264,1.2369,1.2499
CMP-2026-0016,ISRO-TRAIN-LOT-2026,13,125.0,HEALTHY,0,7.19,7.24,7.685,7.73,2.646,2.685,2.736,2.792,1.2419,1.2505,1.2488,1.2881
CMP-2026-0017,ISRO-TRAIN-LOT-2026,9,125.0,HEALTHY,0,9.65,9.78,9.821,10.139,2.513,2.575,2.556,2.6,1.0533,1.0602,1.0581,1.0684
CMP-2026-0018,ISRO-TRAIN-LOT-2026,18,125.0,HEALTHY,0,13.383,13.591,14.053,13.744,2.342,2.396,2.397,2.409,1.1458,1.1435,1.1611,1.1815
CMP-2026-0019,ISRO-TRAIN-LOT-2026,20,125.0,HEALTHY,0,13.476,13.685,14.136,13.997,2.499,2.552,2.663,2.615,1.3675,1.3781,1.3761,1.4009
CMP-2026-0020,ISRO-TRAIN-LOT-2026,16,125.0,HEALTHY,0,10.993,11.188,11.403,11.971,2.753,2.794,2.844,2.834,1.3289,1.3306,1.3303,1.3578
CMP-2026-0021,ISRO-TRAIN-LOT-2026,9,125.0,HEALTHY,0,7.609,7.969,8.299,8.278,2.801,2.815,2.908,2.835,1.0562,1.0562,1.0699,1.074
CMP-2026-0022,ISRO-TRAIN-LOT-2026,20,125.0,HEALTHY,0,11.022,11.293,11.886,11.969,2.377,2.395,2.454,2.483,1.228,1.2393,1.2271,1.2547
CMP-2026-0023,ISRO-TRAIN-LOT-2026,20,125.0,LATENT_PAT_OUTLIER,1,41.263,43.369,45.516,49.542,8.073,8.873,10.073,11.873,1.2968,1.3468,1.4268,1.5468
CMP-2026-0024,ISRO-TRAIN-LOT-2026,3,125.0,HEALTHY,0,12.884,12.994,13.719,13.498,2.252,2.284,2.313,2.435,1.2034,1.2021,1.2118,1.2334
CMP-2026-0025,ISRO-TRAIN-LOT-2026,13,125.0,HEALTHY,0,10.654,10.988,10.938,11.277,2.418,2.456,2.47,2.559,1.2736,1.2775,1.2869,1.2957
CMP-2026-0026,ISRO-TRAIN-LOT-2026,9,125.0,HEALTHY,0,9.983,10.181,10.571,10.485,2.311,2.316,2.36,2.43,1.0843,1.0863,1.0946,1.1256
CMP-2026-0027,ISRO-TRAIN-LOT-2026,20,125.0,HEALTHY,0,11.765,12.162,12.047,12.555,2.829,2.864,2.893,2.876,1.1157,1.1262,1.1236,1.1342
CMP-2026-0028,ISRO-TRAIN-LOT-2026,11,125.0,HEALTHY,0,10.806,11.142,11.562,11.794,1.939,1.957,1.957,2.036,1.154,1.1645,1.1596,1.1717
CMP-2026-0029,ISRO-TRAIN-LOT-2026,13,125.0,HEALTHY,0,11.654,11.603,12.047,12.535,2.568,2.607,2.641,2.685,1.0716,1.0696,1.0842,1.0988
CMP-2026-0030,ISRO-TRAIN-LOT-2026,12,125.0,HEALTHY,0,12.415,12.7,13.015,13.049,2.283,2.296,2.334,2.423,1.2224,1.2263,1.2344,1.261
CMP-2026-0031,ISRO-TRAIN-LOT-2026,24,125.0,HEALTHY,0,11.571,12.007,12.255,12.113,2.739,2.738,2.91,2.823,1.0644,1.0605,1.0825,1.1027
CMP-2026-0032,ISRO-TRAIN-LOT-2026,1,125.0,HEALTHY,0,10.658,10.833,11.18,11.106,2.611,2.623,2.674,2.71,1.1398,1.1344,1.144,1.1602
CMP-2026-0033,ISRO-TRAIN-LOT-2026,10,125.0,HEALTHY,0,7.715,7.906,8.471,8.359,2.22,2.213,2.321,2.334,1.043,1.0527,1.0547,1.0628
CMP-2026-0034,ISRO-TRAIN-LOT-2026,24,125.0,HEALTHY,0,10.659,10.814,10.968,10.796,1.712,1.724,1.848,1.873,1.2889,1.284,1.3109,1.3271
CMP-2026-0035,ISRO-TRAIN-LOT-2026,10,125.0,HEALTHY,0,9.938,10.055,10.396,10.529,3.075,3.074,3.191,3.198,1.1803,1.187,1.1931,1.2224
CMP-2026-0036,ISRO-TRAIN-LOT-2026,16,125.0,HEALTHY,0,13.349,13.332,13.564,13.862,1.918,1.921,1.912,2.041,1.2101,1.2075,1.2263,1.2359
CMP-2026-0037,ISRO-TRAIN-LOT-2026,9,125.0,HEALTHY,0,9.457,9.614,10.386,9.785,2.492,2.512,2.588,2.567,1.2313,1.2345,1.2514,1.279
CMP-2026-0038,ISRO-TRAIN-LOT-2026,5,125.0,LATENT_DRIFT,1,11.241,18.082,47.662,90.874,2.677,3.077,5.177,11.677,1.1054,1.1854,1.4354,1.9854
CMP-2026-0039,ISRO-TRAIN-LOT-2026,20,125.0,HEALTHY,0,9.507,9.751,10.072,9.872,2.338,2.341,2.411,2.404,1.1587,1.1668,1.1655,1.1829
CMP-2026-0040,ISRO-TRAIN-LOT-2026,4,125.0,HEALTHY,0,10.034,10.207,10.451,10.178,2.719,2.753,2.776,2.82,1.2329,1.2299,1.2473,1.2621
CMP-2026-0041,ISRO-TRAIN-LOT-2026,8,125.0,HEALTHY,0,11.107,11.356,11.698,11.97,2.37,2.4,2.441,2.385,1.158,1.1519,1.1704,1.2001
CMP-2026-0042,ISRO-TRAIN-LOT-2026,11,125.0,GROSS_OUTLIER,1,61.344,67.401,84.79,104.639,23.039,26.039,31.039,39.039,3.0039,3.2039,3.6039,4.2039
CMP-2026-0043,ISRO-TRAIN-LOT-2026,21,125.0,HEALTHY,0,11.017,11.345,11.476,11.351,2.315,2.376,2.305,2.483,1.3409,1.3429,1.3716,1.3724
CMP-2026-0044,ISRO-TRAIN-LOT-2026,25,125.0,HEALTHY,0,9.14,9.261,9.514,9.381,2.47,2.497,2.505,2.515,1.0548,1.0636,1.0735,1.0847
CMP-2026-0045,ISRO-TRAIN-LOT-2026,8,125.0,HEALTHY,0,10.888,11.28,11.235,11.049,2.421,2.435,2.513,2.587,1.2418,1.2357,1.2597,1.2771
CMP-2026-0046,ISRO-TRAIN-LOT-2026,7,125.0,HEALTHY,0,9.304,9.576,9.888,10.295,2.287,2.305,2.356,2.368,1.2337,1.2329,1.2416,1.2466
CMP-2026-0047,ISRO-TRAIN-LOT-2026,15,125.0,HEALTHY,0,9.754,10.049,10.411,10.37,2.306,2.352,2.403,2.428,1.2231,1.2242,1.2412,1.2517
CMP-2026-0048,ISRO-TRAIN-LOT-2026,10,125.0,HEALTHY,0,10.388,10.513,10.934,10.674,2.266,2.352,2.369,2.419,1.1403,1.1342,1.1654,1.1482
CMP-2026-0049,ISRO-TRAIN-LOT-2026,21,125.0,HEALTHY,0,13.53,13.794,14.104,14.519,2.393,2.421,2.53,2.507,1.2286,1.2345,1.2369,1.255
CMP-2026-0050,ISRO-TRAIN-LOT-2026,19,125.0,HEALTHY,0,6.857,6.923,7.198,7.467,2.588,2.64,2.69,2.687,1.2072,1.2183,1.2206,1.2434
CMP-2026-0051,ISRO-TRAIN-LOT-2026,24,125.0,HEALTHY,0,11.811,12.089,12.418,12.453,2.439,2.469,2.515,2.569,1.198,1.2082,1.2054,1.2343
CMP-2026-0052,ISRO-TRAIN-LOT-2026,8,125.0,HEALTHY,0,11.266,11.301,11.563,11.595,2.885,2.926,2.948,3.044,1.0529,1.0443,1.0586,1.0955
CMP-2026-0053,ISRO-TRAIN-LOT-2026,8,125.0,HEALTHY,0,9.189,9.446,9.731,9.557,2.674,2.68,2.789,2.817,1.2474,1.2456,1.2668,1.2649
CMP-2026-0054,ISRO-TRAIN-LOT-2026,16,125.0,HEALTHY,0,13.07,13.101,13.674,13.24,2.501,2.577,2.572,2.608,1.2298,1.2234,1.2332,1.2831
CMP-2026-0055,ISRO-TRAIN-LOT-2026,13,125.0,HEALTHY,0,10.744,10.83,11.521,11.285,2.304,2.342,2.32,2.426,1.1995,1.2034,1.206,1.211
CMP-2026-0056,ISRO-TRAIN-LOT-2026,1,125.0,HEALTHY,0,11.026,11.453,11.753,11.625,2.636,2.672,2.717,2.695,1.1987,1.1981,1.2253,1.2235
CMP-2026-0057,ISRO-TRAIN-LOT-2026,21,125.0,HEALTHY,0,12.723,12.848,13.595,13.872,2.342,2.356,2.373,2.412,1.0666,1.0653,1.077,1.0908
CMP-2026-0058,ISRO-TRAIN-LOT-2026,11,125.0,LATENT_DRIFT,1,10.212,15.03,37.19,69.26,2.654,3.054,5.154,11.654,1.2659,1.3459,1.5959,2.1459
CMP-2026-0059,ISRO-TRAIN-LOT-2026,13,125.0,HEALTHY,0,10.629,10.877,11.42,11.391,2.801,2.864,2.897,2.893,1.0615,1.0593,1.0634,1.0877
CMP-2026-0060,ISRO-TRAIN-LOT-2026,18,125.0,HEALTHY,0,11.654,11.976,12.295,12.406,2.225,2.26,2.294,2.293,1.2685,1.2722,1.281,1.3078
CMP-2026-0061,ISRO-TRAIN-LOT-2026,25,125.0,HEALTHY,0,9.02,9.302,9.315,9.628,3.095,3.14,3.146,3.179,1.2176,1.2234,1.2418,1.2469
CMP-2026-0062,ISRO-TRAIN-LOT-2026,12,125.0,HEALTHY,0,10.722,11.084,11.453,11.535,2.363,2.368,2.443,2.469,1.0966,1.0871,1.1278,1.1179
CMP-2026-0063,ISRO-TRAIN-LOT-2026,20,125.0,HEALTHY,0,10.573,10.95,11.261,11.342,2.143,2.175,2.232,2.227,1.0895,1.0913,1.0949,1.1114
CMP-2026-0064,ISRO-TRAIN-LOT-2026,16,125.0,HEALTHY,0,10.666,10.76,11.513,11.384,2.759,2.778,2.876,2.888,1.2657,1.2617,1.2688,1.2932
CMP-2026-0065,ISRO-TRAIN-LOT-2026,2,125.0,HEALTHY,0,9.036,9.315,9.844,10.453,2.031,2.044,2.092,2.128,1.1585,1.1632,1.1847,1.1887
CMP-2026-0066,ISRO-TRAIN-LOT-2026,25,125.0,HEALTHY,0,12.693,12.839,13.249,13.413,2.635,2.639,2.726,2.79,1.1766,1.179,1.1955,1.1921
CMP-2026-0067,ISRO-TRAIN-LOT-2026,5,125.0,HEALTHY,0,7.414,7.783,8.283,8.427,2.584,2.65,2.635,2.55,1.1177,1.1181,1.1309,1.1545
CMP-2026-0068,ISRO-TRAIN-LOT-2026,20,125.0,HEALTHY,0,10.991,11.377,11.876,12.076,2.932,2.997,3.047,2.984,1.2398,1.2428,1.2488,1.2578
CMP-2026-0069,ISRO-TRAIN-LOT-2026,19,125.0,LATENT_DRIFT,1,9.849,17.871,53.723,105.418,2.75,3.15,5.25,11.75,1.1585,1.2385,1.4885,2.0385
CMP-2026-0070,ISRO-TRAIN-LOT-2026,4,125.0,HEALTHY,0,9.23,9.406,9.491,9.675,2.26,2.261,2.275,2.439,1.233,1.2358,1.2556,1.2497
CMP-2026-0071,ISRO-TRAIN-LOT-2026,11,125.0,HEALTHY,0,10.158,10.623,10.981,11.291,2.389,2.432,2.482,2.601,1.2406,1.2429,1.2616,1.2823
CMP-2026-0072,ISRO-TRAIN-LOT-2026,20,125.0,HEALTHY,0,10.412,10.555,11.146,11.188,2.128,2.169,2.249,2.275,1.2117,1.2192,1.2199,1.2339
CMP-2026-0073,ISRO-TRAIN-LOT-2026,8,125.0,HEALTHY,0,11.298,11.532,12.188,12.211,2.218,2.251,2.269,2.358,1.2076,1.215,1.2168,1.2181
CMP-2026-0074,ISRO-TRAIN-LOT-2026,21,125.0,HEALTHY,0,11.307,11.632,11.983,12.12,2.066,2.076,2.174,2.142,1.1062,1.1101,1.1195,1.1403
CMP-2026-0075,ISRO-TRAIN-LOT-2026,9,125.0,HEALTHY,0,10.129,10.227,10.368,10.626,2.649,2.671,2.728,2.708,1.1145,1.1143,1.1254,1.1404
CMP-2026-0076,ISRO-TRAIN-LOT-2026,23,125.0,HEALTHY,0,10.932,11.164,11.689,11.589,2.029,2.069,2.173,2.148,1.1774,1.1744,1.1941,1.1865
CMP-2026-0077,ISRO-TRAIN-LOT-2026,20,125.0,HEALTHY,0,11.796,12.028,12.417,12.489,2.554,2.63,2.661,2.745,1.2666,1.2731,1.2792,1.3049
CMP-2026-0078,ISRO-TRAIN-LOT-2026,24,125.0,HEALTHY,0,10.401,10.607,10.794,10.974,2.406,2.444,2.482,2.503,1.2479,1.2492,1.2611,1.259
CMP-2026-0079,ISRO-TRAIN-LOT-2026,15,125.0,HEALTHY,0,10.27,10.368,10.931,10.984,2.648,2.684,2.721,2.749,1.2292,1.2315,1.2366,1.2414
CMP-2026-0080,ISRO-TRAIN-LOT-2026,16,125.0,HEALTHY,0,9.72,10.132,10.451,10.741,2.888,2.947,2.972,2.932,1.1733,1.1713,1.1928,1.2195
CMP-2026-0081,ISRO-TRAIN-LOT-2026,23,125.0,LATENT_PAT_OUTLIER,1,45.352,47.456,49.236,51.462,6.061,6.861,8.061,9.861,1.4492,1.4992,1.5792,1.6992
CMP-2026-0082,ISRO-TRAIN-LOT-2026,6,125.0,LATENT_PAT_OUTLIER,1,40.366,41.662,43.664,46.352,8.602,9.402,10.602,12.402,1.6722,1.7222,1.8022,1.9222
CMP-2026-0083,ISRO-TRAIN-LOT-2026,23,125.0,HEALTHY,0,9.906,10.318,10.79,10.602,2.526,2.57,2.602,2.58,1.2062,1.2117,1.2154,1.2503
CMP-2026-0084,ISRO-TRAIN-LOT-2026,10,125.0,HEALTHY,0,9.108,9.26,9.421,9.537,2.554,2.576,2.656,2.671,1.3121,1.3106,1.3355,1.3283
CMP-2026-0085,ISRO-TRAIN-LOT-2026,14,125.0,HEALTHY,0,12.604,12.828,13.368,13.193,1.963,1.963,2.008,2.088,1.2262,1.2187,1.2376,1.2639
CMP-2026-0086,ISRO-TRAIN-LOT-2026,3,125.0,HEALTHY,0,11.107,11.27,11.678,11.958,2.115,2.162,2.124,2.209,1.1904,1.1927,1.2146,1.2191
CMP-2026-0087,ISRO-TRAIN-LOT-2026,19,125.0,HEALTHY,0,11.471,11.755,11.673,11.983,2.56,2.646,2.683,2.698,1.0135,1.0119,1.0259,1.0403
CMP-2026-0088,ISRO-TRAIN-LOT-2026,16,125.0,HEALTHY,0,11.542,11.748,12.398,12.53,2.816,2.859,2.86,2.944,1.1032,1.0965,1.1146,1.1487
CMP-2026-0089,ISRO-TRAIN-LOT-2026,12,125.0,HEALTHY,0,10.749,10.949,11.447,11.315,2.005,2.058,2.137,2.16,1.0659,1.072,1.0726,1.0977
CMP-2026-0090,ISRO-TRAIN-LOT-2026,11,125.0,HEALTHY,0,11.314,11.638,11.968,11.895,2.347,2.333,2.51,2.381,1.1509,1.1507,1.1605,1.1823
CMP-2026-0091,ISRO-TRAIN-LOT-2026,18,125.0,HEALTHY,0,11.66,11.832,11.766,11.356,2.527,2.533,2.576,2.677,1.1841,1.1799,1.2022,1.2067
CMP-2026-0092,ISRO-TRAIN-LOT-2026,4,125.0,HEALTHY,0,9.939,10.168,10.591,10.962,2.737,2.794,2.845,2.814,1.2443,1.2422,1.2558,1.2627
CMP-2026-0093,ISRO-TRAIN-LOT-2026,4,125.0,HEALTHY,0,9.367,9.69,10.103,10.188,2.223,2.241,2.354,2.318,1.1169,1.1143,1.1351,1.1318
CMP-2026-0094,ISRO-TRAIN-LOT-2026,20,125.0,HEALTHY,0,8.659,8.972,9.641,9.61,3.258,3.252,3.341,3.396,1.2844,1.2938,1.3015,1.3157
CMP-2026-0095,ISRO-TRAIN-LOT-2026,21,125.0,LATENT_DRIFT,1,10.975,18.132,52.178,101.097,2.923,3.323,5.423,11.923,1.2148,1.2948,1.5448,2.0948
CMP-2026-0096,ISRO-TRAIN-LOT-2026,16,125.0,HEALTHY,0,9.987,10.207,10.352,10.627,2.331,2.362,2.431,2.442,1.0694,1.0757,1.0893,1.0914
CMP-2026-0097,ISRO-TRAIN-LOT-2026,15,125.0,HEALTHY,0,12.322,12.447,12.787,12.525,2.324,2.389,2.43,2.393,1.2218,1.2167,1.2421,1.2548
CMP-2026-0098,ISRO-TRAIN-LOT-2026,6,125.0,HEALTHY,0,10.37,10.733,10.967,10.786,2.349,2.388,2.456,2.369,1.2808,1.2797,1.3084,1.3157
CMP-2026-0099,ISRO-TRAIN-LOT-2026,6,125.0,HEALTHY,0,8.112,8.216,8.319,8.894,2.325,2.363,2.411,2.429,1.2741,1.279,1.2793,1.3088
CMP-2026-0100,ISRO-TRAIN-LOT-2026,25,125.0,HEALTHY,0,10.024,10.154,10.49,10.516,2.179,2.226,2.292,2.216,1.1539,1.1582,1.1666,1.1945
CMP-2026-0101,ISRO-TRAIN-LOT-2026,20,125.0,HEALTHY,0,13.372,13.712,14.118,14.37,2.822,2.83,2.881,2.912,1.2737,1.276,1.2843,1.287
CMP-2026-0102,ISRO-TRAIN-LOT-2026,7,125.0,HEALTHY,0,10.766,10.937,11.569,11.454,2.717,2.782,2.779,2.803,1.2456,1.257,1.2481,1.2733
CMP-2026-0103,ISRO-TRAIN-LOT-2026,25,125.0,HEALTHY,0,12.112,12.584,12.886,13.165,2.347,2.37,2.386,2.439,1.2081,1.2131,1.2135,1.2551
CMP-2026-0104,ISRO-TRAIN-LOT-2026,8,125.0,GROSS_OUTLIER,1,57.16,60.552,79.824,103.667,19.093,22.093,27.093,35.093,3.4128,3.6128,4.0128,4.6128
CMP-2026-0105,ISRO-TRAIN-LOT-2026,6,125.0,HEALTHY,0,10.723,10.88,11.16,11.348,2.49,2.495,2.56,2.615,1.1174,1.1176,1.1278,1.1395
CMP-2026-0106,ISRO-TRAIN-LOT-2026,15,125.0,HEALTHY,0,11.086,11.295,11.198,11.377,2.472,2.535,2.564,2.552,1.1867,1.1814,1.2039,1.224
CMP-2026-0107,ISRO-TRAIN-LOT-2026,8,125.0,HEALTHY,0,12.037,12.252,12.497,12.791,2.334,2.44,2.368,2.437,1.1075,1.1074,1.1066,1.1467
CMP-2026-0108,ISRO-TRAIN-LOT-2026,6,125.0,HEALTHY,0,11.318,11.57,11.763,11.414,2.803,2.863,2.895,2.878,1.0832,1.0873,1.0993,1.1077
CMP-2026-0109,ISRO-TRAIN-LOT-2026,5,125.0,HEALTHY,0,11.336,11.701,11.933,12.309,2.187,2.208,2.197,2.311,1.3226,1.3241,1.3309,1.3646
CMP-2026-0110,ISRO-TRAIN-LOT-2026,21,125.0,LATENT_DRIFT,1,12.974,19.024,46.126,86.456,3.083,3.483,5.583,12.083,1.3466,1.4266,1.6766,2.2266
CMP-2026-0111,ISRO-TRAIN-LOT-2026,24,125.0,HEALTHY,0,11.056,11.32,11.833,12.311,2.034,2.127,2.073,2.114,1.2605,1.2572,1.2591,1.3007
CMP-2026-0112,ISRO-TRAIN-LOT-2026,4,125.0,HEALTHY,0,12.026,12.543,12.689,12.708,2.755,2.776,2.794,2.837,1.1888,1.1885,1.1944,1.2198
CMP-2026-0113,ISRO-TRAIN-LOT-2026,16,125.0,HEALTHY,0,10.271,10.399,10.828,10.731,1.751,1.769,1.873,1.887,1.2274,1.2236,1.246,1.2685
CMP-2026-0114,ISRO-TRAIN-LOT-2026,3,125.0,HEALTHY,0,12.239,12.74,12.722,13.101,2.823,2.883,2.949,2.996,1.1594,1.1659,1.1681,1.1759
CMP-2026-0115,ISRO-TRAIN-LOT-2026,4,125.0,HEALTHY,0,12.449,12.8,12.601,12.615,2.135,2.151,2.236,2.297,1.269,1.2761,1.2747,1.3229
CMP-2026-0116,ISRO-TRAIN-LOT-2026,19,125.0,HEALTHY,0,12.569,12.811,13.306,13.74,2.297,2.328,2.378,2.351,1.2275,1.2247,1.2357,1.2741
CMP-2026-0117,ISRO-TRAIN-LOT-2026,14,125.0,HEALTHY,0,9.393,9.584,9.774,9.833,3.087,3.102,3.196,3.184,1.262,1.2617,1.2783,1.2923
CMP-2026-0118,ISRO-TRAIN-LOT-2026,15,125.0,HEALTHY,0,12.188,12.389,12.628,12.642,3.174,3.226,3.257,3.27,1.161,1.1596,1.171,1.1766
CMP-2026-0119,ISRO-TRAIN-LOT-2026,4,125.0,HEALTHY,0,10.142,10.413,10.714,11.354,2.367,2.431,2.468,2.42,1.169,1.1717,1.1619,1.1959
CMP-2026-0120,ISRO-TRAIN-LOT-2026,15,125.0,HEALTHY,0,9.373,9.678,9.887,9.85,2.781,2.813,2.903,2.956,1.1392,1.146,1.1506,1.1598
CMP-2026-0121,ISRO-TRAIN-LOT-2026,6,125.0,HEALTHY,0,9.604,10.079,10.098,10.567,1.639,1.703,1.709,1.71,1.1976,1.1924,1.217,1.226
CMP-2026-0122,ISRO-TRAIN-LOT-2026,23,125.0,HEALTHY,0,11.136,11.228,11.391,11.879,2.919,2.971,2.987,3.078,1.2687,1.2735,1.2638,1.3111
CMP-2026-0123,ISRO-TRAIN-LOT-2026,23,125.0,HEALTHY,0,9.539,9.807,10.099,9.759,2.293,2.306,2.367,2.417,1.3475,1.3496,1.3646,1.3918
CMP-2026-0124,ISRO-TRAIN-LOT-2026,22,125.0,HEALTHY,0,10.684,10.796,11.263,11.643,2.902,2.936,3.042,2.929,1.1877,1.1957,1.1935,1.2186
CMP-2026-0125,ISRO-TRAIN-LOT-2026,22,125.0,HEALTHY,0,10.631,10.926,11.013,11.368,2.356,2.381,2.407,2.478,1.1473,1.1459,1.1384,1.1755
CMP-2026-0126,ISRO-TRAIN-LOT-2026,18,125.0,HEALTHY,0,9.555,9.776,9.995,10.447,2.615,2.658,2.656,2.726,1.0712,1.0712,1.085,1.094
CMP-2026-0127,ISRO-TRAIN-LOT-2026,24,125.0,HEALTHY,0,9.884,10.252,10.646,10.413,2.793,2.857,2.957,2.87,1.2395,1.2379,1.2596,1.2753
CMP-2026-0128,ISRO-TRAIN-LOT-2026,12,125.0,HEALTHY,0,10.49,10.922,11.289,11.063,2.125,2.148,2.26,2.201,1.1828,1.1847,1.1972,1.2151
CMP-2026-0129,ISRO-TRAIN-LOT-2026,5,125.0,HEALTHY,0,10.634,10.999,11.203,11.41,2.156,2.218,2.257,2.328,1.0634,1.0642,1.0776,1.1032
CMP-2026-0130,ISRO-TRAIN-LOT-2026,8,125.0,HEALTHY,0,7.538,7.695,7.882,7.907,2.572,2.615,2.662,2.69,1.2063,1.2123,1.2233,1.252
CMP-2026-0131,ISRO-TRAIN-LOT-2026,21,125.0,HEALTHY,0,9.894,9.893,10.345,10.417,2.419,2.475,2.468,2.461,1.1761,1.1771,1.1846,1.178
CMP-2026-0132,ISRO-TRAIN-LOT-2026,12,125.0,HEALTHY,0,11.986,12.371,12.429,12.379,2.521,2.544,2.599,2.638,1.2728,1.2814,1.2902,1.3143
CMP-2026-0133,ISRO-TRAIN-LOT-2026,6,125.0,HEALTHY,0,9.594,9.926,10.425,10.732,2.459,2.442,2.485,2.554,1.1763,1.1839,1.2061,1.2014
CMP-2026-0134,ISRO-TRAIN-LOT-2026,18,125.0,HEALTHY,0,10.176,10.487,11.055,10.659,2.48,2.527,2.595,2.706,1.1754,1.1662,1.1811,1.2127
CMP-2026-0135,ISRO-TRAIN-LOT-2026,23,125.0,HEALTHY,0,11.029,11.122,11.429,11.482,2.831,2.861,2.932,2.932,1.3102,1.3062,1.3181,1.3255
CMP-2026-0136,ISRO-TRAIN-LOT-2026,19,125.0,GROSS_OUTLIER,1,58.623,61.728,72.987,95.057,26.27,29.27,34.27,42.27,3.0029,3.2029,3.6029,4.2029
CMP-2026-0137,ISRO-TRAIN-LOT-2026,14,125.0,GROSS_OUTLIER,1,79.908,86.596,92.676,108.846,33.928,36.928,41.928,49.928,3.7808,3.9808,4.3808,4.9808
CMP-2026-0138,ISRO-TRAIN-LOT-2026,7,125.0,HEALTHY,0,11.023,11.271,11.895,11.825,2.498,2.48,2.592,2.58,1.1917,1.203,1.2083,1.2218
CMP-2026-0139,ISRO-TRAIN-LOT-2026,4,125.0,HEALTHY,0,9.619,9.886,10.277,10.774,2.582,2.602,2.725,2.719,1.2465,1.2473,1.2663,1.2714
CMP-2026-0140,ISRO-TRAIN-LOT-2026,25,125.0,HEALTHY,0,11.351,11.725,12.073,12.151,2.274,2.327,2.344,2.379,1.1711,1.1678,1.1936,1.1826
CMP-2026-0141,ISRO-TRAIN-LOT-2026,15,125.0,LATENT_DRIFT,1,10.0,16.405,45.092,87.073,2.317,2.717,4.817,11.317,1.2135,1.2935,1.5435,2.0935
CMP-2026-0142,ISRO-TRAIN-LOT-2026,18,125.0,HEALTHY,0,10.103,10.417,10.879,10.781,2.969,2.986,3.026,3.043,1.1631,1.158,1.188,1.1884
CMP-2026-0143,ISRO-TRAIN-LOT-2026,24,125.0,HEALTHY,0,10.565,10.762,11.293,11.216,2.979,2.996,3.059,3.217,1.1094,1.1124,1.1149,1.1203
CMP-2026-0144,ISRO-TRAIN-LOT-2026,21,125.0,HEALTHY,0,11.212,11.403,11.631,11.667,2.515,2.55,2.584,2.712,1.1555,1.1567,1.1867,1.1642
CMP-2026-0145,ISRO-TRAIN-LOT-2026,14,125.0,HEALTHY,0,12.066,12.465,12.898,12.712,2.923,2.973,3.0,2.978,1.2242,1.2257,1.2346,1.248
CMP-2026-0146,ISRO-TRAIN-LOT-2026,16,125.0,HEALTHY,0,10.532,10.887,11.248,11.069,2.495,2.555,2.519,2.553,1.1116,1.1143,1.1258,1.1391
CMP-2026-0147,ISRO-TRAIN-LOT-2026,18,125.0,HEALTHY,0,9.331,9.704,10.047,10.153,3.13,3.17,3.224,3.164,1.2413,1.2447,1.2538,1.277
CMP-2026-0148,ISRO-TRAIN-LOT-2026,25,125.0,HEALTHY,0,12.841,13.097,13.425,13.473,2.29,2.309,2.38,2.394,1.2708,1.2762,1.2793,1.3058
CMP-2026-0149,ISRO-TRAIN-LOT-2026,21,125.0,HEALTHY,0,10.304,10.497,11.112,10.816,2.316,2.32,2.365,2.488,1.4101,1.4114,1.4174,1.4429
CMP-2026-0150,ISRO-TRAIN-LOT-2026,1,125.0,HEALTHY,0,10.247,10.672,10.982,10.672,2.752,2.762,2.864,2.798,1.2747,1.2743,1.2822,1.313
CMP-2026-0151,ISRO-TRAIN-LOT-2026,21,125.0,HEALTHY,0,9.255,9.48,9.666,9.233,2.536,2.582,2.575,2.663,1.1995,1.1969,1.2194,1.2309
CMP-2026-0152,ISRO-TRAIN-LOT-2026,16,125.0,HEALTHY,0,11.634,11.711,12.015,12.336,2.748,2.808,2.783,2.847,1.2848,1.293,1.2893,1.3247
CMP-2026-0153,ISRO-TRAIN-LOT-2026,19,125.0,HEALTHY,0,9.645,9.85,10.172,10.555,2.988,3.004,3.051,3.118,1.1617,1.1571,1.1802,1.1849
CMP-2026-0154,ISRO-TRAIN-LOT-2026,22,125.0,HEALTHY,0,11.674,11.835,12.54,12.412,2.723,2.758,2.857,2.779,1.2304,1.2242,1.2403,1.2475
CMP-2026-0155,ISRO-TRAIN-LOT-2026,12,125.0,HEALTHY,0,10.942,11.064,11.343,11.645,2.255,2.281,2.334,2.304,1.3622,1.3565,1.3667,1.4119
CMP-2026-0156,ISRO-TRAIN-LOT-2026,9,125.0,HEALTHY,0,9.363,9.407,9.327,9.707,2.68,2.682,2.741,2.728,1.147,1.1523,1.1663,1.1525
CMP-2026-0157,ISRO-TRAIN-LOT-2026,14,125.0,HEALTHY,0,10.222,10.519,10.716,10.794,2.267,2.327,2.392,2.379,1.1537,1.1497,1.1752,1.2006
CMP-2026-0158,ISRO-TRAIN-LOT-2026,2,125.0,HEALTHY,0,10.018,10.264,10.387,10.765,2.643,2.69,2.767,2.709,1.1692,1.173,1.1866,1.1916
CMP-2026-0159,ISRO-TRAIN-LOT-2026,25,125.0,HEALTHY,0,12.246,12.33,12.603,12.922,2.211,2.233,2.311,2.459,1.2662,1.2658,1.2849,1.2929
CMP-2026-0160,ISRO-TRAIN-LOT-2026,5,125.0,HEALTHY,0,8.977,9.26,9.613,9.705,2.757,2.784,2.887,2.875,1.0998,1.0993,1.1188,1.1194
CMP-2026-0161,ISRO-TRAIN-LOT-2026,7,125.0,HEALTHY,0,11.387,11.692,11.944,11.982,2.458,2.499,2.459,2.576,1.2481,1.2455,1.2519,1.2909
CMP-2026-0162,ISRO-TRAIN-LOT-2026,10,125.0,HEALTHY,0,9.852,10.116,10.491,10.946,2.294,2.321,2.427,2.461,1.1709,1.1771,1.1902,1.2057
CMP-2026-0163,ISRO-TRAIN-LOT-2026,21,125.0,HEALTHY,0,9.821,9.903,10.303,10.741,2.473,2.426,2.623,2.539,1.1931,1.1966,1.2098,1.221
CMP-2026-0164,ISRO-TRAIN-LOT-2026,4,125.0,HEALTHY,0,11.568,12.011,12.074,12.465,2.551,2.621,2.645,2.705,1.22,1.2224,1.2281,1.2423
CMP-2026-0165,ISRO-TRAIN-LOT-2026,12,125.0,HEALTHY,0,10.709,10.921,11.016,11.202,2.263,2.29,2.347,2.368,1.1661,1.1629,1.1735,1.2011
CMP-2026-0166,ISRO-TRAIN-LOT-2026,2,125.0,HEALTHY,0,12.347,12.526,13.25,12.964,1.925,1.94,1.983,2.059,1.1802,1.1792,1.1718,1.2025
CMP-2026-0167,ISRO-TRAIN-LOT-2026,16,125.0,HEALTHY,0,12.243,12.475,12.745,12.879,2.127,2.159,2.215,2.149,1.2755,1.2747,1.2855,1.3026
CMP-2026-0168,ISRO-TRAIN-LOT-2026,5,125.0,HEALTHY,0,9.469,9.766,10.271,9.897,2.474,2.501,2.507,2.59,1.2456,1.2426,1.251,1.2786
CMP-2026-0169,ISRO-TRAIN-LOT-2026,5,125.0,HEALTHY,0,10.347,10.555,10.719,10.768,2.745,2.764,2.824,2.858,1.143,1.1398,1.1458,1.167
CMP-2026-0170,ISRO-TRAIN-LOT-2026,5,125.0,HEALTHY,0,7.846,8.009,8.186,8.682,2.281,2.289,2.369,2.47,1.2608,1.261,1.2816,1.2892
CMP-2026-0171,ISRO-TRAIN-LOT-2026,19,125.0,HEALTHY,0,10.239,10.37,11.027,11.323,2.74,2.737,2.763,2.958,1.2546,1.2611,1.2725,1.2829
CMP-2026-0172,ISRO-TRAIN-LOT-2026,20,125.0,HEALTHY,0,9.781,9.938,10.447,10.387,2.338,2.38,2.35,2.437,1.138,1.1473,1.1443,1.1659
CMP-2026-0173,ISRO-TRAIN-LOT-2026,15,125.0,HEALTHY,0,11.969,12.117,12.636,12.594,3.358,3.453,3.43,3.636,1.2343,1.2329,1.2545,1.275
CMP-2026-0174,ISRO-TRAIN-LOT-2026,18,125.0,HEALTHY,0,10.147,10.288,10.643,10.767,2.871,2.948,2.893,3.037,1.2323,1.2356,1.2431,1.2644
CMP-2026-0175,ISRO-TRAIN-LOT-2026,24,125.0,HEALTHY,0,12.454,12.679,12.878,12.938,2.588,2.595,2.672,2.744,1.1178,1.1183,1.1294,1.1542
CMP-2026-0176,ISRO-TRAIN-LOT-2026,15,125.0,HEALTHY,0,8.855,9.067,9.535,9.617,2.154,2.169,2.231,2.241,1.1817,1.1869,1.2098,1.2229
CMP-2026-0177,ISRO-TRAIN-LOT-2026,21,125.0,HEALTHY,0,10.344,10.444,10.587,10.629,2.321,2.316,2.407,2.426,1.1255,1.121,1.1295,1.1578
CMP-2026-0178,ISRO-TRAIN-LOT-2026,17,125.0,HEALTHY,0,9.906,10.051,10.259,10.384,2.476,2.472,2.468,2.686,1.1448,1.138,1.1573,1.1853
CMP-2026-0179,ISRO-TRAIN-LOT-2026,7,125.0,HEALTHY,0,12.539,12.721,13.025,12.972,2.7,2.712,2.778,2.903,1.1055,1.1042,1.1332,1.1429
CMP-2026-0180,ISRO-TRAIN-LOT-2026,8,125.0,HEALTHY,0,11.448,11.64,11.869,12.125,2.404,2.422,2.454,2.532,1.232,1.2425,1.2545,1.2491
CMP-2026-0181,ISRO-TRAIN-LOT-2026,21,125.0,HEALTHY,0,11.331,11.54,11.527,11.961,2.375,2.366,2.424,2.48,1.1683,1.1762,1.18,1.2023
CMP-2026-0182,ISRO-TRAIN-LOT-2026,11,125.0,LATENT_DRIFT,1,12.994,21.327,59.517,114.364,3.086,3.486,5.586,12.086,1.0777,1.1577,1.4077,1.9577
CMP-2026-0183,ISRO-TRAIN-LOT-2026,11,125.0,HEALTHY,0,9.46,9.589,9.776,9.647,2.335,2.372,2.465,2.452,1.2397,1.2423,1.2421,1.2749
CMP-2026-0184,ISRO-TRAIN-LOT-2026,1,125.0,HEALTHY,0,10.785,10.972,11.083,11.309,2.758,2.81,2.8,2.838,1.2753,1.286,1.2992,1.3145
CMP-2026-0185,ISRO-TRAIN-LOT-2026,24,125.0,HEALTHY,0,11.886,11.916,12.375,12.547,2.22,2.225,2.275,2.317,1.2143,1.2111,1.2293,1.2562
CMP-2026-0186,ISRO-TRAIN-LOT-2026,12,125.0,HEALTHY,0,12.53,12.698,12.416,13.015,2.267,2.334,2.244,2.284,1.1213,1.1198,1.1338,1.1391
CMP-2026-0187,ISRO-TRAIN-LOT-2026,19,125.0,HEALTHY,0,12.366,12.533,13.112,13.115,2.902,2.971,3.026,3.061,1.1228,1.1341,1.1391,1.1495
CMP-2026-0188,ISRO-TRAIN-LOT-2026,8,125.0,HEALTHY,0,9.948,10.326,10.794,11.206,1.963,1.985,2.052,2.068,1.1697,1.1669,1.1893,1.2216
CMP-2026-0189,ISRO-TRAIN-LOT-2026,14,125.0,HEALTHY,0,9.678,10.121,10.652,11.033,2.27,2.319,2.434,2.348,1.2033,1.2125,1.2208,1.2436
CMP-2026-0190,ISRO-TRAIN-LOT-2026,24,125.0,HEALTHY,0,9.718,9.724,9.956,10.233,1.911,1.939,1.999,1.96,1.2232,1.2319,1.2356,1.2463
CMP-2026-0191,ISRO-TRAIN-LOT-2026,23,125.0,HEALTHY,0,10.218,10.615,10.807,11.237,2.589,2.634,2.644,2.745,1.1814,1.1836,1.2023,1.2157
CMP-2026-0192,ISRO-TRAIN-LOT-2026,22,125.0,HEALTHY,0,9.944,10.219,10.413,10.222,2.291,2.341,2.35,2.335,1.2826,1.2874,1.2958,1.3144
CMP-2026-0193,ISRO-TRAIN-LOT-2026,13,125.0,HEALTHY,0,10.269,10.529,11.097,11.177,2.46,2.49,2.542,2.587,1.3385,1.3354,1.3561,1.3692
CMP-2026-0194,ISRO-TRAIN-LOT-2026,3,125.0,HEALTHY,0,10.153,10.297,10.424,10.749,2.42,2.473,2.493,2.462,1.2428,1.2418,1.2569,1.2685
CMP-2026-0195,ISRO-TRAIN-LOT-2026,9,125.0,HEALTHY,0,9.351,9.57,9.689,10.132,2.936,2.951,2.973,3.02,1.1525,1.1565,1.173,1.1865
CMP-2026-0196,ISRO-TRAIN-LOT-2026,23,125.0,HEALTHY,0,8.834,8.847,9.298,9.264,2.377,2.415,2.528,2.545,1.1961,1.2079,1.2122,1.2165
CMP-2026-0197,ISRO-TRAIN-LOT-2026,18,125.0,HEALTHY,0,12.693,12.949,13.36,13.579,2.411,2.475,2.47,2.492,1.2451,1.2518,1.2529,1.2672
CMP-2026-0198,ISRO-TRAIN-LOT-2026,2,125.0,HEALTHY,0,11.283,11.373,11.784,11.936,2.67,2.743,2.715,2.766,1.1779,1.1818,1.1937,1.2116
CMP-2026-0199,ISRO-TRAIN-LOT-2026,3,125.0,HEALTHY,0,10.934,11.142,11.497,11.64,2.337,2.372,2.431,2.444,1.3149,1.308,1.3269,1.3399
CMP-2026-0200,ISRO-TRAIN-LOT-2026,17,125.0,HEALTHY,0,12.503,12.87,13.054,13.125,2.465,2.507,2.527,2.678,1.2282,1.23,1.2637,1.2723
CMP-2026-0201,ISRO-TRAIN-LOT-2026,19,125.0,HEALTHY,0,10.622,10.967,11.15,11.582,2.47,2.503,2.615,2.565,1.2575,1.259,1.2461,1.3025
CMP-2026-0202,ISRO-TRAIN-LOT-2026,3,125.0,HEALTHY,0,10.484,10.788,10.96,11.01,2.37,2.387,2.484,2.46,1.1905,1.1988,1.1985,1.2283
CMP-2026-0203,ISRO-TRAIN-LOT-2026,25,125.0,HEALTHY,0,10.404,10.737,11.304,11.542,2.51,2.515,2.591,2.494,1.3209,1.3167,1.3429,1.3539
CMP-2026-0204,ISRO-TRAIN-LOT-2026,16,125.0,HEALTHY,0,12.21,12.604,12.964,12.903,2.25,2.274,2.317,2.294,1.1298,1.1285,1.1301,1.1752
CMP-2026-0205,ISRO-TRAIN-LOT-2026,7,125.0,HEALTHY,0,11.481,11.556,11.915,12.133,2.465,2.52,2.598,2.598,1.2676,1.2672,1.2831,1.2807
CMP-2026-0206,ISRO-TRAIN-LOT-2026,11,125.0,HEALTHY,0,11.063,11.246,11.617,12.198,2.684,2.708,2.697,2.839,1.236,1.2293,1.2437,1.2472
CMP-2026-0207,ISRO-TRAIN-LOT-2026,23,125.0,HEALTHY,0,9.872,10.124,10.153,10.393,2.072,2.142,2.187,2.239,1.1943,1.2037,1.1916,1.2345
CMP-2026-0208,ISRO-TRAIN-LOT-2026,21,125.0,HEALTHY,0,11.817,11.985,12.045,12.188,2.384,2.409,2.446,2.52,1.1364,1.1436,1.1481,1.1513
CMP-2026-0209,ISRO-TRAIN-LOT-2026,17,125.0,HEALTHY,0,11.438,11.495,11.929,11.627,2.713,2.758,2.747,2.889,1.2045,1.2113,1.223,1.2255
CMP-2026-0210,ISRO-TRAIN-LOT-2026,21,125.0,HEALTHY,0,13.516,13.556,13.757,13.718,2.583,2.621,2.654,2.653,1.1876,1.1738,1.2035,1.2454
CMP-2026-0211,ISRO-TRAIN-LOT-2026,2,125.0,HEALTHY,0,9.128,9.454,10.063,9.706,3.061,3.099,3.127,3.079,1.2025,1.209,1.2074,1.2408
CMP-2026-0212,ISRO-TRAIN-LOT-2026,15,125.0,HEALTHY,0,12.245,12.484,13.066,13.039,2.448,2.467,2.447,2.502,1.2072,1.2025,1.2178,1.2427
CMP-2026-0213,ISRO-TRAIN-LOT-2026,23,125.0,HEALTHY,0,9.846,9.996,10.266,10.782,3.123,3.097,3.203,3.167,1.0923,1.1017,1.1159,1.1198
CMP-2026-0214,ISRO-TRAIN-LOT-2026,8,125.0,HEALTHY,0,10.178,10.17,10.371,10.584,2.893,2.929,2.95,3.009,1.2189,1.2203,1.2234,1.2359
CMP-2026-0215,ISRO-TRAIN-LOT-2026,9,125.0,HEALTHY,0,10.585,10.648,11.218,10.978,2.27,2.288,2.347,2.347,1.2018,1.2052,1.222,1.2311
CMP-2026-0216,ISRO-TRAIN-LOT-2026,17,125.0,HEALTHY,0,10.967,11.178,11.704,11.718,2.31,2.393,2.345,2.418,1.0128,1.0103,1.0208,1.0519
CMP-2026-0217,ISRO-TRAIN-LOT-2026,1,125.0,HEALTHY,0,8.557,8.769,9.282,9.159,2.718,2.762,2.81,2.783,1.1645,1.17,1.1857,1.1825
CMP-2026-0218,ISRO-TRAIN-LOT-2026,13,125.0,LATENT_PAT_OUTLIER,1,42.091,44.278,46.024,48.147,8.222,9.022,10.222,12.022,1.43,1.48,1.56,1.68
CMP-2026-0219,ISRO-TRAIN-LOT-2026,9,125.0,HEALTHY,0,9.201,9.297,9.533,9.599,2.216,2.273,2.228,2.32,1.2194,1.2215,1.2161,1.2333
CMP-2026-0220,ISRO-TRAIN-LOT-2026,8,125.0,HEALTHY,0,9.71,9.9,10.085,10.476,2.534,2.593,2.629,2.629,1.2238,1.2236,1.2495,1.2621
CMP-2026-0221,ISRO-TRAIN-LOT-2026,17,125.0,HEALTHY,0,9.42,9.758,10.178,10.238,2.927,2.981,2.982,3.051,1.3437,1.35,1.3472,1.3782
CMP-2026-0222,ISRO-TRAIN-LOT-2026,7,125.0,HEALTHY,0,11.192,11.281,11.325,12.284,2.328,2.434,2.469,2.457,1.214,1.2256,1.2264,1.2506
CMP-2026-0223,ISRO-TRAIN-LOT-2026,14,125.0,HEALTHY,0,10.863,11.156,11.486,11.726,2.453,2.501,2.55,2.58,1.0608,1.0548,1.0779,1.0719
CMP-2026-0224,ISRO-TRAIN-LOT-2026,8,125.0,HEALTHY,0,8.01,8.262,8.303,8.89,2.324,2.358,2.327,2.499,1.2053,1.2114,1.2035,1.2493
CMP-2026-0225,ISRO-TRAIN-LOT-2026,8,125.0,HEALTHY,0,9.668,10.005,10.366,10.812,1.982,1.972,2.085,2.051,1.1925,1.1924,1.2049,1.2145
CMP-2026-0226,ISRO-TRAIN-LOT-2026,21,125.0,HEALTHY,0,10.862,10.968,11.391,11.566,2.389,2.409,2.495,2.572,0.9663,0.9761,0.9828,1.0074
CMP-2026-0227,ISRO-TRAIN-LOT-2026,4,125.0,HEALTHY,0,8.647,8.913,9.041,9.341,2.186,2.245,2.229,2.286,1.0916,1.0946,1.1063,1.1243
CMP-2026-0228,ISRO-TRAIN-LOT-2026,12,125.0,LATENT_DRIFT,1,12.02,19.068,50.717,97.444,2.603,3.003,5.103,11.603,1.2009,1.2809,1.5309,2.0809
CMP-2026-0229,ISRO-TRAIN-LOT-2026,9,125.0,HEALTHY,0,11.284,11.535,11.691,12.046,2.798,2.88,2.852,2.877,1.1025,1.0923,1.1089,1.1343
CMP-2026-0230,ISRO-TRAIN-LOT-2026,12,125.0,HEALTHY,0,11.774,11.948,12.1,12.165,2.738,2.768,2.871,2.893,1.0862,1.0837,1.1031,1.1248
CMP-2026-0231,ISRO-TRAIN-LOT-2026,13,125.0,HEALTHY,0,9.215,9.608,9.565,10.732,2.132,2.203,2.251,2.258,1.1842,1.1974,1.1897,1.2058
CMP-2026-0232,ISRO-TRAIN-LOT-2026,16,125.0,HEALTHY,0,11.606,11.882,12.124,12.014,2.686,2.742,2.777,2.789,1.1547,1.1511,1.1649,1.1847
CMP-2026-0233,ISRO-TRAIN-LOT-2026,18,125.0,HEALTHY,0,10.612,11.03,11.396,11.459,2.195,2.238,2.29,2.259,1.2025,1.2018,1.222,1.2345
CMP-2026-0234,ISRO-TRAIN-LOT-2026,19,125.0,HEALTHY,0,10.931,11.128,11.29,11.458,2.73,2.791,2.766,2.794,1.2517,1.2609,1.2766,1.2663
CMP-2026-0235,ISRO-TRAIN-LOT-2026,16,125.0,LATENT_DRIFT,1,13.323,19.362,46.937,87.043,2.623,3.023,5.123,11.623,1.2663,1.3463,1.5963,2.1463
CMP-2026-0236,ISRO-TRAIN-LOT-2026,23,125.0,HEALTHY,0,12.563,12.866,12.821,12.945,2.633,2.727,2.726,2.687,1.2615,1.2714,1.2742,1.2963
CMP-2026-0237,ISRO-TRAIN-LOT-2026,6,125.0,HEALTHY,0,11.098,11.377,11.579,11.74,2.647,2.681,2.742,2.762,1.2269,1.2314,1.231,1.2644
CMP-2026-0238,ISRO-TRAIN-LOT-2026,3,125.0,HEALTHY,0,11.227,11.369,11.905,12.085,2.892,2.935,2.968,3.02,1.2163,1.2126,1.2158,1.2558
CMP-2026-0239,ISRO-TRAIN-LOT-2026,7,125.0,HEALTHY,0,9.788,9.885,10.602,11.027,3.102,3.105,3.187,3.27,1.1029,1.1097,1.1206,1.1386
CMP-2026-0240,ISRO-TRAIN-LOT-2026,11,125.0,HEALTHY,0,11.458,11.635,11.858,11.858,2.324,2.392,2.46,2.415,1.1072,1.1024,1.1089,1.1396
CMP-2026-0241,ISRO-TRAIN-LOT-2026,2,125.0,HEALTHY,0,8.661,9.051,9.557,9.841,2.866,2.89,2.998,2.958,1.1669,1.1681,1.1811,1.1941
CMP-2026-0242,ISRO-TRAIN-LOT-2026,3,125.0,HEALTHY,0,9.738,10.16,10.486,10.464,2.361,2.329,2.416,2.524,1.1927,1.1991,1.209,1.2232
CMP-2026-0243,ISRO-TRAIN-LOT-2026,6,125.0,HEALTHY,0,9.897,10.121,10.817,10.722,2.277,2.295,2.367,2.393,1.1923,1.1935,1.2052,1.2131
CMP-2026-0244,ISRO-TRAIN-LOT-2026,4,125.0,HEALTHY,0,9.019,9.23,9.696,10.099,2.125,2.17,2.24,2.218,1.0764,1.0805,1.0976,1.1127
CMP-2026-0245,ISRO-TRAIN-LOT-2026,11,125.0,HEALTHY,0,11.325,11.569,12.123,11.993,2.443,2.429,2.502,2.487,1.1779,1.1842,1.1874,1.1988
CMP-2026-0246,ISRO-TRAIN-LOT-2026,20,125.0,HEALTHY,0,10.672,10.736,11.223,11.274,2.632,2.732,2.706,2.733,1.2405,1.2471,1.2488,1.2664
CMP-2026-0247,ISRO-TRAIN-LOT-2026,6,125.0,HEALTHY,0,11.208,11.448,11.56,12.473,2.756,2.762,2.885,2.906,1.117,1.1189,1.1287,1.1602
CMP-2026-0248,ISRO-TRAIN-LOT-2026,13,125.0,HEALTHY,0,11.752,12.242,12.449,12.597,2.226,2.24,2.318,2.317,1.2868,1.2896,1.283,1.3285
CMP-2026-0249,ISRO-TRAIN-LOT-2026,19,125.0,HEALTHY,0,11.48,11.676,12.014,12.326,2.091,2.124,2.145,2.221,1.1456,1.1421,1.1497,1.1658
CMP-2026-0250,ISRO-TRAIN-LOT-2026,13,125.0,HEALTHY,0,12.651,13.109,13.199,13.208,2.379,2.395,2.44,2.492,1.2039,1.2076,1.2138,1.2188
CMP-2026-0251,ISRO-TRAIN-LOT-2026,18,125.0,HEALTHY,0,10.654,10.821,10.966,11.243,2.501,2.505,2.578,2.585,1.3284,1.3278,1.3456,1.3694
CMP-2026-0252,ISRO-TRAIN-LOT-2026,16,125.0,HEALTHY,0,9.817,10.189,10.296,10.906,2.75,2.746,2.802,2.821,1.2383,1.2376,1.253,1.2821
CMP-2026-0253,ISRO-TRAIN-LOT-2026,22,125.0,HEALTHY,0,12.031,12.358,12.996,13.085,2.342,2.385,2.408,2.396,1.1314,1.1272,1.1563,1.1614
CMP-2026-0254,ISRO-TRAIN-LOT-2026,4,125.0,HEALTHY,0,9.283,9.592,10.072,9.979,2.359,2.415,2.452,2.496,1.1417,1.1378,1.1691,1.1679
CMP-2026-0255,ISRO-TRAIN-LOT-2026,24,125.0,HEALTHY,0,11.484,11.684,11.883,12.178,2.771,2.846,2.863,2.908,1.2142,1.2058,1.2342,1.257
CMP-2026-0256,ISRO-TRAIN-LOT-2026,10,125.0,HEALTHY,0,8.819,8.784,9.136,9.281,2.158,2.176,2.23,2.279,1.2382,1.2333,1.257,1.268
CMP-2026-0257,ISRO-TRAIN-LOT-2026,4,125.0,HEALTHY,0,10.014,10.491,10.788,10.902,2.212,2.257,2.294,2.423,1.449,1.4503,1.4694,1.4779
CMP-2026-0258,ISRO-TRAIN-LOT-2026,9,125.0,HEALTHY,0,9.349,9.791,9.974,10.347,2.35,2.387,2.449,2.419,1.2103,1.2101,1.2156,1.2457
CMP-2026-0259,ISRO-TRAIN-LOT-2026,23,125.0,HEALTHY,0,10.276,10.396,10.425,10.538,2.455,2.46,2.575,2.597,1.2191,1.2246,1.2289,1.2419
CMP-2026-0260,ISRO-TRAIN-LOT-2026,25,125.0,HEALTHY,0,11.066,11.418,11.814,12.034,2.798,2.837,2.926,2.871,1.2351,1.2357,1.2545,1.255
CMP-2026-0261,ISRO-TRAIN-LOT-2026,8,125.0,HEALTHY,0,9.503,9.655,9.845,9.932,2.633,2.679,2.76,2.666,1.061,1.0616,1.064,1.0916
CMP-2026-0262,ISRO-TRAIN-LOT-2026,23,125.0,HEALTHY,0,11.281,11.429,11.899,12.091,2.47,2.465,2.527,2.624,1.2221,1.2304,1.2393,1.2482
CMP-2026-0263,ISRO-TRAIN-LOT-2026,22,125.0,HEALTHY,0,13.205,13.399,13.844,13.927,2.421,2.444,2.55,2.611,1.266,1.2749,1.2755,1.3001
CMP-2026-0264,ISRO-TRAIN-LOT-2026,18,125.0,HEALTHY,0,11.803,12.013,12.393,12.789,2.8,2.795,2.861,2.898,1.0587,1.0571,1.0725,1.1093
CMP-2026-0265,ISRO-TRAIN-LOT-2026,22,125.0,HEALTHY,0,10.732,10.817,11.304,11.385,2.833,2.903,2.954,2.891,1.0472,1.0475,1.0574,1.0697
CMP-2026-0266,ISRO-TRAIN-LOT-2026,24,125.0,HEALTHY,0,11.371,11.488,11.733,11.753,2.47,2.549,2.532,2.541,1.2698,1.275,1.2851,1.3123
CMP-2026-0267,ISRO-TRAIN-LOT-2026,5,125.0,GROSS_OUTLIER,1,74.875,81.447,87.132,113.861,22.215,25.215,30.215,38.215,3.5782,3.7782,4.1782,4.7782
CMP-2026-0268,ISRO-TRAIN-LOT-2026,18,125.0,HEALTHY,0,11.301,11.436,11.743,11.882,2.947,2.971,3.052,2.996,1.163,1.1743,1.18,1.1995
CMP-2026-0269,ISRO-TRAIN-LOT-2026,19,125.0,HEALTHY,0,9.86,10.122,10.285,10.404,2.877,2.956,2.985,3.055,1.2644,1.2663,1.2836,1.3007
CMP-2026-0270,ISRO-TRAIN-LOT-2026,20,125.0,HEALTHY,0,10.432,10.609,10.532,10.857,2.56,2.602,2.616,2.645,1.2758,1.2703,1.2856,1.3089
CMP-2026-0271,ISRO-TRAIN-LOT-2026,19,125.0,HEALTHY,0,10.565,10.775,10.895,11.122,2.75,2.77,2.875,2.79,1.2352,1.2442,1.2595,1.253
CMP-2026-0272,ISRO-TRAIN-LOT-2026,8,125.0,HEALTHY,0,11.801,12.032,12.342,13.059,2.298,2.344,2.358,2.392,1.1162,1.1192,1.1221,1.126
CMP-2026-0273,ISRO-TRAIN-LOT-2026,4,125.0,HEALTHY,0,11.077,11.227,11.353,11.604,2.162,2.174,2.24,2.216,1.164,1.1682,1.1643,1.2024
CMP-2026-0274,ISRO-TRAIN-LOT-2026,3,125.0,HEALTHY,0,10.722,10.887,11.324,11.319,2.66,2.706,2.68,2.732,1.2521,1.2498,1.271,1.2919
CMP-2026-0275,ISRO-TRAIN-LOT-2026,13,125.0,HEALTHY,0,11.211,11.257,11.911,11.702,2.671,2.739,2.681,2.747,1.2635,1.272,1.2775,1.3018
CMP-2026-0276,ISRO-TRAIN-LOT-2026,24,125.0,HEALTHY,0,11.032,11.031,11.551,11.784,2.313,2.331,2.426,2.352,1.1353,1.1309,1.1521,1.1796
CMP-2026-0277,ISRO-TRAIN-LOT-2026,21,125.0,HEALTHY,0,12.403,12.594,13.202,12.842,2.375,2.375,2.517,2.558,1.0983,1.0971,1.1059,1.1269
CMP-2026-0278,ISRO-TRAIN-LOT-2026,6,125.0,LATENT_DRIFT,1,11.546,18.194,48.302,92.323,2.448,2.848,4.948,11.448,1.1666,1.2466,1.4966,2.0466
CMP-2026-0279,ISRO-TRAIN-LOT-2026,22,125.0,HEALTHY,0,10.54,10.568,10.985,10.805,2.651,2.683,2.765,2.719,1.1752,1.1661,1.1882,1.2074
CMP-2026-0280,ISRO-TRAIN-LOT-2026,10,125.0,HEALTHY,0,9.085,9.409,9.427,9.606,2.123,2.157,2.235,2.18,1.2025,1.2045,1.2197,1.2259
CMP-2026-0281,ISRO-TRAIN-LOT-2026,3,125.0,HEALTHY,0,9.5,9.58,9.805,9.737,2.902,2.866,2.936,3.053,1.2209,1.2224,1.241,1.2658
CMP-2026-0282,ISRO-TRAIN-LOT-2026,23,125.0,LATENT_PAT_OUTLIER,1,39.051,41.041,43.803,45.867,10.28,11.08,12.28,14.08,1.6103,1.6603,1.7403,1.8603
CMP-2026-0283,ISRO-TRAIN-LOT-2026,6,125.0,HEALTHY,0,10.53,10.811,10.921,11.151,2.554,2.611,2.607,2.649,1.1758,1.1735,1.1838,1.2119
CMP-2026-0284,ISRO-TRAIN-LOT-2026,22,125.0,HEALTHY,0,10.608,10.732,10.896,11.439,2.729,2.77,2.851,2.759,1.2586,1.2546,1.2651,1.2979
CMP-2026-0285,ISRO-TRAIN-LOT-2026,25,125.0,LATENT_PAT_OUTLIER,1,42.636,44.604,47.51,51.891,7.031,7.831,9.031,10.831,1.4383,1.4883,1.5683,1.6883
CMP-2026-0286,ISRO-TRAIN-LOT-2026,15,125.0,HEALTHY,0,11.909,12.242,12.682,12.83,2.224,2.233,2.307,2.261,1.1952,1.1914,1.2053,1.2346
CMP-2026-0287,ISRO-TRAIN-LOT-2026,11,125.0,HEALTHY,0,10.586,10.621,11.205,11.122,2.447,2.508,2.501,2.517,1.3304,1.3233,1.3548,1.3501
CMP-2026-0288,ISRO-TRAIN-LOT-2026,12,125.0,HEALTHY,0,11.449,11.432,12.038,11.531,2.839,2.853,2.888,2.831,1.164,1.1618,1.176,1.1933
CMP-2026-0289,ISRO-TRAIN-LOT-2026,2,125.0,HEALTHY,0,8.123,8.389,8.758,8.91,2.808,2.859,2.844,2.919,1.0945,1.0982,1.1113,1.128
CMP-2026-0290,ISRO-TRAIN-LOT-2026,10,125.0,HEALTHY,0,10.258,10.51,10.834,10.465,2.778,2.836,2.86,2.842,1.0652,1.0641,1.0623,1.0903
CMP-2026-0291,ISRO-TRAIN-LOT-2026,12,125.0,HEALTHY,0,10.642,10.783,11.205,11.354,2.424,2.412,2.534,2.576,1.21,1.2061,1.2248,1.2397
CMP-2026-0292,ISRO-TRAIN-LOT-2026,21,125.0,HEALTHY,0,10.455,10.511,10.855,10.874,2.438,2.458,2.479,2.504,1.1766,1.1773,1.1852,1.2178
CMP-2026-0293,ISRO-TRAIN-LOT-2026,19,125.0,HEALTHY,0,9.451,9.664,10.141,10.169,3.139,3.127,3.233,3.245,1.292,1.2996,1.3154,1.2865
CMP-2026-0294,ISRO-TRAIN-LOT-2026,4,125.0,HEALTHY,0,8.548,8.866,9.465,9.063,2.238,2.262,2.272,2.407,1.0826,1.0808,1.0928,1.1065
CMP-2026-0295,ISRO-TRAIN-LOT-2026,15,125.0,HEALTHY,0,11.511,11.454,12.08,11.757,2.67,2.697,2.738,2.807,1.2638,1.262,1.2613,1.2922
CMP-2026-0296,ISRO-TRAIN-LOT-2026,16,125.0,HEALTHY,0,10.817,10.843,11.072,11.14,2.13,2.216,2.196,2.252,1.2993,1.3041,1.3086,1.3397
CMP-2026-0297,ISRO-TRAIN-LOT-2026,17,125.0,HEALTHY,0,11.841,12.074,12.461,12.347,2.382,2.377,2.409,2.501,1.2044,1.2094,1.2041,1.2371
CMP-2026-0298,ISRO-TRAIN-LOT-2026,18,125.0,HEALTHY,0,11.287,11.514,12.025,11.946,2.289,2.276,2.288,2.47,1.0791,1.0731,1.0956,1.1005
CMP-2026-0299,ISRO-TRAIN-LOT-2026,8,125.0,HEALTHY,0,10.915,11.229,11.139,11.23,2.283,2.335,2.341,2.407,1.1076,1.1115,1.1262,1.1315
CMP-2026-0300,ISRO-TRAIN-LOT-2026,15,125.0,HEALTHY,0,13.723,14.003,14.103,14.379,2.494,2.56,2.557,2.643,1.2267,1.2276,1.232,1.2554
CMP-2026-0301,ISRO-TRAIN-LOT-2026,7,125.0,HEALTHY,0,11.048,11.43,11.798,12.086,2.377,2.409,2.447,2.479,1.2058,1.2031,1.2248,1.23
CMP-2026-0302,ISRO-TRAIN-LOT-2026,22,125.0,HEALTHY,0,10.416,10.536,10.987,10.928,2.682,2.768,2.79,2.72,1.2679,1.2672,1.2712,1.2961
CMP-2026-0303,ISRO-TRAIN-LOT-2026,7,125.0,HEALTHY,0,11.228,11.403,11.73,12.326,2.508,2.568,2.602,2.615,1.2873,1.2875,1.3086,1.3168
CMP-2026-0304,ISRO-TRAIN-LOT-2026,23,125.0,HEALTHY,0,9.852,10.178,10.557,10.925,2.529,2.588,2.619,2.706,1.0723,1.0792,1.0941,1.1136
CMP-2026-0305,ISRO-TRAIN-LOT-2026,16,125.0,HEALTHY,0,11.346,11.644,11.933,12.129,3.023,2.968,3.142,3.132,1.2042,1.2029,1.2418,1.2463
CMP-2026-0306,ISRO-TRAIN-LOT-2026,16,125.0,HEALTHY,0,11.578,11.867,12.422,12.572,2.43,2.456,2.459,2.629,1.3464,1.3495,1.3517,1.388
CMP-2026-0307,ISRO-TRAIN-LOT-2026,7,125.0,HEALTHY,0,12.362,12.546,12.626,12.604,2.216,2.244,2.263,2.315,1.1349,1.1343,1.1398,1.1658
CMP-2026-0308,ISRO-TRAIN-LOT-2026,12,125.0,HEALTHY,0,11.234,11.343,11.882,12.011,2.476,2.519,2.524,2.612,1.3137,1.3095,1.3219,1.3349
CMP-2026-0309,ISRO-TRAIN-LOT-2026,2,125.0,HEALTHY,0,10.636,10.938,11.064,11.699,2.812,2.873,2.859,2.888,1.2336,1.2396,1.2381,1.2597
CMP-2026-0310,ISRO-TRAIN-LOT-2026,22,125.0,HEALTHY,0,9.186,9.431,9.629,9.472,2.447,2.451,2.501,2.543,1.3308,1.3357,1.3481,1.355
CMP-2026-0311,ISRO-TRAIN-LOT-2026,13,125.0,HEALTHY,0,9.608,9.973,10.278,10.414,2.779,2.821,2.882,2.889,1.187,1.187,1.2024,1.2129
CMP-2026-0312,ISRO-TRAIN-LOT-2026,3,125.0,HEALTHY,0,8.796,8.973,9.527,9.61,2.308,2.314,2.395,2.496,1.1902,1.1942,1.1922,1.2284
CMP-2026-0313,ISRO-TRAIN-LOT-2026,8,125.0,HEALTHY,0,11.481,11.784,12.033,12.354,2.903,2.925,2.984,3.029,1.133,1.139,1.1478,1.1465
CMP-2026-0314,ISRO-TRAIN-LOT-2026,1,125.0,HEALTHY,0,8.488,8.584,9.212,9.407,2.21,2.268,2.293,2.365,1.2486,1.2422,1.2609,1.2872
CMP-2026-0315,ISRO-TRAIN-LOT-2026,24,125.0,HEALTHY,0,10.71,10.98,11.418,11.969,2.782,2.838,2.773,2.857,1.1657,1.169,1.1759,1.1919
CMP-2026-0316,ISRO-TRAIN-LOT-2026,15,125.0,HEALTHY,0,12.229,12.398,12.623,12.557,2.526,2.514,2.624,2.664,1.1988,1.1998,1.2173,1.2268
CMP-2026-0317,ISRO-TRAIN-LOT-2026,17,125.0,HEALTHY,0,12.064,12.417,12.596,12.662,2.705,2.694,2.813,2.743,1.0858,1.0926,1.1006,1.1257
CMP-2026-0318,ISRO-TRAIN-LOT-2026,22,125.0,HEALTHY,0,11.608,11.863,12.342,12.418,2.39,2.417,2.473,2.595,1.0256,1.0215,1.0294,1.0572
CMP-2026-0319,ISRO-TRAIN-LOT-2026,15,125.0,HEALTHY,0,12.405,12.648,13.082,13.202,2.214,2.223,2.258,2.34,1.3199,1.323,1.3487,1.3462
CMP-2026-0320,ISRO-TRAIN-LOT-2026,17,125.0,LATENT_DRIFT,1,12.144,17.579,41.795,76.855,2.623,3.023,5.123,11.623,1.2775,1.3575,1.6075,2.1575
CMP-2026-0321,ISRO-TRAIN-LOT-2026,21,125.0,HEALTHY,0,10.054,10.209,10.436,10.422,2.474,2.49,2.52,2.567,1.2024,1.1976,1.203,1.2089
CMP-2026-0322,ISRO-TRAIN-LOT-2026,2,125.0,HEALTHY,0,10.333,10.673,10.738,10.594,1.964,1.975,2.023,2.035,1.2881,1.2852,1.2905,1.3023
CMP-2026-0323,ISRO-TRAIN-LOT-2026,7,125.0,HEALTHY,0,10.105,10.307,10.526,10.851,2.923,2.978,3.057,3.05,1.2439,1.2448,1.2522,1.2625
CMP-2026-0324,ISRO-TRAIN-LOT-2026,14,125.0,HEALTHY,0,9.638,9.975,9.932,10.015,2.692,2.689,2.759,2.782,1.0914,1.0902,1.1005,1.1193
CMP-2026-0325,ISRO-TRAIN-LOT-2026,1,125.0,HEALTHY,0,11.109,11.278,11.613,11.525,2.306,2.359,2.405,2.479,1.2326,1.2393,1.2291,1.2471
CMP-2026-0326,ISRO-TRAIN-LOT-2026,1,125.0,HEALTHY,0,10.161,10.413,10.38,10.885,3.19,3.228,3.261,3.301,1.208,1.2104,1.2211,1.2332
CMP-2026-0327,ISRO-TRAIN-LOT-2026,10,125.0,HEALTHY,0,12.093,12.25,12.561,12.807,2.548,2.616,2.663,2.63,1.2638,1.2672,1.2907,1.3155
CMP-2026-0328,ISRO-TRAIN-LOT-2026,11,125.0,HEALTHY,0,10.105,10.212,10.472,10.989,2.232,2.33,2.292,2.356,1.2996,1.2958,1.3092,1.3227
CMP-2026-0329,ISRO-TRAIN-LOT-2026,16,125.0,HEALTHY,0,8.414,8.548,9.164,9.31,2.576,2.583,2.6,2.713,1.1508,1.1548,1.1555,1.1758
CMP-2026-0330,ISRO-TRAIN-LOT-2026,24,125.0,HEALTHY,0,9.757,9.793,9.977,10.208,2.39,2.416,2.441,2.543,1.2079,1.2093,1.2319,1.2272
CMP-2026-0331,ISRO-TRAIN-LOT-2026,23,125.0,HEALTHY,0,9.48,9.738,9.979,10.292,2.842,2.862,2.912,2.857,1.2095,1.2126,1.2289,1.2453
CMP-2026-0332,ISRO-TRAIN-LOT-2026,15,125.0,HEALTHY,0,11.548,11.617,11.802,12.406,2.188,2.226,2.243,2.279,1.101,1.1028,1.105,1.1439
CMP-2026-0333,ISRO-TRAIN-LOT-2026,15,125.0,HEALTHY,0,10.11,10.225,10.503,10.432,2.633,2.694,2.682,2.786,1.2455,1.2441,1.2733,1.2754
CMP-2026-0334,ISRO-TRAIN-LOT-2026,8,125.0,HEALTHY,0,11.286,11.478,11.814,11.902,2.756,2.827,2.779,2.92,1.223,1.2237,1.2399,1.259
CMP-2026-0335,ISRO-TRAIN-LOT-2026,8,125.0,HEALTHY,0,11.725,12.138,12.113,12.599,2.862,2.899,2.933,2.924,1.2006,1.1928,1.2247,1.2425
CMP-2026-0336,ISRO-TRAIN-LOT-2026,25,125.0,HEALTHY,0,10.945,11.107,11.366,11.452,2.607,2.594,2.688,2.708,1.203,1.2115,1.2114,1.2292
CMP-2026-0337,ISRO-TRAIN-LOT-2026,10,125.0,HEALTHY,0,8.686,8.983,8.864,9.045,2.51,2.555,2.67,2.606,1.223,1.229,1.234,1.2623
CMP-2026-0338,ISRO-TRAIN-LOT-2026,5,125.0,HEALTHY,0,10.816,11.023,11.414,11.367,2.871,2.886,2.908,2.985,1.1728,1.1758,1.1955,1.1932
CMP-2026-0339,ISRO-TRAIN-LOT-2026,17,125.0,HEALTHY,0,12.523,12.728,13.139,13.251,2.797,2.816,2.854,2.84,1.0586,1.0487,1.0707,1.0922
CMP-2026-0340,ISRO-TRAIN-LOT-2026,24,125.0,HEALTHY,0,12.374,12.791,13.325,13.046,1.955,1.971,2.043,2.002,1.0682,1.0793,1.0737,1.0973
CMP-2026-0341,ISRO-TRAIN-LOT-2026,23,125.0,HEALTHY,0,11.104,11.3,11.728,12.175,2.771,2.784,2.847,2.849,1.2445,1.2458,1.2579,1.2644
CMP-2026-0342,ISRO-TRAIN-LOT-2026,1,125.0,HEALTHY,0,10.527,10.884,10.797,11.177,2.312,2.415,2.407,2.365,1.2288,1.2259,1.2413,1.2699
CMP-2026-0343,ISRO-TRAIN-LOT-2026,4,125.0,HEALTHY,0,10.447,10.514,10.8,10.822,1.921,1.969,1.961,1.868,1.2497,1.2521,1.258,1.2973
CMP-2026-0344,ISRO-TRAIN-LOT-2026,13,125.0,HEALTHY,0,8.578,8.982,9.402,9.705,2.769,2.845,2.843,2.929,1.2267,1.2337,1.2336,1.2566
CMP-2026-0345,ISRO-TRAIN-LOT-2026,8,125.0,HEALTHY,0,10.093,10.138,10.404,10.787,2.102,2.141,2.202,2.164,1.0713,1.0734,1.0961,1.1136
CMP-2026-0346,ISRO-TRAIN-LOT-2026,10,125.0,HEALTHY,0,11.57,11.802,12.06,12.361,2.462,2.478,2.505,2.551,1.1346,1.1328,1.1391,1.1699
CMP-2026-0347,ISRO-TRAIN-LOT-2026,24,125.0,HEALTHY,0,10.533,10.908,11.167,11.437,2.206,2.234,2.323,2.313,1.186,1.1823,1.1698,1.2084
CMP-2026-0348,ISRO-TRAIN-LOT-2026,19,125.0,HEALTHY,0,11.431,11.53,11.758,12.347,2.093,2.1,2.125,2.202,1.1088,1.1179,1.1368,1.1495
CMP-2026-0349,ISRO-TRAIN-LOT-2026,8,125.0,HEALTHY,0,10.312,10.303,10.791,10.866,2.705,2.767,2.747,2.745,1.1002,1.111,1.1111,1.1092
CMP-2026-0350,ISRO-TRAIN-LOT-2026,8,125.0,HEALTHY,0,10.017,10.083,10.117,10.637,1.682,1.715,1.723,1.831,1.2867,1.2954,1.2918,1.3232
CMP-2026-0351,ISRO-TRAIN-LOT-2026,1,125.0,HEALTHY,0,8.515,8.893,9.325,9.048,2.57,2.583,2.685,2.726,1.2721,1.2662,1.2825,1.2945
CMP-2026-0352,ISRO-TRAIN-LOT-2026,25,125.0,HEALTHY,0,10.535,10.831,10.957,11.42,2.816,2.888,2.789,2.931,1.251,1.2485,1.253,1.2837
CMP-2026-0353,ISRO-TRAIN-LOT-2026,13,125.0,HEALTHY,0,10.15,10.292,10.537,10.543,1.955,1.961,1.952,2.071,1.3068,1.3109,1.315,1.3328
CMP-2026-0354,ISRO-TRAIN-LOT-2026,20,125.0,HEALTHY,0,11.516,11.885,11.946,12.394,2.963,2.991,3.073,3.04,1.2648,1.2599,1.2733,1.2897
CMP-2026-0355,ISRO-TRAIN-LOT-2026,16,125.0,HEALTHY,0,9.941,10.384,10.542,11.022,2.852,2.848,2.806,2.959,1.3034,1.3049,1.3206,1.3352
CMP-2026-0356,ISRO-TRAIN-LOT-2026,5,125.0,GROSS_OUTLIER,1,74.147,78.973,95.048,115.507,16.089,19.089,24.089,32.089,3.8632,4.0632,4.4632,5.0632
CMP-2026-0357,ISRO-TRAIN-LOT-2026,6,125.0,HEALTHY,0,9.447,9.756,9.939,9.984,2.032,2.111,2.018,2.178,1.1461,1.1473,1.1572,1.1656
CMP-2026-0358,ISRO-TRAIN-LOT-2026,14,125.0,HEALTHY,0,10.502,10.658,10.939,11.223,2.517,2.571,2.576,2.591,1.2027,1.2089,1.2158,1.2537
CMP-2026-0359,ISRO-TRAIN-LOT-2026,21,125.0,HEALTHY,0,10.499,10.891,11.111,11.569,2.517,2.552,2.574,2.691,1.0112,1.0173,1.0274,1.0509
CMP-2026-0360,ISRO-TRAIN-LOT-2026,8,125.0,HEALTHY,0,9.084,9.366,9.618,9.758,2.779,2.812,2.811,2.921,1.174,1.178,1.1916,1.1973
CMP-2026-0361,ISRO-TRAIN-LOT-2026,9,125.0,HEALTHY,0,10.737,10.994,11.272,11.53,3.139,3.205,3.174,3.258,1.0934,1.09,1.1106,1.1217
CMP-2026-0362,ISRO-TRAIN-LOT-2026,18,125.0,HEALTHY,0,12.029,12.302,12.887,13.113,2.28,2.308,2.372,2.404,1.1652,1.1655,1.1832,1.1868
CMP-2026-0363,ISRO-TRAIN-LOT-2026,10,125.0,LATENT_PAT_OUTLIER,1,41.839,43.964,46.182,48.91,5.426,6.226,7.426,9.226,1.6586,1.7086,1.7886,1.9086
CMP-2026-0364,ISRO-TRAIN-LOT-2026,23,125.0,HEALTHY,0,11.66,12.014,12.645,12.824,2.907,2.887,2.972,2.961,1.2047,1.2146,1.2139,1.2449
CMP-2026-0365,ISRO-TRAIN-LOT-2026,15,125.0,HEALTHY,0,11.932,12.253,12.548,12.623,2.653,2.659,2.724,2.73,1.1288,1.1304,1.1388,1.1668
CMP-2026-0366,ISRO-TRAIN-LOT-2026,18,125.0,HEALTHY,0,11.384,11.643,11.706,11.891,2.508,2.638,2.588,2.539,1.12,1.1199,1.1323,1.1501
CMP-2026-0367,ISRO-TRAIN-LOT-2026,2,125.0,HEALTHY,0,9.164,9.326,9.742,9.678,2.756,2.747,2.836,2.878,1.2817,1.2777,1.2824,1.3263
CMP-2026-0368,ISRO-TRAIN-LOT-2026,7,125.0,HEALTHY,0,9.096,9.425,10.133,9.64,2.678,2.772,2.691,2.822,1.2483,1.251,1.2604,1.2804
CMP-2026-0369,ISRO-TRAIN-LOT-2026,9,125.0,HEALTHY,0,10.679,10.979,11.272,11.097,2.569,2.628,2.695,2.714,1.2971,1.2995,1.308,1.3211
CMP-2026-0370,ISRO-TRAIN-LOT-2026,18,125.0,HEALTHY,0,10.47,10.756,11.302,11.718,2.766,2.746,2.868,2.907,1.3257,1.3306,1.346,1.3677
CMP-2026-0371,ISRO-TRAIN-LOT-2026,13,125.0,HEALTHY,0,9.958,10.322,10.736,10.905,2.52,2.552,2.571,2.59,1.1588,1.1614,1.1655,1.1951
CMP-2026-0372,ISRO-TRAIN-LOT-2026,1,125.0,HEALTHY,0,10.624,10.928,11.297,11.79,2.747,2.833,2.85,2.894,1.174,1.1685,1.1913,1.2176
CMP-2026-0373,ISRO-TRAIN-LOT-2026,20,125.0,HEALTHY,0,10.122,10.334,10.482,10.603,2.422,2.436,2.508,2.561,1.2792,1.2723,1.2671,1.3039
CMP-2026-0374,ISRO-TRAIN-LOT-2026,2,125.0,HEALTHY,0,9.445,9.541,9.449,9.781,2.607,2.586,2.65,2.795,1.093,1.1028,1.0954,1.1258
CMP-2026-0375,ISRO-TRAIN-LOT-2026,8,125.0,HEALTHY,0,11.389,11.786,11.647,12.178,2.748,2.774,2.872,2.741,1.1539,1.1521,1.1601,1.1868
CMP-2026-0376,ISRO-TRAIN-LOT-2026,9,125.0,HEALTHY,0,10.253,10.391,10.816,11.197,2.476,2.557,2.605,2.581,1.1513,1.1534,1.1608,1.1669
CMP-2026-0377,ISRO-TRAIN-LOT-2026,16,125.0,HEALTHY,0,12.186,12.419,12.523,12.913,2.431,2.47,2.534,2.541,1.1766,1.1722,1.1748,1.1996
CMP-2026-0378,ISRO-TRAIN-LOT-2026,14,125.0,HEALTHY,0,9.801,9.977,10.329,10.375,2.167,2.186,2.193,2.209,1.0947,1.1031,1.1069,1.1296
CMP-2026-0379,ISRO-TRAIN-LOT-2026,7,125.0,HEALTHY,0,10.968,11.244,11.839,11.368,2.516,2.523,2.587,2.622,1.1526,1.1554,1.1576,1.162
CMP-2026-0380,ISRO-TRAIN-LOT-2026,16,125.0,HEALTHY,0,11.859,11.861,12.119,12.122,2.231,2.24,2.292,2.362,1.1535,1.1543,1.1656,1.1795
CMP-2026-0381,ISRO-TRAIN-LOT-2026,19,125.0,HEALTHY,0,8.884,9.079,9.17,9.327,3.184,3.264,3.245,3.201,1.0735,1.0766,1.0767,1.1241
CMP-2026-0382,ISRO-TRAIN-LOT-2026,17,125.0,HEALTHY,0,9.982,10.272,10.613,10.759,2.19,2.199,2.27,2.277,1.1369,1.1434,1.138,1.1719
CMP-2026-0383,ISRO-TRAIN-LOT-2026,2,125.0,HEALTHY,0,10.423,10.878,10.8,10.949,2.754,2.8,2.827,2.836,1.2519,1.2568,1.2586,1.289
CMP-2026-0384,ISRO-TRAIN-LOT-2026,9,125.0,HEALTHY,0,8.039,8.419,8.61,8.889,2.773,2.794,2.816,2.892,1.1227,1.1222,1.1412,1.1534
CMP-2026-0385,ISRO-TRAIN-LOT-2026,13,125.0,LATENT_PAT_OUTLIER,1,45.165,47.617,50.998,54.331,6.177,6.977,8.177,9.977,1.8086,1.8586,1.9386,2.0586
CMP-2026-0386,ISRO-TRAIN-LOT-2026,19,125.0,HEALTHY,0,10.451,10.56,10.798,10.841,3.03,3.058,3.1,3.179,1.1044,1.0996,1.1112,1.1466
CMP-2026-0387,ISRO-TRAIN-LOT-2026,3,125.0,HEALTHY,0,10.927,11.063,11.628,11.767,2.57,2.615,2.611,2.759,1.2536,1.2585,1.2784,1.2876
CMP-2026-0388,ISRO-TRAIN-LOT-2026,25,125.0,HEALTHY,0,11.236,11.371,11.54,11.599,2.444,2.485,2.503,2.512,1.1581,1.1684,1.1652,1.2084
CMP-2026-0389,ISRO-TRAIN-LOT-2026,6,125.0,HEALTHY,0,9.203,9.244,9.626,9.578,2.601,2.62,2.705,2.761,1.241,1.2504,1.2632,1.2794
CMP-2026-0390,ISRO-TRAIN-LOT-2026,15,125.0,HEALTHY,0,10.879,10.998,11.211,11.642,2.365,2.386,2.396,2.448,1.1327,1.1417,1.1305,1.1617
CMP-2026-0391,ISRO-TRAIN-LOT-2026,20,125.0,HEALTHY,0,10.722,11.024,11.689,11.94,2.785,2.777,2.85,2.868,1.0825,1.0811,1.0984,1.0915
CMP-2026-0392,ISRO-TRAIN-LOT-2026,21,125.0,LATENT_DRIFT,1,11.012,18.866,53.876,105.684,2.775,3.175,5.275,11.775,1.2789,1.3589,1.6089,2.1589
CMP-2026-0393,ISRO-TRAIN-LOT-2026,24,125.0,HEALTHY,0,11.934,12.157,12.746,13.331,2.239,2.276,2.238,2.34,1.1052,1.1035,1.118,1.1445
CMP-2026-0394,ISRO-TRAIN-LOT-2026,20,125.0,HEALTHY,0,10.535,10.575,10.829,10.848,2.911,2.925,2.987,2.992,1.1805,1.1849,1.1842,1.1926
CMP-2026-0395,ISRO-TRAIN-LOT-2026,20,125.0,HEALTHY,0,10.321,10.66,10.934,11.564,2.328,2.361,2.411,2.469,1.1911,1.1958,1.2025,1.228
CMP-2026-0396,ISRO-TRAIN-LOT-2026,21,125.0,HEALTHY,0,10.604,11.085,11.183,11.171,2.274,2.27,2.377,2.367,1.1522,1.1494,1.1587,1.1726
CMP-2026-0397,ISRO-TRAIN-LOT-2026,18,125.0,HEALTHY,0,11.769,12.135,12.577,12.81,3.001,3.028,3.089,3.077,1.2567,1.2534,1.2578,1.3061
CMP-2026-0398,ISRO-TRAIN-LOT-2026,25,125.0,HEALTHY,0,10.902,11.137,11.602,12.13,2.078,2.133,2.153,2.125,1.1661,1.1602,1.1617,1.2019
CMP-2026-0399,ISRO-TRAIN-LOT-2026,1,125.0,GROSS_OUTLIER,1,55.123,58.898,73.437,96.555,28.333,31.333,36.333,44.333,2.8581,3.0581,3.4581,4.0581
CMP-2026-0400,ISRO-TRAIN-LOT-2026,13,125.0,GROSS_OUTLIER,1,55.554,63.296,76.485,89.958,30.774,33.774,38.774,46.774,3.5185,3.7185,4.1185,4.7185
CMP-2026-0401,ISRO-TRAIN-LOT-2026,5,125.0,HEALTHY,0,11.471,11.848,11.784,12.223,2.756,2.813,2.827,2.824,1.2152,1.2191,1.2277,1.2653
CMP-2026-0402,ISRO-TRAIN-LOT-2026,20,125.0,HEALTHY,0,11.316,11.67,11.733,11.632,2.436,2.501,2.55,2.485,1.0216,1.0227,1.0169,1.0567
CMP-2026-0403,ISRO-TRAIN-LOT-2026,18,125.0,LATENT_PAT_OUTLIER,1,42.936,45.157,48.012,50.791,7.102,7.902,9.102,10.902,1.5434,1.5934,1.6734,1.7934
CMP-2026-0404,ISRO-TRAIN-LOT-2026,11,125.0,HEALTHY,0,9.275,9.501,9.976,10.061,2.647,2.723,2.681,2.79,1.4001,1.4124,1.3902,1.4269
CMP-2026-0405,ISRO-TRAIN-LOT-2026,19,125.0,HEALTHY,0,12.047,12.272,12.653,12.797,2.204,2.195,2.323,2.285,1.2415,1.2377,1.27,1.2662
CMP-2026-0406,ISRO-TRAIN-LOT-2026,6,125.0,HEALTHY,0,9.357,9.644,9.807,10.069,2.321,2.334,2.467,2.445,1.1324,1.1345,1.1373,1.1664
CMP-2026-0407,ISRO-TRAIN-LOT-2026,25,125.0,HEALTHY,0,11.714,11.964,12.086,12.137,2.495,2.507,2.527,2.654,1.0757,1.0697,1.0886,1.1194
CMP-2026-0408,ISRO-TRAIN-LOT-2026,22,125.0,HEALTHY,0,9.219,9.455,9.688,10.141,2.559,2.622,2.616,2.709,1.1388,1.1404,1.1553,1.1608
CMP-2026-0409,ISRO-TRAIN-LOT-2026,10,125.0,HEALTHY,0,12.446,12.895,13.049,13.41,2.795,2.851,2.844,2.906,1.1247,1.1253,1.1291,1.1564
CMP-2026-0410,ISRO-TRAIN-LOT-2026,6,125.0,HEALTHY,0,8.957,9.274,9.53,9.839,2.46,2.492,2.572,2.566,1.2801,1.2933,1.3075,1.2937
CMP-2026-0411,ISRO-TRAIN-LOT-2026,6,125.0,HEALTHY,0,11.253,11.585,11.815,12.268,2.666,2.717,2.736,2.848,1.2083,1.2196,1.2129,1.2283
CMP-2026-0412,ISRO-TRAIN-LOT-2026,16,125.0,HEALTHY,0,10.834,11.036,11.655,11.709,2.405,2.408,2.452,2.489,1.265,1.2675,1.2942,1.3111
CMP-2026-0413,ISRO-TRAIN-LOT-2026,25,125.0,HEALTHY,0,10.032,10.241,10.615,10.912,2.608,2.624,2.614,2.701,1.0157,1.0205,1.0107,1.0516
CMP-2026-0414,ISRO-TRAIN-LOT-2026,4,125.0,HEALTHY,0,8.624,8.894,9.211,9.828,2.396,2.453,2.475,2.503,1.2091,1.2124,1.2393,1.2204
CMP-2026-0415,ISRO-TRAIN-LOT-2026,16,125.0,HEALTHY,0,11.352,11.633,11.658,12.502,2.206,2.251,2.302,2.306,1.1989,1.2012,1.2147,1.2282
CMP-2026-0416,ISRO-TRAIN-LOT-2026,9,125.0,HEALTHY,0,11.995,12.221,12.359,12.645,2.271,2.305,2.267,2.354,1.3147,1.3148,1.3219,1.3364
CMP-2026-0417,ISRO-TRAIN-LOT-2026,11,125.0,GROSS_OUTLIER,1,57.968,63.023,80.619,105.882,26.114,29.114,34.114,42.114,2.9971,3.1971,3.5971,4.1971
CMP-2026-0418,ISRO-TRAIN-LOT-2026,8,125.0,HEALTHY,0,11.738,11.781,11.828,12.067,2.601,2.609,2.68,2.618,1.0505,1.0504,1.0731,1.0803
CMP-2026-0419,ISRO-TRAIN-LOT-2026,6,125.0,HEALTHY,0,10.091,10.506,11.065,11.009,2.283,2.284,2.397,2.468,1.2484,1.2617,1.2526,1.2888
CMP-2026-0420,ISRO-TRAIN-LOT-2026,15,125.0,GROSS_OUTLIER,1,80.212,88.857,97.567,115.566,28.754,31.754,36.754,44.754,2.877,3.077,3.477,4.077
CMP-2026-0421,ISRO-TRAIN-LOT-2026,8,125.0,HEALTHY,0,11.189,11.517,11.799,11.544,2.425,2.491,2.545,2.452,1.1744,1.1775,1.1885,1.2158
CMP-2026-0422,ISRO-TRAIN-LOT-2026,2,125.0,HEALTHY,0,9.461,9.529,9.925,9.863,2.354,2.367,2.41,2.371,1.1994,1.2112,1.2017,1.2297
CMP-2026-0423,ISRO-TRAIN-LOT-2026,5,125.0,HEALTHY,0,9.855,9.976,10.383,10.59,2.905,2.932,3.029,3.021,1.1548,1.1519,1.1747,1.185
CMP-2026-0424,ISRO-TRAIN-LOT-2026,12,125.0,HEALTHY,0,9.143,9.321,9.734,9.409,2.456,2.512,2.536,2.477,1.3834,1.3826,1.3852,1.4104
CMP-2026-0425,ISRO-TRAIN-LOT-2026,3,125.0,LATENT_PAT_OUTLIER,1,40.695,42.054,44.645,47.01,6.993,7.793,8.993,10.793,1.5995,1.6495,1.7295,1.8495
CMP-2026-0426,ISRO-TRAIN-LOT-2026,4,125.0,HEALTHY,0,10.22,10.36,10.957,11.037,2.183,2.19,2.253,2.393,1.1516,1.1553,1.1646,1.1743
CMP-2026-0427,ISRO-TRAIN-LOT-2026,24,125.0,HEALTHY,0,10.565,10.88,11.265,11.384,1.806,1.863,1.886,1.911,1.133,1.1397,1.1558,1.1681
CMP-2026-0428,ISRO-TRAIN-LOT-2026,7,125.0,HEALTHY,0,8.806,9.037,9.182,9.46,3.072,3.123,3.188,3.152,1.1773,1.173,1.1966,1.2278
CMP-2026-0429,ISRO-TRAIN-LOT-2026,10,125.0,HEALTHY,0,14.313,14.601,14.927,15.085,2.813,2.81,2.876,2.911,1.1951,1.1913,1.2036,1.2306
CMP-2026-0430,ISRO-TRAIN-LOT-2026,4,125.0,HEALTHY,0,10.545,10.977,11.221,11.652,2.343,2.38,2.385,2.406,1.2404,1.2436,1.2427,1.2759
CMP-2026-0431,ISRO-TRAIN-LOT-2026,9,125.0,HEALTHY,0,8.837,9.18,9.911,10.233,3.201,3.238,3.234,3.326,1.2217,1.2286,1.23,1.228
CMP-2026-0432,ISRO-TRAIN-LOT-2026,25,125.0,GROSS_OUTLIER,1,82.916,87.716,97.5,114.543,32.557,35.557,40.557,48.557,2.9683,3.1683,3.5683,4.1683
CMP-2026-0433,ISRO-TRAIN-LOT-2026,4,125.0,HEALTHY,0,9.764,9.773,10.203,10.204,2.822,2.858,2.903,2.851,1.1702,1.1695,1.1956,1.2249
CMP-2026-0434,ISRO-TRAIN-LOT-2026,12,125.0,HEALTHY,0,11.454,11.597,12.23,12.142,2.465,2.556,2.494,2.613,1.2386,1.2395,1.2577,1.2642
CMP-2026-0435,ISRO-TRAIN-LOT-2026,6,125.0,HEALTHY,0,11.427,11.742,12.08,12.492,2.52,2.555,2.663,2.73,1.2257,1.232,1.2376,1.2619
CMP-2026-0436,ISRO-TRAIN-LOT-2026,13,125.0,HEALTHY,0,8.891,9.16,9.246,9.475,2.734,2.838,2.753,2.863,1.1505,1.1476,1.1732,1.1685
CMP-2026-0437,ISRO-TRAIN-LOT-2026,22,125.0,LATENT_PAT_OUTLIER,1,38.503,40.214,42.625,45.286,6.857,7.657,8.857,10.657,1.7697,1.8197,1.8997,2.0197
CMP-2026-0438,ISRO-TRAIN-LOT-2026,21,125.0,HEALTHY,0,12.552,12.726,13.364,12.951,2.566,2.665,2.628,2.644,1.1412,1.1425,1.151,1.1578
CMP-2026-0439,ISRO-TRAIN-LOT-2026,10,125.0,LATENT_PAT_OUTLIER,1,43.032,44.815,47.814,50.835,6.408,7.208,8.408,10.208,1.5002,1.5502,1.6302,1.7502
CMP-2026-0440,ISRO-TRAIN-LOT-2026,16,125.0,HEALTHY,0,9.594,9.782,10.043,10.556,2.228,2.233,2.33,2.268,1.1427,1.1361,1.1576,1.1735
CMP-2026-0441,ISRO-TRAIN-LOT-2026,10,125.0,HEALTHY,0,9.761,10.015,10.743,10.75,2.342,2.368,2.383,2.379,1.0998,1.1035,1.1133,1.1418
CMP-2026-0442,ISRO-TRAIN-LOT-2026,6,125.0,HEALTHY,0,9.881,9.868,10.286,10.125,2.358,2.409,2.485,2.498,1.1184,1.1184,1.133,1.157
CMP-2026-0443,ISRO-TRAIN-LOT-2026,2,125.0,HEALTHY,0,11.074,11.443,11.827,12.433,2.966,2.992,3.037,3.081,1.1071,1.1147,1.1125,1.1504
CMP-2026-0444,ISRO-TRAIN-LOT-2026,20,125.0,LATENT_PAT_OUTLIER,1,37.904,39.456,42.793,45.347,7.163,7.963,9.163,10.963,1.6098,1.6598,1.7398,1.8598
CMP-2026-0445,ISRO-TRAIN-LOT-2026,23,125.0,HEALTHY,0,11.51,11.731,11.937,12.31,2.309,2.364,2.361,2.405,1.1069,1.1028,1.1225,1.1248
CMP-2026-0446,ISRO-TRAIN-LOT-2026,14,125.0,LATENT_DRIFT,1,13.393,21.376,55.893,106.69,2.453,2.853,4.953,11.453,1.1231,1.2031,1.4531,2.0031
CMP-2026-0447,ISRO-TRAIN-LOT-2026,7,125.0,HEALTHY,0,10.969,11.242,11.457,11.216,2.215,2.262,2.297,2.316,1.127,1.133,1.1446,1.1656
CMP-2026-0448,ISRO-TRAIN-LOT-2026,16,125.0,HEALTHY,0,11.199,11.33,11.871,11.886,2.852,2.937,2.991,2.917,1.1466,1.1453,1.1626,1.1795
CMP-2026-0449,ISRO-TRAIN-LOT-2026,11,125.0,HEALTHY,0,8.769,9.029,9.682,9.524,2.468,2.499,2.642,2.479,1.2073,1.2026,1.2237,1.2327
CMP-2026-0450,ISRO-TRAIN-LOT-2026,21,125.0,HEALTHY,0,11.147,11.365,11.578,11.842,2.419,2.406,2.511,2.46,1.281,1.2789,1.2906,1.3039
CMP-2026-0451,ISRO-TRAIN-LOT-2026,9,125.0,HEALTHY,0,9.054,9.149,9.254,9.311,3.122,3.121,3.18,3.275,1.2617,1.2615,1.2613,1.2785
CMP-2026-0452,ISRO-TRAIN-LOT-2026,4,125.0,HEALTHY,0,9.965,10.023,10.227,10.739,2.155,2.179,2.252,2.223,1.2582,1.2621,1.2625,1.275
CMP-2026-0453,ISRO-TRAIN-LOT-2026,25,125.0,HEALTHY,0,11.036,11.137,11.597,11.806,2.82,2.817,2.905,2.903,1.1336,1.1442,1.1377,1.1896
CMP-2026-0454,ISRO-TRAIN-LOT-2026,9,125.0,HEALTHY,0,9.131,9.403,9.702,9.846,1.913,1.952,2.015,1.955,1.0848,1.0802,1.0928,1.1174
CMP-2026-0455,ISRO-TRAIN-LOT-2026,16,125.0,HEALTHY,0,10.49,10.691,11.028,11.529,3.033,3.003,3.065,3.073,1.2605,1.2619,1.2711,1.2987
CMP-2026-0456,ISRO-TRAIN-LOT-2026,10,125.0,HEALTHY,0,10.265,10.522,10.714,10.886,2.056,2.119,2.055,2.125,1.1497,1.1483,1.1562,1.1962
CMP-2026-0457,ISRO-TRAIN-LOT-2026,25,125.0,HEALTHY,0,11.137,11.305,11.454,11.461,2.349,2.419,2.438,2.425,1.1528,1.1679,1.1649,1.1924
CMP-2026-0458,ISRO-TRAIN-LOT-2026,20,125.0,HEALTHY,0,11.808,12.094,12.209,12.398,2.733,2.73,2.848,2.878,1.1553,1.1577,1.1773,1.1845
CMP-2026-0459,ISRO-TRAIN-LOT-2026,12,125.0,HEALTHY,0,11.022,11.12,11.619,11.888,2.629,2.712,2.736,2.705,1.2986,1.3033,1.3036,1.308
CMP-2026-0460,ISRO-TRAIN-LOT-2026,17,125.0,HEALTHY,0,9.374,9.512,9.776,9.914,2.586,2.598,2.648,2.611,1.1611,1.1562,1.1828,1.1804
CMP-2026-0461,ISRO-TRAIN-LOT-2026,6,125.0,HEALTHY,0,10.575,10.785,11.055,11.195,2.318,2.328,2.425,2.369,1.1234,1.1214,1.1408,1.1642
CMP-2026-0462,ISRO-TRAIN-LOT-2026,11,125.0,HEALTHY,0,11.275,11.564,11.578,11.975,2.3,2.346,2.434,2.394,1.2334,1.2347,1.2605,1.2606
CMP-2026-0463,ISRO-TRAIN-LOT-2026,3,125.0,HEALTHY,0,11.117,11.383,11.561,11.79,2.597,2.616,2.731,2.699,1.0814,1.0871,1.0852,1.1123
CMP-2026-0464,ISRO-TRAIN-LOT-2026,19,125.0,LATENT_PAT_OUTLIER,1,42.343,44.118,46.66,51.135,8.529,9.329,10.529,12.329,1.4896,1.5396,1.6196,1.7396
CMP-2026-0465,ISRO-TRAIN-LOT-2026,3,125.0,HEALTHY,0,11.41,11.589,12.271,12.533,2.019,2.039,2.113,2.106,1.1617,1.1606,1.1849,1.1945
CMP-2026-0466,ISRO-TRAIN-LOT-2026,25,125.0,HEALTHY,0,11.751,11.78,12.309,12.255,2.437,2.477,2.521,2.536,1.1935,1.1857,1.2101,1.2246
CMP-2026-0467,ISRO-TRAIN-LOT-2026,15,125.0,LATENT_DRIFT,1,13.795,21.249,57.376,110.489,2.103,2.503,4.603,11.103,1.2142,1.2942,1.5442,2.0942
CMP-2026-0468,ISRO-TRAIN-LOT-2026,15,125.0,LATENT_PAT_OUTLIER,1,37.364,39.825,41.739,44.805,6.483,7.283,8.483,10.283,1.4083,1.4583,1.5383,1.6583
CMP-2026-0469,ISRO-TRAIN-LOT-2026,22,125.0,HEALTHY,0,10.424,10.782,10.979,11.221,2.654,2.688,2.645,2.702,1.3785,1.3851,1.3919,1.409
CMP-2026-0470,ISRO-TRAIN-LOT-2026,15,125.0,HEALTHY,0,9.574,9.629,9.948,9.835,2.961,2.966,2.988,2.999,1.2812,1.29,1.2934,1.3061
CMP-2026-0471,ISRO-TRAIN-LOT-2026,15,125.0,HEALTHY,0,11.532,12.044,12.37,12.445,1.917,1.943,1.98,2.062,1.1718,1.1732,1.1836,1.19
CMP-2026-0472,ISRO-TRAIN-LOT-2026,5,125.0,HEALTHY,0,9.897,10.235,10.477,10.689,2.283,2.339,2.362,2.302,1.0999,1.1021,1.1175,1.1417
CMP-2026-0473,ISRO-TRAIN-LOT-2026,22,125.0,HEALTHY,0,10.261,10.512,10.826,11.022,2.43,2.472,2.498,2.53,1.2119,1.2069,1.2357,1.2455
CMP-2026-0474,ISRO-TRAIN-LOT-2026,7,125.0,HEALTHY,0,9.291,9.315,9.715,9.357,2.003,2.029,2.079,2.124,1.2343,1.2453,1.2379,1.263
CMP-2026-0475,ISRO-TRAIN-LOT-2026,11,125.0,HEALTHY,0,11.941,12.31,12.437,12.908,1.832,1.87,1.837,1.994,1.3169,1.3207,1.3199,1.3397
CMP-2026-0476,ISRO-TRAIN-LOT-2026,21,125.0,HEALTHY,0,10.669,10.903,11.173,11.312,2.576,2.571,2.601,2.745,1.1661,1.1566,1.1787,1.1972
CMP-2026-0477,ISRO-TRAIN-LOT-2026,25,125.0,HEALTHY,0,13.531,13.895,14.085,14.307,2.722,2.853,2.84,2.785,1.1503,1.1462,1.1664,1.1644
CMP-2026-0478,ISRO-TRAIN-LOT-2026,16,125.0,HEALTHY,0,10.879,11.016,11.31,11.428,2.456,2.502,2.519,2.555,1.252,1.2521,1.2735,1.2757
CMP-2026-0479,ISRO-TRAIN-LOT-2026,25,125.0,LATENT_PAT_OUTLIER,1,39.112,41.344,44.6,47.149,6.106,6.906,8.106,9.906,1.5462,1.5962,1.6762,1.7962
CMP-2026-0480,ISRO-TRAIN-LOT-2026,2,125.0,HEALTHY,0,9.557,9.957,9.518,10.274,2.06,2.101,2.158,2.128,1.1734,1.1776,1.1771,1.204
CMP-2026-0481,ISRO-TRAIN-LOT-2026,15,125.0,HEALTHY,0,12.162,12.433,12.69,12.473,2.111,2.144,2.251,2.148,1.3603,1.3572,1.3796,1.4161
CMP-2026-0482,ISRO-TRAIN-LOT-2026,6,125.0,HEALTHY,0,9.11,9.318,9.393,9.767,2.438,2.491,2.497,2.497,1.1407,1.1478,1.1653,1.1626
CMP-2026-0483,ISRO-TRAIN-LOT-2026,24,125.0,HEALTHY,0,12.582,12.764,13.144,13.128,2.339,2.44,2.43,2.492,1.3252,1.3204,1.3266,1.3574
CMP-2026-0484,ISRO-TRAIN-LOT-2026,3,125.0,LATENT_DRIFT,1,11.351,19.938,58.489,112.553,2.448,2.848,4.948,11.448,1.2498,1.3298,1.5798,2.1298
CMP-2026-0485,ISRO-TRAIN-LOT-2026,17,125.0,HEALTHY,0,10.783,10.859,11.456,11.469,2.444,2.468,2.51,2.575,1.2735,1.2731,1.2838,1.296
CMP-2026-0486,ISRO-TRAIN-LOT-2026,18,125.0,HEALTHY,0,9.922,10.301,10.491,11.045,2.976,3.055,3.051,3.039,1.2332,1.2448,1.2464,1.2848
CMP-2026-0487,ISRO-TRAIN-LOT-2026,4,125.0,HEALTHY,0,10.206,10.487,10.71,10.97,2.196,2.247,2.248,2.255,1.1235,1.124,1.151,1.1462
CMP-2026-0488,ISRO-TRAIN-LOT-2026,10,125.0,HEALTHY,0,10.162,10.183,10.376,10.712,2.287,2.299,2.362,2.38,1.1786,1.1845,1.1901,1.2103
CMP-2026-0489,ISRO-TRAIN-LOT-2026,9,125.0,HEALTHY,0,10.435,10.719,10.963,11.038,2.711,2.702,2.856,2.742,1.0675,1.065,1.0816,1.0992
CMP-2026-0490,ISRO-TRAIN-LOT-2026,14,125.0,HEALTHY,0,12.002,12.356,12.764,13.37,2.5,2.447,2.531,2.574,1.2117,1.214,1.2226,1.2433
CMP-2026-0491,ISRO-TRAIN-LOT-2026,24,125.0,HEALTHY,0,10.585,10.689,11.332,11.056,2.929,2.978,2.991,3.017,1.2401,1.2336,1.2442,1.2646
CMP-2026-0492,ISRO-TRAIN-LOT-2026,2,125.0,HEALTHY,0,9.525,9.787,9.722,10.158,2.245,2.289,2.395,2.334,1.2454,1.2489,1.2483,1.2614
CMP-2026-0493,ISRO-TRAIN-LOT-2026,7,125.0,HEALTHY,0,11.324,11.617,11.792,12.297,2.712,2.709,2.777,2.795,1.2793,1.2846,1.2864,1.304
CMP-2026-0494,ISRO-TRAIN-LOT-2026,2,125.0,HEALTHY,0,7.479,7.761,7.831,8.109,2.543,2.612,2.633,2.71,1.2845,1.2935,1.2956,1.2988
CMP-2026-0495,ISRO-TRAIN-LOT-2026,17,125.0,HEALTHY,0,11.345,11.553,11.729,11.968,2.702,2.736,2.734,2.814,1.1789,1.1749,1.1975,1.214
CMP-2026-0496,ISRO-TRAIN-LOT-2026,18,125.0,HEALTHY,0,12.246,12.441,12.694,12.498,2.121,2.08,2.148,2.164,1.401,1.3934,1.4089,1.4187
CMP-2026-0497,ISRO-TRAIN-LOT-2026,10,125.0,HEALTHY,0,9.672,9.864,10.373,10.129,2.566,2.61,2.64,2.618,1.2287,1.2354,1.2363,1.27
CMP-2026-0498,ISRO-TRAIN-LOT-2026,12,125.0,HEALTHY,0,9.826,10.132,10.649,10.469,2.607,2.642,2.727,2.705,0.9605,0.9622,0.9641,0.9964
CMP-2026-0499,ISRO-TRAIN-LOT-2026,23,125.0,HEALTHY,0,9.598,9.981,9.971,10.329,2.12,2.161,2.251,2.272,1.1799,1.1903,1.1925,1.2071
CMP-2026-0500,ISRO-TRAIN-LOT-2026,16,125.0,HEALTHY,0,11.656,11.926,12.314,12.961,2.959,3.037,3.038,3.064,1.2361,1.2381,1.2516,1.2699
CMP-2026-0501,ISRO-TRAIN-LOT-2026,20,125.0,HEALTHY,0,11.989,12.241,12.482,12.851,2.266,2.3,2.241,2.311,1.0405,1.046,1.0577,1.0629
CMP-2026-0502,ISRO-TRAIN-LOT-2026,6,125.0,HEALTHY,0,8.94,9.262,9.636,10.143,2.124,2.135,2.135,2.182,1.1528,1.1432,1.1623,1.1655
CMP-2026-0503,ISRO-TRAIN-LOT-2026,2,125.0,HEALTHY,0,9.071,9.188,9.428,9.575,2.268,2.348,2.348,2.468,1.3488,1.3505,1.3337,1.3615
CMP-2026-0504,ISRO-TRAIN-LOT-2026,14,125.0,HEALTHY,0,10.444,10.77,11.045,11.284,1.686,1.729,1.772,1.781,1.2274,1.2327,1.2378,1.2617
CMP-2026-0505,ISRO-TRAIN-LOT-2026,17,125.0,LATENT_DRIFT,1,12.511,19.725,50.962,97.37,2.853,3.253,5.353,11.853,1.2828,1.3628,1.6128,2.1628
CMP-2026-0506,ISRO-TRAIN-LOT-2026,24,125.0,HEALTHY,0,10.865,11.035,11.178,11.736,2.522,2.545,2.558,2.558,1.0157,1.013,1.0332,1.0541
CMP-2026-0507,ISRO-TRAIN-LOT-2026,7,125.0,HEALTHY,0,10.382,10.477,10.805,10.969,2.453,2.427,2.498,2.535,1.3152,1.3097,1.3139,1.3562
CMP-2026-0508,ISRO-TRAIN-LOT-2026,6,125.0,HEALTHY,0,10.179,10.47,10.747,10.691,2.781,2.78,2.829,2.937,1.1747,1.1806,1.1874,1.1995
CMP-2026-0509,ISRO-TRAIN-LOT-2026,4,125.0,GROSS_OUTLIER,1,60.908,69.736,84.973,114.443,28.653,31.653,36.653,44.653,3.9308,4.1308,4.5308,5.1308
CMP-2026-0510,ISRO-TRAIN-LOT-2026,10,125.0,HEALTHY,0,9.788,10.076,10.523,10.558,2.397,2.481,2.498,2.545,1.1426,1.1457,1.1588,1.1553
CMP-2026-0511,ISRO-TRAIN-LOT-2026,13,125.0,HEALTHY,0,11.397,11.598,12.088,12.091,2.448,2.491,2.476,2.491,1.2775,1.2795,1.2849,1.3095
CMP-2026-0512,ISRO-TRAIN-LOT-2026,1,125.0,HEALTHY,0,8.216,8.472,8.921,9.26,2.669,2.731,2.771,2.735,1.2726,1.281,1.2831,1.3046
CMP-2026-0513,ISRO-TRAIN-LOT-2026,24,125.0,LATENT_PAT_OUTLIER,1,43.616,44.849,46.405,49.757,7.132,7.932,9.132,10.932,1.4533,1.5033,1.5833,1.7033
CMP-2026-0514,ISRO-TRAIN-LOT-2026,11,125.0,HEALTHY,0,10.013,10.391,10.623,10.434,2.69,2.693,2.761,2.742,1.3119,1.3221,1.3152,1.3403
CMP-2026-0515,ISRO-TRAIN-LOT-2026,4,125.0,HEALTHY,0,10.349,10.617,10.956,11.265,2.393,2.424,2.399,2.472,1.1328,1.1416,1.1441,1.1315
CMP-2026-0516,ISRO-TRAIN-LOT-2026,25,125.0,LATENT_DRIFT,1,12.93,19.358,50.148,94.631,2.299,2.699,4.799,11.299,1.2192,1.2992,1.5492,2.0992
CMP-2026-0517,ISRO-TRAIN-LOT-2026,9,125.0,LATENT_DRIFT,1,10.854,17.137,45.89,88.334,2.559,2.959,5.059,11.559,1.1398,1.2198,1.4698,2.0198
CMP-2026-0518,ISRO-TRAIN-LOT-2026,16,125.0,HEALTHY,0,11.252,11.317,11.437,11.347,2.503,2.584,2.586,2.607,1.19,1.1914,1.2046,1.2263
CMP-2026-0519,ISRO-TRAIN-LOT-2026,2,125.0,HEALTHY,0,9.427,9.695,9.891,9.889,2.464,2.522,2.562,2.566,1.2512,1.2544,1.2733,1.2717
CMP-2026-0520,ISRO-TRAIN-LOT-2026,1,125.0,LATENT_PAT_OUTLIER,1,39.01,40.807,42.813,45.68,6.843,7.643,8.843,10.643,1.3376,1.3876,1.4676,1.5876
CMP-2026-0521,ISRO-TRAIN-LOT-2026,4,125.0,HEALTHY,0,10.084,10.173,10.804,11.102,1.815,1.839,1.899,1.938,1.2911,1.2913,1.2992,1.3334
CMP-2026-0522,ISRO-TRAIN-LOT-2026,25,125.0,LATENT_PAT_OUTLIER,1,45.42,47.358,50.694,54.966,8.776,9.576,10.776,12.576,1.5232,1.5732,1.6532,1.7732
CMP-2026-0523,ISRO-TRAIN-LOT-2026,23,125.0,HEALTHY,0,9.728,9.869,10.261,10.513,2.634,2.671,2.69,2.821,1.2802,1.2833,1.2882,1.296
CMP-2026-0524,ISRO-TRAIN-LOT-2026,7,125.0,HEALTHY,0,10.879,11.231,11.16,11.288,2.577,2.648,2.65,2.686,1.3552,1.3601,1.3738,1.3978
CMP-2026-0525,ISRO-TRAIN-LOT-2026,25,125.0,HEALTHY,0,11.15,11.335,11.892,11.843,2.785,2.841,2.827,2.862,1.1189,1.1178,1.136,1.154
CMP-2026-0526,ISRO-TRAIN-LOT-2026,10,125.0,HEALTHY,0,11.162,11.425,11.687,11.861,2.517,2.581,2.513,2.652,1.2304,1.2368,1.2389,1.2652
CMP-2026-0527,ISRO-TRAIN-LOT-2026,14,125.0,HEALTHY,0,10.903,11.203,11.546,11.921,2.49,2.506,2.598,2.574,1.0514,1.0548,1.0596,1.0762
CMP-2026-0528,ISRO-TRAIN-LOT-2026,4,125.0,HEALTHY,0,8.212,8.48,8.616,8.947,2.426,2.443,2.485,2.428,1.2952,1.2984,1.3015,1.3263
CMP-2026-0529,ISRO-TRAIN-LOT-2026,13,125.0,HEALTHY,0,13.08,13.037,13.125,13.389,2.166,2.158,2.28,2.321,1.261,1.2557,1.267,1.2744
CMP-2026-0530,ISRO-TRAIN-LOT-2026,16,125.0,HEALTHY,0,11.507,11.641,12.108,12.194,2.655,2.65,2.766,2.761,1.2518,1.2555,1.2442,1.2901
CMP-2026-0531,ISRO-TRAIN-LOT-2026,24,125.0,HEALTHY,0,9.904,10.089,10.665,10.977,2.765,2.819,2.835,2.849,1.0703,1.0626,1.0741,1.1003
CMP-2026-0532,ISRO-TRAIN-LOT-2026,3,125.0,HEALTHY,0,11.232,11.521,11.763,12.154,2.539,2.58,2.693,2.635,1.1415,1.1399,1.1453,1.1697
CMP-2026-0533,ISRO-TRAIN-LOT-2026,18,125.0,HEALTHY,0,10.055,10.293,10.586,10.459,2.471,2.508,2.588,2.594,1.1203,1.1233,1.1315,1.1635
CMP-2026-0534,ISRO-TRAIN-LOT-2026,19,125.0,HEALTHY,0,10.451,10.778,11.407,11.515,2.089,2.09,2.115,2.172,1.1407,1.1458,1.1604,1.1823
CMP-2026-0535,ISRO-TRAIN-LOT-2026,23,125.0,HEALTHY,0,10.152,10.051,10.316,10.241,2.27,2.283,2.393,2.377,1.1914,1.1977,1.2003,1.2069
CMP-2026-0536,ISRO-TRAIN-LOT-2026,5,125.0,HEALTHY,0,9.359,9.382,9.738,9.933,2.131,2.151,2.257,2.175,1.2293,1.2412,1.2457,1.2635
CMP-2026-0537,ISRO-TRAIN-LOT-2026,23,125.0,HEALTHY,0,10.166,10.292,11.012,11.05,2.505,2.515,2.614,2.552,1.1598,1.163,1.1753,1.1941
CMP-2026-0538,ISRO-TRAIN-LOT-2026,2,125.0,HEALTHY,0,11.379,11.729,11.85,12.278,2.526,2.518,2.644,2.583,1.2011,1.2056,1.2152,1.2263
CMP-2026-0539,ISRO-TRAIN-LOT-2026,20,125.0,HEALTHY,0,10.658,10.975,11.544,11.719,2.265,2.321,2.345,2.399,1.1949,1.1904,1.2029,1.216
CMP-2026-0540,ISRO-TRAIN-LOT-2026,9,125.0,HEALTHY,0,10.688,10.798,11.104,10.951,2.643,2.691,2.737,2.761,1.1138,1.1138,1.1198,1.1359
CMP-2026-0541,ISRO-TRAIN-LOT-2026,7,125.0,GROSS_OUTLIER,1,54.129,57.359,68.864,82.644,16.975,19.975,24.975,32.975,3.7078,3.9078,4.3078,4.9078
CMP-2026-0542,ISRO-TRAIN-LOT-2026,5,125.0,HEALTHY,0,10.985,11.365,11.418,11.416,2.694,2.746,2.784,2.77,1.0512,1.0472,1.0588,1.1011
CMP-2026-0543,ISRO-TRAIN-LOT-2026,13,125.0,HEALTHY,0,11.77,11.913,12.04,11.597,2.318,2.367,2.412,2.467,1.1718,1.1775,1.1907,1.2077
CMP-2026-0544,ISRO-TRAIN-LOT-2026,6,125.0,HEALTHY,0,8.991,9.383,9.499,9.933,2.534,2.587,2.602,2.663,1.2073,1.21,1.226,1.2462
CMP-2026-0545,ISRO-TRAIN-LOT-2026,1,125.0,HEALTHY,0,8.997,9.357,9.487,9.851,2.677,2.649,2.772,2.847,1.3361,1.3283,1.3533,1.361
CMP-2026-0546,ISRO-TRAIN-LOT-2026,13,125.0,HEALTHY,0,10.995,11.298,11.633,12.031,2.457,2.526,2.527,2.548,1.2254,1.2278,1.2376,1.2512
CMP-2026-0547,ISRO-TRAIN-LOT-2026,3,125.0,HEALTHY,0,9.085,9.052,9.439,9.358,3.034,3.141,3.16,3.127,1.2181,1.2148,1.2362,1.2566
CMP-2026-0548,ISRO-TRAIN-LOT-2026,8,125.0,HEALTHY,0,8.238,8.589,8.654,8.825,2.747,2.789,2.854,2.888,1.1901,1.1857,1.2048,1.2425
CMP-2026-0549,ISRO-TRAIN-LOT-2026,6,125.0,HEALTHY,0,10.77,11.002,11.383,11.685,2.278,2.364,2.339,2.362,1.1053,1.1084,1.1123,1.1169
CMP-2026-0550,ISRO-TRAIN-LOT-2026,13,125.0,HEALTHY,0,9.901,10.243,10.425,10.516,2.17,2.192,2.233,2.276,1.1154,1.1145,1.1206,1.1331
CMP-2026-0551,ISRO-TRAIN-LOT-2026,23,125.0,HEALTHY,0,11.514,11.487,11.675,11.686,2.341,2.417,2.38,2.429,1.0769,1.0779,1.0909,1.1062
CMP-2026-0552,ISRO-TRAIN-LOT-2026,18,125.0,HEALTHY,0,11.94,12.117,12.289,12.775,2.454,2.518,2.504,2.614,0.9291,0.931,0.9483,0.9606
CMP-2026-0553,ISRO-TRAIN-LOT-2026,13,125.0,HEALTHY,0,11.574,11.673,12.015,11.629,2.785,2.782,2.808,2.977,1.1411,1.1381,1.1511,1.1563
CMP-2026-0554,ISRO-TRAIN-LOT-2026,3,125.0,HEALTHY,0,8.208,8.525,8.479,8.676,2.695,2.739,2.805,2.854,1.2771,1.2761,1.2936,1.3223
CMP-2026-0555,ISRO-TRAIN-LOT-2026,4,125.0,HEALTHY,0,11.756,12.171,12.443,12.501,1.708,1.749,1.793,1.783,1.1268,1.1271,1.138,1.1644
CMP-2026-0556,ISRO-TRAIN-LOT-2026,1,125.0,HEALTHY,0,11.649,12.015,12.236,12.204,3.183,3.273,3.283,3.228,1.2974,1.2893,1.3075,1.3482
CMP-2026-0557,ISRO-TRAIN-LOT-2026,12,125.0,HEALTHY,0,11.716,11.873,12.205,12.252,2.131,2.153,2.196,2.255,1.2434,1.243,1.2595,1.2882
CMP-2026-0558,ISRO-TRAIN-LOT-2026,8,125.0,HEALTHY,0,9.392,9.868,10.184,10.382,2.183,2.204,2.26,2.306,1.154,1.1505,1.1615,1.1789
CMP-2026-0559,ISRO-TRAIN-LOT-2026,11,125.0,HEALTHY,0,9.338,9.519,9.768,9.983,2.502,2.528,2.663,2.531,1.1998,1.1969,1.2179,1.233
CMP-2026-0560,ISRO-TRAIN-LOT-2026,3,125.0,HEALTHY,0,10.104,10.436,11.06,10.708,2.323,2.374,2.338,2.357,1.2187,1.2237,1.2369,1.2524
CMP-2026-0561,ISRO-TRAIN-LOT-2026,10,125.0,HEALTHY,0,11.513,11.803,12.23,12.278,2.965,3.016,3.038,3.012,1.2976,1.2888,1.311,1.3101
CMP-2026-0562,ISRO-TRAIN-LOT-2026,6,125.0,HEALTHY,0,9.541,9.78,9.974,10.704,2.098,2.135,2.09,2.289,1.1691,1.1769,1.1859,1.2086
CMP-2026-0563,ISRO-TRAIN-LOT-2026,3,125.0,HEALTHY,0,10.259,10.397,10.616,10.987,2.973,2.987,3.132,3.048,1.0947,1.0993,1.1046,1.1323
CMP-2026-0564,ISRO-TRAIN-LOT-2026,23,125.0,HEALTHY,0,11.934,12.295,12.598,13.067,2.03,2.011,2.065,2.152,1.0708,1.0709,1.0855,1.1021
CMP-2026-0565,ISRO-TRAIN-LOT-2026,16,125.0,GROSS_OUTLIER,1,78.555,86.658,101.436,128.501,24.754,27.754,32.754,40.754,3.0379,3.2379,3.6379,4.2379
CMP-2026-0566,ISRO-TRAIN-LOT-2026,15,125.0,HEALTHY,0,11.606,11.709,11.873,12.807,2.734,2.803,2.807,2.845,1.2954,1.2956,1.2997,1.3182
CMP-2026-0567,ISRO-TRAIN-LOT-2026,15,125.0,LATENT_PAT_OUTLIER,1,43.191,45.592,48.548,50.686,9.516,10.316,11.516,13.316,1.5939,1.6439,1.7239,1.8439
CMP-2026-0568,ISRO-TRAIN-LOT-2026,21,125.0,HEALTHY,0,11.794,12.113,12.402,12.723,2.454,2.484,2.559,2.473,1.1539,1.1583,1.1505,1.1867
CMP-2026-0569,ISRO-TRAIN-LOT-2026,11,125.0,HEALTHY,0,9.584,9.717,9.781,9.88,2.933,2.941,3.009,2.958,1.1835,1.1836,1.1895,1.2294
CMP-2026-0570,ISRO-TRAIN-LOT-2026,23,125.0,HEALTHY,0,10.426,10.665,11.317,11.167,2.745,2.782,2.818,2.883,1.2735,1.2738,1.282,1.2818
CMP-2026-0571,ISRO-TRAIN-LOT-2026,4,125.0,HEALTHY,0,8.583,8.924,9.121,9.176,2.602,2.642,2.59,2.663,1.2082,1.2186,1.2048,1.2295
CMP-2026-0572,ISRO-TRAIN-LOT-2026,23,125.0,HEALTHY,0,11.434,11.629,11.859,12.084,2.303,2.317,2.352,2.442,1.2669,1.2692,1.2667,1.2796
CMP-2026-0573,ISRO-TRAIN-LOT-2026,5,125.0,LATENT_DRIFT,1,12.097,18.066,46.96,87.784,2.397,2.797,4.897,11.397,1.2739,1.3539,1.6039,2.1539
CMP-2026-0574,ISRO-TRAIN-LOT-2026,10,125.0,HEALTHY,0,10.765,10.966,11.017,11.059,2.878,2.912,2.918,3.037,1.2683,1.2605,1.2759,1.3059
CMP-2026-0575,ISRO-TRAIN-LOT-2026,19,125.0,HEALTHY,0,10.925,11.103,11.268,11.518,2.483,2.52,2.538,2.588,1.2297,1.23,1.2263,1.2596
CMP-2026-0576,ISRO-TRAIN-LOT-2026,6,125.0,HEALTHY,0,11.269,11.538,12.024,12.283,2.129,2.137,2.269,2.202,1.1589,1.1636,1.1645,1.1996
CMP-2026-0577,ISRO-TRAIN-LOT-2026,14,125.0,LATENT_DRIFT,1,15.139,20.549,44.608,78.768,2.55,2.95,5.05,11.55,1.0818,1.1618,1.4118,1.9618
CMP-2026-0578,ISRO-TRAIN-LOT-2026,19,125.0,HEALTHY,0,10.715,10.943,11.435,11.568,2.625,2.646,2.719,2.781,1.0184,1.0199,1.0236,1.0734
CMP-2026-0579,ISRO-TRAIN-LOT-2026,16,125.0,HEALTHY,0,9.469,9.606,10.063,10.285,2.658,2.722,2.74,2.779,1.2786,1.2812,1.2784,1.295
CMP-2026-0580,ISRO-TRAIN-LOT-2026,25,125.0,HEALTHY,0,11.523,11.629,12.015,11.77,2.297,2.304,2.378,2.385,1.168,1.1738,1.1769,1.2035
CMP-2026-0581,ISRO-TRAIN-LOT-2026,3,125.0,LATENT_DRIFT,1,11.775,16.437,38.104,69.424,2.202,2.602,4.702,11.202,1.3319,1.4119,1.6619,2.2119
CMP-2026-0582,ISRO-TRAIN-LOT-2026,2,125.0,HEALTHY,0,8.927,9.229,9.609,9.762,2.944,2.982,3.047,3.097,1.0818,1.0813,1.0776,1.1167
CMP-2026-0583,ISRO-TRAIN-LOT-2026,21,125.0,HEALTHY,0,8.709,9.015,9.193,9.574,2.744,2.781,2.835,2.856,1.3146,1.3138,1.3331,1.3394
CMP-2026-0584,ISRO-TRAIN-LOT-2026,10,125.0,HEALTHY,0,10.549,10.922,11.283,11.867,2.734,2.802,2.739,2.859,1.2011,1.2,1.2176,1.2214
CMP-2026-0585,ISRO-TRAIN-LOT-2026,24,125.0,HEALTHY,0,11.219,11.389,11.46,11.608,2.603,2.68,2.65,2.705,1.1582,1.1569,1.1691,1.1992
CMP-2026-0586,ISRO-TRAIN-LOT-2026,9,125.0,HEALTHY,0,12.389,12.61,13.144,13.315,2.404,2.507,2.52,2.465,1.1873,1.1878,1.1966,1.2117
CMP-2026-0587,ISRO-TRAIN-LOT-2026,14,125.0,LATENT_PAT_OUTLIER,1,46.141,48.527,50.57,54.531,7.459,8.259,9.459,11.259,1.7866,1.8366,1.9166,2.0366
CMP-2026-0588,ISRO-TRAIN-LOT-2026,7,125.0,HEALTHY,0,7.883,7.961,8.429,8.456,2.656,2.652,2.745,2.788,0.971,0.9715,0.9715,0.989
CMP-2026-0589,ISRO-TRAIN-LOT-2026,17,125.0,HEALTHY,0,12.496,12.815,13.045,13.378,2.69,2.724,2.82,2.776,1.2023,1.2005,1.215,1.2209
CMP-2026-0590,ISRO-TRAIN-LOT-2026,7,125.0,HEALTHY,0,10.185,10.231,10.472,10.852,2.772,2.772,2.909,2.879,1.3175,1.3062,1.3376,1.3651
CMP-2026-0591,ISRO-TRAIN-LOT-2026,24,125.0,HEALTHY,0,11.241,11.433,11.695,12.257,2.395,2.441,2.514,2.528,1.1944,1.1918,1.2091,1.2278
CMP-2026-0592,ISRO-TRAIN-LOT-2026,9,125.0,HEALTHY,0,10.68,10.713,10.995,11.188,2.443,2.471,2.548,2.486,1.1682,1.1706,1.175,1.1882
CMP-2026-0593,ISRO-TRAIN-LOT-2026,15,125.0,HEALTHY,0,9.462,9.519,9.874,9.755,2.829,2.89,2.887,2.945,1.2155,1.2105,1.248,1.2472
CMP-2026-0594,ISRO-TRAIN-LOT-2026,22,125.0,HEALTHY,0,11.289,11.461,11.984,12.118,2.491,2.552,2.654,2.679,1.2458,1.249,1.2659,1.2768
CMP-2026-0595,ISRO-TRAIN-LOT-2026,22,125.0,HEALTHY,0,9.618,10.049,10.368,10.564,2.571,2.605,2.7,2.705,1.2904,1.2968,1.2982,1.3068
CMP-2026-0596,ISRO-TRAIN-LOT-2026,17,125.0,HEALTHY,0,10.551,10.747,11.29,11.145,2.714,2.693,2.785,2.828,1.2504,1.2566,1.272,1.2557
CMP-2026-0597,ISRO-TRAIN-LOT-2026,20,125.0,HEALTHY,0,9.981,10.051,10.262,10.367,2.092,2.137,2.133,2.218,1.304,1.2946,1.3274,1.344
CMP-2026-0598,ISRO-TRAIN-LOT-2026,10,125.0,HEALTHY,0,10.151,10.36,10.444,10.567,3.001,3.033,3.073,3.146,1.192,1.1946,1.2095,1.2225
CMP-2026-0599,ISRO-TRAIN-LOT-2026,21,125.0,HEALTHY,0,11.293,11.355,11.864,12.138,2.348,2.359,2.472,2.431,1.2702,1.2672,1.2705,1.3191
CMP-2026-0600,ISRO-TRAIN-LOT-2026,15,125.0,HEALTHY,0,9.873,9.957,10.011,9.988,2.273,2.325,2.39,2.474,1.1734,1.1813,1.1847,1.2185
CMP-2026-0601,ISRO-TRAIN-LOT-2026,24,125.0,HEALTHY,0,11.008,11.108,11.314,11.582,2.24,2.249,2.256,2.428,1.1574,1.1486,1.1634,1.2011
CMP-2026-0602,ISRO-TRAIN-LOT-2026,11,125.0,HEALTHY,0,8.928,9.016,9.237,9.466,2.162,2.135,2.313,2.315,1.2965,1.2954,1.3153,1.3058
CMP-2026-0603,ISRO-TRAIN-LOT-2026,13,125.0,HEALTHY,0,10.119,10.591,10.673,11.066,2.263,2.282,2.339,2.329,1.2433,1.2507,1.2808,1.2727
CMP-2026-0604,ISRO-TRAIN-LOT-2026,7,125.0,LATENT_DRIFT,1,11.878,18.942,50.121,96.22,2.38,2.78,4.88,11.38,1.1263,1.2063,1.4563,2.0063
CMP-2026-0605,ISRO-TRAIN-LOT-2026,11,125.0,HEALTHY,0,12.406,12.75,12.952,12.923,2.658,2.689,2.725,2.796,1.1153,1.1219,1.1273,1.1446
CMP-2026-0606,ISRO-TRAIN-LOT-2026,23,125.0,HEALTHY,0,11.637,11.763,12.302,12.398,2.758,2.806,2.768,2.931,1.1882,1.1908,1.201,1.2137
CMP-2026-0607,ISRO-TRAIN-LOT-2026,4,125.0,HEALTHY,0,10.41,10.596,11.108,11.178,2.25,2.234,2.301,2.395,1.1357,1.1379,1.1404,1.1691
CMP-2026-0608,ISRO-TRAIN-LOT-2026,9,125.0,HEALTHY,0,10.264,10.558,10.696,10.889,2.57,2.607,2.626,2.585,1.2105,1.2034,1.2342,1.2409
CMP-2026-0609,ISRO-TRAIN-LOT-2026,6,125.0,HEALTHY,0,12.257,12.464,12.858,12.836,2.011,2.028,2.096,2.045,1.2126,1.2211,1.2347,1.2524
CMP-2026-0610,ISRO-TRAIN-LOT-2026,16,125.0,HEALTHY,0,12.177,12.355,12.492,12.465,2.249,2.243,2.299,2.308,1.25,1.257,1.2528,1.2743
CMP-2026-0611,ISRO-TRAIN-LOT-2026,7,125.0,LATENT_DRIFT,1,10.192,17.912,53.376,103.221,2.094,2.494,4.594,11.094,1.2189,1.2989,1.5489,2.0989
CMP-2026-0612,ISRO-TRAIN-LOT-2026,8,125.0,HEALTHY,0,11.165,11.336,12.045,11.77,3.226,3.318,3.428,3.343,1.2788,1.2812,1.277,1.3017
CMP-2026-0613,ISRO-TRAIN-LOT-2026,22,125.0,HEALTHY,0,9.144,9.493,9.865,10.414,2.71,2.713,2.775,2.89,1.075,1.0735,1.0969,1.0938
CMP-2026-0614,ISRO-TRAIN-LOT-2026,6,125.0,HEALTHY,0,11.424,11.754,11.897,12.257,2.617,2.683,2.65,2.718,1.1731,1.1779,1.1725,1.219
CMP-2026-0615,ISRO-TRAIN-LOT-2026,9,125.0,HEALTHY,0,10.131,10.578,10.672,10.804,2.408,2.427,2.495,2.509,1.3874,1.3914,1.3923,1.4219
CMP-2026-0616,ISRO-TRAIN-LOT-2026,25,125.0,HEALTHY,0,10.763,10.737,11.059,11.165,2.111,2.16,2.076,2.208,1.0821,1.0848,1.1042,1.118
CMP-2026-0617,ISRO-TRAIN-LOT-2026,13,125.0,HEALTHY,0,11.844,11.916,12.308,12.292,2.05,2.04,2.072,2.077,1.1434,1.1485,1.1582,1.176
CMP-2026-0618,ISRO-TRAIN-LOT-2026,7,125.0,HEALTHY,0,10.042,10.316,10.726,11.241,2.786,2.798,2.819,2.85,1.2115,1.2101,1.2164,1.2478
CMP-2026-0619,ISRO-TRAIN-LOT-2026,6,125.0,HEALTHY,0,9.871,10.319,10.496,10.903,2.831,2.845,2.947,2.943,1.2842,1.2911,1.2894,1.3279
CMP-2026-0620,ISRO-TRAIN-LOT-2026,19,125.0,HEALTHY,0,12.32,12.608,12.631,12.838,2.501,2.54,2.658,2.577,1.239,1.237,1.2385,1.253
CMP-2026-0621,ISRO-TRAIN-LOT-2026,9,125.0,HEALTHY,0,10.647,11.019,11.314,11.496,2.239,2.28,2.332,2.438,1.3255,1.3289,1.3364,1.3537
CMP-2026-0622,ISRO-TRAIN-LOT-2026,12,125.0,HEALTHY,0,12.289,12.454,12.469,12.783,2.077,2.073,2.13,2.177,1.248,1.2513,1.2626,1.2803
CMP-2026-0623,ISRO-TRAIN-LOT-2026,14,125.0,HEALTHY,0,9.899,10.136,10.277,10.637,2.47,2.495,2.619,2.557,1.1843,1.1856,1.1966,1.1941
CMP-2026-0624,ISRO-TRAIN-LOT-2026,16,125.0,HEALTHY,0,9.962,10.267,10.393,10.21,2.065,2.145,2.126,2.155,1.2495,1.2477,1.2562,1.2815
CMP-2026-0625,ISRO-TRAIN-LOT-2026,22,125.0,HEALTHY,0,11.083,11.481,11.786,11.742,2.806,2.855,2.906,2.924,1.2411,1.2481,1.252,1.2667
CMP-2026-0626,ISRO-TRAIN-LOT-2026,11,125.0,HEALTHY,0,9.301,9.16,9.49,9.747,2.637,2.693,2.71,2.803,1.2463,1.2459,1.2644,1.2748
CMP-2026-0627,ISRO-TRAIN-LOT-2026,13,125.0,HEALTHY,0,10.152,10.357,10.738,10.933,2.384,2.395,2.566,2.45,1.2332,1.2281,1.2414,1.2735
CMP-2026-0628,ISRO-TRAIN-LOT-2026,8,125.0,HEALTHY,0,9.352,9.726,9.995,10.484,2.435,2.474,2.486,2.572,1.1412,1.1336,1.1389,1.1682
CMP-2026-0629,ISRO-TRAIN-LOT-2026,7,125.0,HEALTHY,0,10.325,10.502,10.409,10.75,2.433,2.448,2.499,2.412,1.2257,1.2364,1.2366,1.2576
CMP-2026-0630,ISRO-TRAIN-LOT-2026,10,125.0,HEALTHY,0,11.347,11.585,12.198,12.395,2.228,2.175,2.282,2.346,1.1374,1.1404,1.1535,1.1657
CMP-2026-0631,ISRO-TRAIN-LOT-2026,23,125.0,LATENT_DRIFT,1,11.41,17.938,46.879,89.204,2.384,2.784,4.884,11.384,1.2538,1.3338,1.5838,2.1338
CMP-2026-0632,ISRO-TRAIN-LOT-2026,3,125.0,HEALTHY,0,9.074,9.282,9.103,9.125,2.355,2.358,2.475,2.506,1.1938,1.1908,1.1935,1.207
CMP-2026-0633,ISRO-TRAIN-LOT-2026,25,125.0,HEALTHY,0,10.24,10.229,10.559,10.463,2.943,2.979,3.056,3.033,1.1345,1.1445,1.1545,1.1823
CMP-2026-0634,ISRO-TRAIN-LOT-2026,17,125.0,HEALTHY,0,10.906,11.283,11.673,11.605,2.812,2.86,2.815,2.946,1.1077,1.1053,1.1139,1.1464
CMP-2026-0635,ISRO-TRAIN-LOT-2026,17,125.0,HEALTHY,0,10.524,10.534,10.551,10.715,2.705,2.762,2.804,2.925,1.2295,1.2213,1.2437,1.2589
CMP-2026-0636,ISRO-TRAIN-LOT-2026,6,125.0,HEALTHY,0,10.983,11.298,11.672,11.994,2.379,2.394,2.443,2.495,1.0393,1.0353,1.0532,1.0569
CMP-2026-0637,ISRO-TRAIN-LOT-2026,8,125.0,HEALTHY,0,10.756,10.997,11.285,10.942,2.204,2.245,2.327,2.3,1.2063,1.2094,1.2261,1.2499
CMP-2026-0638,ISRO-TRAIN-LOT-2026,10,125.0,HEALTHY,0,9.319,9.613,9.723,9.756,2.434,2.491,2.479,2.572,1.2434,1.2466,1.265,1.2974
CMP-2026-0639,ISRO-TRAIN-LOT-2026,9,125.0,HEALTHY,0,12.015,12.051,12.577,12.374,2.144,2.132,2.162,2.29,1.2105,1.2103,1.2247,1.2323
CMP-2026-0640,ISRO-TRAIN-LOT-2026,9,125.0,HEALTHY,0,10.348,10.575,11.166,11.09,2.342,2.393,2.34,2.433,1.1388,1.1453,1.1311,1.1783
CMP-2026-0641,ISRO-TRAIN-LOT-2026,9,125.0,HEALTHY,0,10.471,10.897,11.148,11.22,2.202,2.289,2.263,2.276,1.2,1.2067,1.2135,1.2443
CMP-2026-0642,ISRO-TRAIN-LOT-2026,23,125.0,HEALTHY,0,12.368,12.715,13.026,13.107,2.204,2.242,2.357,2.245,1.1605,1.1553,1.1831,1.1903
CMP-2026-0643,ISRO-TRAIN-LOT-2026,20,125.0,HEALTHY,0,12.02,12.283,12.71,12.973,2.171,2.193,2.276,2.218,1.2974,1.2946,1.3006,1.3312
CMP-2026-0644,ISRO-TRAIN-LOT-2026,14,125.0,LATENT_DRIFT,1,12.019,19.975,55.573,109.319,2.572,2.972,5.072,11.572,1.1371,1.2171,1.4671,2.0171
CMP-2026-0645,ISRO-TRAIN-LOT-2026,11,125.0,HEALTHY,0,8.158,8.267,8.559,8.677,2.554,2.569,2.598,2.689,1.1581,1.1651,1.167,1.1941
CMP-2026-0646,ISRO-TRAIN-LOT-2026,7,125.0,HEALTHY,0,9.832,10.112,10.219,10.271,2.876,2.884,2.985,2.984,1.2535,1.2622,1.2522,1.3012
CMP-2026-0647,ISRO-TRAIN-LOT-2026,7,125.0,LATENT_DRIFT,1,11.472,16.227,37.591,69.13,2.278,2.678,4.778,11.278,1.2905,1.3705,1.6205,2.1705
CMP-2026-0648,ISRO-TRAIN-LOT-2026,14,125.0,HEALTHY,0,10.647,10.904,10.939,11.459,2.559,2.568,2.687,2.657,1.2063,1.2097,1.2279,1.2099
CMP-2026-0649,ISRO-TRAIN-LOT-2026,17,125.0,HEALTHY,0,12.29,12.595,12.851,13.687,2.088,2.119,2.158,2.269,1.2756,1.2784,1.2951,1.3021
CMP-2026-0650,ISRO-TRAIN-LOT-2026,21,125.0,HEALTHY,0,12.115,12.482,13.08,12.909,2.143,2.193,2.295,2.208,1.2125,1.2071,1.2297,1.2355
CMP-2026-0651,ISRO-TRAIN-LOT-2026,18,125.0,HEALTHY,0,10.823,10.905,11.248,11.089,2.121,2.213,2.188,2.295,1.155,1.1533,1.1666,1.182
CMP-2026-0652,ISRO-TRAIN-LOT-2026,23,125.0,HEALTHY,0,9.687,9.903,9.761,9.63,2.566,2.59,2.636,2.729,1.2627,1.2644,1.272,1.3147
CMP-2026-0653,ISRO-TRAIN-LOT-2026,16,125.0,HEALTHY,0,10.268,10.535,10.972,11.514,2.449,2.45,2.604,2.461,1.2021,1.2025,1.2173,1.2523
CMP-2026-0654,ISRO-TRAIN-LOT-2026,19,125.0,HEALTHY,0,11.877,12.135,12.202,12.508,1.848,1.92,1.875,1.97,1.2521,1.255,1.2734,1.2725
CMP-2026-0655,ISRO-TRAIN-LOT-2026,6,125.0,HEALTHY,0,10.58,11.038,11.222,11.771,2.05,2.056,2.112,2.203,1.1023,1.095,1.1165,1.1329
CMP-2026-0656,ISRO-TRAIN-LOT-2026,17,125.0,HEALTHY,0,11.789,11.836,12.114,12.184,2.407,2.43,2.501,2.507,1.1865,1.1884,1.1912,1.2226
CMP-2026-0657,ISRO-TRAIN-LOT-2026,3,125.0,LATENT_DRIFT,1,11.967,18.835,50.606,96.105,2.571,2.971,5.071,11.571,1.2346,1.3146,1.5646,2.1146
CMP-2026-0658,ISRO-TRAIN-LOT-2026,3,125.0,HEALTHY,0,10.535,10.892,11.332,11.657,2.324,2.356,2.405,2.497,1.3036,1.3092,1.3239,1.3482
CMP-2026-0659,ISRO-TRAIN-LOT-2026,19,125.0,HEALTHY,0,11.067,11.196,11.726,11.918,2.955,2.999,2.96,3.079,1.1685,1.1745,1.1932,1.1947
CMP-2026-0660,ISRO-TRAIN-LOT-2026,15,125.0,HEALTHY,0,11.09,11.347,11.631,12.038,2.635,2.678,2.787,2.786,1.1707,1.1779,1.1798,1.1777
CMP-2026-0661,ISRO-TRAIN-LOT-2026,7,125.0,HEALTHY,0,9.275,9.6,9.849,9.823,2.125,2.195,2.196,2.178,1.1965,1.1968,1.2057,1.2361
CMP-2026-0662,ISRO-TRAIN-LOT-2026,9,125.0,LATENT_DRIFT,1,11.535,19.242,54.261,107.475,2.731,3.131,5.231,11.731,1.3437,1.4237,1.6737,2.2237
CMP-2026-0663,ISRO-TRAIN-LOT-2026,6,125.0,HEALTHY,0,9.549,9.88,10.326,10.465,2.352,2.424,2.449,2.442,1.2178,1.226,1.2504,1.2505
CMP-2026-0664,ISRO-TRAIN-LOT-2026,3,125.0,HEALTHY,0,10.619,10.765,11.027,10.692,2.752,2.798,2.818,2.878,1.2696,1.2697,1.2749,1.2972
CMP-2026-0665,ISRO-TRAIN-LOT-2026,5,125.0,HEALTHY,0,10.192,10.388,10.494,10.277,2.763,2.792,2.796,2.937,1.241,1.2447,1.2404,1.2666
CMP-2026-0666,ISRO-TRAIN-LOT-2026,7,125.0,HEALTHY,0,9.747,9.896,10.456,11.02,2.636,2.672,2.747,2.781,1.1223,1.1284,1.1222,1.1475
CMP-2026-0667,ISRO-TRAIN-LOT-2026,21,125.0,GROSS_OUTLIER,1,77.131,84.282,89.477,100.013,30.916,33.916,38.916,46.916,2.9372,3.1372,3.5372,4.1372
CMP-2026-0668,ISRO-TRAIN-LOT-2026,19,125.0,HEALTHY,0,13.24,13.435,13.559,13.601,2.419,2.469,2.491,2.558,1.3254,1.3325,1.3411,1.3438
CMP-2026-0669,ISRO-TRAIN-LOT-2026,3,125.0,HEALTHY,0,10.896,11.28,11.691,11.505,2.192,2.211,2.201,2.297,1.2745,1.2755,1.2825,1.2928
CMP-2026-0670,ISRO-TRAIN-LOT-2026,24,125.0,HEALTHY,0,11.376,11.59,11.985,12.239,2.479,2.492,2.522,2.531,1.1811,1.1848,1.1954,1.2117
CMP-2026-0671,ISRO-TRAIN-LOT-2026,24,125.0,LATENT_DRIFT,1,12.33,16.958,40.656,73.964,2.28,2.68,4.78,11.28,1.346,1.426,1.676,2.226
CMP-2026-0672,ISRO-TRAIN-LOT-2026,24,125.0,HEALTHY,0,10.113,10.333,10.724,11.398,2.359,2.36,2.409,2.536,1.1225,1.1268,1.1251,1.1626
CMP-2026-0673,ISRO-TRAIN-LOT-2026,14,125.0,HEALTHY,0,13.676,13.912,14.271,14.026,3.09,3.093,3.188,3.186,1.176,1.1719,1.1924,1.2182
CMP-2026-0674,ISRO-TRAIN-LOT-2026,6,125.0,HEALTHY,0,12.045,12.444,12.765,13.018,2.319,2.356,2.388,2.454,1.2833,1.2812,1.2884,1.321
CMP-2026-0675,ISRO-TRAIN-LOT-2026,21,125.0,HEALTHY,0,9.933,10.054,10.718,10.746,2.632,2.752,2.663,2.698,1.239,1.2432,1.2474,1.2599
CMP-2026-0676,ISRO-TRAIN-LOT-2026,1,125.0,HEALTHY,0,10.477,10.84,11.15,11.235,2.417,2.426,2.497,2.423,1.3851,1.3875,1.3856,1.3923
CMP-2026-0677,ISRO-TRAIN-LOT-2026,7,125.0,HEALTHY,0,9.092,9.276,9.188,9.171,2.152,2.207,2.202,2.131,1.2248,1.2217,1.2284,1.2642
CMP-2026-0678,ISRO-TRAIN-LOT-2026,8,125.0,HEALTHY,0,11.398,11.458,11.671,11.949,2.728,2.757,2.817,2.903,1.0696,1.0663,1.0824,1.1044
CMP-2026-0679,ISRO-TRAIN-LOT-2026,2,125.0,LATENT_PAT_OUTLIER,1,39.332,41.307,44.36,47.807,7.004,7.804,9.004,10.804,1.552,1.602,1.682,1.802
CMP-2026-0680,ISRO-TRAIN-LOT-2026,20,125.0,HEALTHY,0,10.92,11.084,11.538,11.299,2.24,2.246,2.266,2.342,1.1911,1.184,1.1943,1.2146
CMP-2026-0681,ISRO-TRAIN-LOT-2026,19,125.0,HEALTHY,0,9.221,9.33,9.654,10.24,2.271,2.342,2.359,2.473,1.0714,1.0703,1.0949,1.1253
CMP-2026-0682,ISRO-TRAIN-LOT-2026,1,125.0,HEALTHY,0,12.256,12.34,12.621,12.486,2.627,2.681,2.687,2.745,1.1524,1.1515,1.1789,1.1828
CMP-2026-0683,ISRO-TRAIN-LOT-2026,2,125.0,HEALTHY,0,11.51,11.776,11.656,11.606,2.578,2.622,2.623,2.618,1.2112,1.2172,1.2232,1.2489
CMP-2026-0684,ISRO-TRAIN-LOT-2026,11,125.0,HEALTHY,0,9.028,8.961,9.621,9.573,2.7,2.739,2.757,2.814,1.1989,1.1977,1.2122,1.2306
CMP-2026-0685,ISRO-TRAIN-LOT-2026,23,125.0,HEALTHY,0,8.902,9.002,9.418,9.496,2.758,2.763,2.833,2.876,1.1396,1.1465,1.1496,1.1694
CMP-2026-0686,ISRO-TRAIN-LOT-2026,3,125.0,HEALTHY,0,10.218,10.402,10.896,10.868,2.524,2.587,2.632,2.622,1.2721,1.2724,1.2853,1.2925
CMP-2026-0687,ISRO-TRAIN-LOT-2026,7,125.0,HEALTHY,0,9.49,9.859,9.785,10.378,2.369,2.392,2.392,2.493,1.2035,1.211,1.2153,1.2325
CMP-2026-0688,ISRO-TRAIN-LOT-2026,13,125.0,LATENT_PAT_OUTLIER,1,37.418,38.688,40.381,42.956,6.443,7.243,8.443,10.243,1.8629,1.9129,1.9929,2.1129
CMP-2026-0689,ISRO-TRAIN-LOT-2026,2,125.0,HEALTHY,0,10.688,10.785,10.831,11.006,2.722,2.77,2.775,2.844,1.1493,1.1625,1.173,1.1797
CMP-2026-0690,ISRO-TRAIN-LOT-2026,16,125.0,HEALTHY,0,10.986,11.334,11.717,12.011,2.429,2.446,2.436,2.523,1.1457,1.1419,1.1506,1.1909
CMP-2026-0691,ISRO-TRAIN-LOT-2026,11,125.0,HEALTHY,0,10.444,10.724,11.09,11.356,2.664,2.739,2.746,2.73,1.3298,1.3253,1.3404,1.3571
CMP-2026-0692,ISRO-TRAIN-LOT-2026,8,125.0,HEALTHY,0,10.192,10.566,10.78,10.75,2.044,2.111,2.196,2.178,1.2813,1.2803,1.293,1.3212
CMP-2026-0693,ISRO-TRAIN-LOT-2026,2,125.0,HEALTHY,0,11.554,11.645,11.898,12.108,2.366,2.454,2.407,2.462,1.2724,1.274,1.2826,1.3084
CMP-2026-0694,ISRO-TRAIN-LOT-2026,19,125.0,HEALTHY,0,11.41,11.461,11.624,11.748,2.403,2.4,2.465,2.543,1.1048,1.1075,1.1152,1.1565
CMP-2026-0695,ISRO-TRAIN-LOT-2026,14,125.0,HEALTHY,0,12.676,12.983,13.465,13.519,2.252,2.315,2.267,2.365,1.1682,1.1747,1.1762,1.1879
CMP-2026-0696,ISRO-TRAIN-LOT-2026,22,125.0,HEALTHY,0,9.782,9.976,10.114,10.19,2.49,2.558,2.611,2.578,1.2846,1.2942,1.2928,1.3152
CMP-2026-0697,ISRO-TRAIN-LOT-2026,5,125.0,HEALTHY,0,8.524,8.768,9.058,8.811,2.12,2.172,2.119,2.344,1.1608,1.1657,1.1705,1.1928
CMP-2026-0698,ISRO-TRAIN-LOT-2026,11,125.0,HEALTHY,0,11.295,11.44,11.627,11.504,2.346,2.417,2.429,2.385,1.1458,1.1441,1.1428,1.1682
CMP-2026-0699,ISRO-TRAIN-LOT-2026,8,125.0,HEALTHY,0,11.203,11.276,11.456,11.353,2.852,2.917,2.909,2.89,1.2691,1.2602,1.2914,1.3014
CMP-2026-0700,ISRO-TRAIN-LOT-2026,2,125.0,HEALTHY,0,9.422,9.698,9.759,9.541,2.749,2.76,2.765,2.824,1.2388,1.2366,1.2589,1.2778
CMP-2026-0701,ISRO-TRAIN-LOT-2026,6,125.0,HEALTHY,0,11.963,12.166,12.177,12.664,2.761,2.766,2.901,2.84,1.2816,1.2921,1.2845,1.3159
CMP-2026-0702,ISRO-TRAIN-LOT-2026,4,125.0,HEALTHY,0,10.008,10.281,10.863,10.657,2.633,2.694,2.723,2.689,1.259,1.2652,1.2653,1.2757
CMP-2026-0703,ISRO-TRAIN-LOT-2026,19,125.0,HEALTHY,0,11.393,11.683,12.262,12.145,2.3,2.368,2.421,2.414,1.2765,1.2808,1.2912,1.3039
CMP-2026-0704,ISRO-TRAIN-LOT-2026,3,125.0,HEALTHY,0,9.757,10.007,10.302,10.319,2.594,2.606,2.737,2.697,1.2386,1.2344,1.2507,1.2774
CMP-2026-0705,ISRO-TRAIN-LOT-2026,20,125.0,HEALTHY,0,10.994,11.364,11.639,11.891,2.402,2.447,2.488,2.56,1.2033,1.2149,1.2116,1.2343
CMP-2026-0706,ISRO-TRAIN-LOT-2026,15,125.0,HEALTHY,0,10.856,11.125,11.549,12.142,2.671,2.665,2.775,2.714,1.2996,1.3002,1.3007,1.3284
CMP-2026-0707,ISRO-TRAIN-LOT-2026,13,125.0,LATENT_PAT_OUTLIER,1,43.707,44.845,46.716,49.696,5.607,6.407,7.607,9.407,1.5072,1.5572,1.6372,1.7572
CMP-2026-0708,ISRO-TRAIN-LOT-2026,25,125.0,HEALTHY,0,12.055,12.222,12.71,12.945,2.488,2.501,2.608,2.551,1.3195,1.3276,1.3383,1.3482
CMP-2026-0709,ISRO-TRAIN-LOT-2026,5,125.0,HEALTHY,0,9.78,9.928,10.38,11.026,2.651,2.627,2.775,2.72,1.1353,1.1378,1.1485,1.1554
CMP-2026-0710,ISRO-TRAIN-LOT-2026,24,125.0,HEALTHY,0,11.561,11.802,12.152,12.475,2.497,2.538,2.556,2.523,1.3017,1.2937,1.3156,1.3194
CMP-2026-0711,ISRO-TRAIN-LOT-2026,14,125.0,HEALTHY,0,12.286,12.571,12.719,13.211,2.685,2.699,2.741,2.801,1.2687,1.2633,1.2707,1.2993
CMP-2026-0712,ISRO-TRAIN-LOT-2026,19,125.0,HEALTHY,0,9.875,10.203,10.118,10.238,2.6,2.601,2.675,2.741,1.0952,1.0943,1.1015,1.1439
CMP-2026-0713,ISRO-TRAIN-LOT-2026,5,125.0,HEALTHY,0,10.381,10.78,11.156,11.467,2.598,2.631,2.633,2.789,1.2107,1.2186,1.2207,1.2449
CMP-2026-0714,ISRO-TRAIN-LOT-2026,5,125.0,HEALTHY,0,10.417,10.415,10.919,10.98,2.189,2.231,2.221,2.325,1.0939,1.0981,1.0995,1.1353
CMP-2026-0715,ISRO-TRAIN-LOT-2026,23,125.0,HEALTHY,0,9.976,10.232,10.189,10.781,2.773,2.766,2.889,2.866,1.2437,1.2492,1.2627,1.2672
CMP-2026-0716,ISRO-TRAIN-LOT-2026,9,125.0,HEALTHY,0,11.087,11.636,11.764,12.36,1.878,1.875,2.075,1.958,1.0495,1.0534,1.0539,1.0702
CMP-2026-0717,ISRO-TRAIN-LOT-2026,8,125.0,HEALTHY,0,11.941,12.187,12.431,12.579,2.713,2.818,2.777,2.767,1.1879,1.1844,1.2016,1.2173
CMP-2026-0718,ISRO-TRAIN-LOT-2026,11,125.0,HEALTHY,0,10.883,10.962,11.507,11.528,2.183,2.243,2.234,2.273,1.0223,1.0255,1.0336,1.0508
CMP-2026-0719,ISRO-TRAIN-LOT-2026,3,125.0,LATENT_DRIFT,1,12.721,17.474,39.541,71.625,2.896,3.296,5.396,11.896,1.2748,1.3548,1.6048,2.1548
CMP-2026-0720,ISRO-TRAIN-LOT-2026,20,125.0,HEALTHY,0,9.749,10.03,10.592,10.446,1.932,1.959,2.102,2.064,1.2029,1.2008,1.2322,1.2285
CMP-2026-0721,ISRO-TRAIN-LOT-2026,20,125.0,HEALTHY,0,12.451,12.622,12.812,13.019,2.6,2.602,2.671,2.729,1.0239,1.0152,1.0339,1.071
CMP-2026-0722,ISRO-TRAIN-LOT-2026,5,125.0,HEALTHY,0,10.072,10.171,10.471,10.242,2.206,2.218,2.292,2.241,1.0846,1.0852,1.0993,1.1172
CMP-2026-0723,ISRO-TRAIN-LOT-2026,12,125.0,HEALTHY,0,8.67,8.928,9.413,9.769,2.528,2.581,2.577,2.675,1.1806,1.1789,1.1871,1.2123
CMP-2026-0724,ISRO-TRAIN-LOT-2026,17,125.0,HEALTHY,0,10.454,10.652,11.082,11.19,2.785,2.856,2.884,2.891,1.3387,1.3414,1.3504,1.3621
CMP-2026-0725,ISRO-TRAIN-LOT-2026,17,125.0,HEALTHY,0,12.498,12.754,13.201,13.285,1.869,1.864,1.963,1.95,1.2379,1.2354,1.2606,1.2688
CMP-2026-0726,ISRO-TRAIN-LOT-2026,2,125.0,HEALTHY,0,8.707,8.829,9.147,9.424,2.419,2.469,2.539,2.585,1.3,1.2989,1.3084,1.3475
CMP-2026-0727,ISRO-TRAIN-LOT-2026,20,125.0,HEALTHY,0,10.778,10.987,11.507,11.174,2.836,2.891,2.956,2.891,1.0739,1.0741,1.084,1.0949
CMP-2026-0728,ISRO-TRAIN-LOT-2026,3,125.0,HEALTHY,0,11.646,11.851,12.256,12.709,2.529,2.588,2.631,2.566,1.1833,1.1829,1.1987,1.2115
CMP-2026-0729,ISRO-TRAIN-LOT-2026,10,125.0,HEALTHY,0,10.256,10.452,11.083,10.864,2.532,2.607,2.735,2.621,1.1636,1.1659,1.1788,1.1867
CMP-2026-0730,ISRO-TRAIN-LOT-2026,6,125.0,HEALTHY,0,10.27,10.728,10.79,11.17,3.112,3.12,3.197,3.199,1.1704,1.1642,1.1978,1.2061
CMP-2026-0731,ISRO-TRAIN-LOT-2026,2,125.0,HEALTHY,0,7.288,7.562,7.994,8.058,3.006,3.058,3.053,3.171,1.2031,1.2079,1.2225,1.2271
CMP-2026-0732,ISRO-TRAIN-LOT-2026,25,125.0,HEALTHY,0,11.607,11.595,12.098,12.002,1.578,1.628,1.657,1.662,1.1553,1.1623,1.1679,1.1939
CMP-2026-0733,ISRO-TRAIN-LOT-2026,21,125.0,HEALTHY,0,11.086,11.34,11.861,12.105,2.564,2.591,2.657,2.705,1.1485,1.1559,1.1682,1.1723
CMP-2026-0734,ISRO-TRAIN-LOT-2026,18,125.0,HEALTHY,0,10.067,10.433,10.521,10.353,2.686,2.73,2.769,2.827,1.1799,1.1821,1.2,1.2049
CMP-2026-0735,ISRO-TRAIN-LOT-2026,17,125.0,HEALTHY,0,7.972,8.386,8.682,8.901,2.8,2.793,2.908,2.841,1.1414,1.1478,1.145,1.1798
CMP-2026-0736,ISRO-TRAIN-LOT-2026,22,125.0,GROSS_OUTLIER,1,63.425,70.006,81.206,102.804,27.035,30.035,35.035,43.035,2.6903,2.8903,3.2903,3.8903
CMP-2026-0737,ISRO-TRAIN-LOT-2026,22,125.0,HEALTHY,0,11.037,10.988,11.613,11.527,2.498,2.539,2.562,2.67,1.1474,1.1506,1.1709,1.1799
CMP-2026-0738,ISRO-TRAIN-LOT-2026,2,125.0,HEALTHY,0,10.623,11.002,11.459,11.226,2.63,2.705,2.646,2.756,1.1885,1.2019,1.2172,1.2155
CMP-2026-0739,ISRO-TRAIN-LOT-2026,10,125.0,LATENT_DRIFT,1,12.063,17.539,42.25,78.041,2.521,2.921,5.021,11.521,1.3702,1.4502,1.7002,2.2502
CMP-2026-0740,ISRO-TRAIN-LOT-2026,13,125.0,LATENT_PAT_OUTLIER,1,41.672,43.938,46.36,49.733,7.494,8.294,9.494,11.294,1.508,1.558,1.638,1.758
CMP-2026-0741,ISRO-TRAIN-LOT-2026,5,125.0,HEALTHY,0,10.311,10.506,10.655,11.157,1.989,2.056,2.061,2.056,1.0571,1.0659,1.0635,1.0848
CMP-2026-0742,ISRO-TRAIN-LOT-2026,7,125.0,HEALTHY,0,11.643,11.777,12.024,12.191,2.337,2.356,2.392,2.449,1.3222,1.3242,1.3328,1.3624
CMP-2026-0743,ISRO-TRAIN-LOT-2026,1,125.0,HEALTHY,0,8.329,8.682,9.123,8.776,2.673,2.692,2.725,2.777,1.1936,1.2009,1.2002,1.2178
CMP-2026-0744,ISRO-TRAIN-LOT-2026,6,125.0,HEALTHY,0,9.526,9.659,9.943,9.996,2.576,2.574,2.61,2.611,1.2813,1.2799,1.3034,1.3194
CMP-2026-0745,ISRO-TRAIN-LOT-2026,13,125.0,HEALTHY,0,10.049,10.458,10.982,10.925,1.797,1.818,1.856,1.907,1.2217,1.2158,1.2299,1.2767
CMP-2026-0746,ISRO-TRAIN-LOT-2026,20,125.0,HEALTHY,0,8.286,8.539,8.918,8.999,2.819,2.826,2.9,2.987,1.2374,1.238,1.2598,1.263
CMP-2026-0747,ISRO-TRAIN-LOT-2026,2,125.0,HEALTHY,0,10.149,10.47,10.504,11.102,2.655,2.674,2.688,2.722,1.2268,1.2235,1.2292,1.2442
CMP-2026-0748,ISRO-TRAIN-LOT-2026,13,125.0,LATENT_PAT_OUTLIER,1,38.793,40.349,42.166,46.399,7.195,7.995,9.195,10.995,1.7522,1.8022,1.8822,2.0022
CMP-2026-0749,ISRO-TRAIN-LOT-2026,17,125.0,HEALTHY,0,10.544,10.75,10.89,11.024,2.747,2.764,2.846,2.802,1.1772,1.1795,1.1808,1.2161
CMP-2026-0750,ISRO-TRAIN-LOT-2026,10,125.0,LATENT_DRIFT,1,13.035,17.802,39.697,71.773,2.575,2.975,5.075,11.575,1.3196,1.3996,1.6496,2.1996
CMP-2026-0751,ISRO-TRAIN-LOT-2026,22,125.0,HEALTHY,0,12.133,12.283,12.198,12.753,2.407,2.392,2.492,2.492,1.3036,1.3059,1.3136,1.3395
CMP-2026-0752,ISRO-TRAIN-LOT-2026,21,125.0,HEALTHY,0,10.1,10.247,10.599,10.731,3.004,3.035,3.029,3.19,1.1809,1.1858,1.1878,1.2038
CMP-2026-0753,ISRO-TRAIN-LOT-2026,23,125.0,HEALTHY,0,10.903,10.931,11.424,11.443,2.357,2.358,2.454,2.515,1.3764,1.3779,1.3888,1.4097
CMP-2026-0754,ISRO-TRAIN-LOT-2026,14,125.0,HEALTHY,0,11.039,11.368,11.392,11.489,2.891,2.908,2.888,3.009,1.1225,1.1056,1.1401,1.1571
CMP-2026-0755,ISRO-TRAIN-LOT-2026,4,125.0,HEALTHY,0,10.481,10.678,11.172,11.55,2.617,2.663,2.679,2.686,1.2504,1.2468,1.2439,1.2817
CMP-2026-0756,ISRO-TRAIN-LOT-2026,5,125.0,HEALTHY,0,12.172,12.408,12.489,12.503,2.401,2.41,2.453,2.455,1.2586,1.2565,1.2614,1.2747
CMP-2026-0757,ISRO-TRAIN-LOT-2026,21,125.0,HEALTHY,0,10.136,10.535,11.195,10.972,2.936,2.981,3.033,3.03,1.2783,1.2867,1.2896,1.3065
CMP-2026-0758,ISRO-TRAIN-LOT-2026,20,125.0,HEALTHY,0,10.723,11.082,11.356,11.538,2.55,2.599,2.573,2.592,1.0245,1.0283,1.0299,1.0423
CMP-2026-0759,ISRO-TRAIN-LOT-2026,24,125.0,HEALTHY,0,9.744,10.07,10.239,10.196,2.634,2.718,2.697,2.732,1.2734,1.2795,1.2842,1.2945
CMP-2026-0760,ISRO-TRAIN-LOT-2026,25,125.0,LATENT_DRIFT,1,12.796,18.34,42.24,79.301,2.383,2.783,4.883,11.383,1.2089,1.2889,1.5389,2.0889
CMP-2026-0761,ISRO-TRAIN-LOT-2026,10,125.0,HEALTHY,0,9.728,9.895,10.146,9.973,2.706,2.722,2.771,2.798,1.1148,1.1127,1.1344,1.1445
CMP-2026-0762,ISRO-TRAIN-LOT-2026,8,125.0,GROSS_OUTLIER,1,75.082,79.561,99.39,114.378,16.252,19.252,24.252,32.252,3.403,3.603,4.003,4.603
CMP-2026-0763,ISRO-TRAIN-LOT-2026,12,125.0,HEALTHY,0,10.759,10.904,11.429,11.705,2.458,2.472,2.465,2.51,1.1748,1.1689,1.1848,1.2066
CMP-2026-0764,ISRO-TRAIN-LOT-2026,15,125.0,HEALTHY,0,10.746,11.091,11.49,11.706,2.652,2.706,2.699,2.819,1.2164,1.2284,1.2183,1.2368
CMP-2026-0765,ISRO-TRAIN-LOT-2026,8,125.0,HEALTHY,0,10.49,10.516,10.851,10.691,2.434,2.48,2.522,2.542,1.1308,1.1267,1.1458,1.1704
CMP-2026-0766,ISRO-TRAIN-LOT-2026,3,125.0,HEALTHY,0,8.325,8.555,9.03,9.148,2.815,2.78,2.89,2.958,1.2557,1.2604,1.2599,1.2915
CMP-2026-0767,ISRO-TRAIN-LOT-2026,23,125.0,HEALTHY,0,11.737,11.979,12.032,12.354,2.923,2.955,2.997,3.131,1.238,1.2354,1.244,1.284
CMP-2026-0768,ISRO-TRAIN-LOT-2026,18,125.0,HEALTHY,0,10.818,11.022,11.407,11.468,2.099,2.102,2.178,2.197,1.2108,1.2084,1.2283,1.2383
CMP-2026-0769,ISRO-TRAIN-LOT-2026,6,125.0,HEALTHY,0,11.403,11.924,12.07,12.175,2.381,2.395,2.483,2.431,1.1559,1.1495,1.1747,1.1785
CMP-2026-0770,ISRO-TRAIN-LOT-2026,19,125.0,HEALTHY,0,9.587,9.876,10.246,10.313,2.514,2.578,2.578,2.723,1.2849,1.2878,1.2933,1.32
CMP-2026-0771,ISRO-TRAIN-LOT-2026,12,125.0,HEALTHY,0,11.949,12.362,12.499,12.493,3.307,3.339,3.403,3.324,1.2224,1.224,1.2453,1.2479
CMP-2026-0772,ISRO-TRAIN-LOT-2026,15,125.0,HEALTHY,0,11.471,11.735,12.17,12.133,2.39,2.443,2.429,2.483,1.2824,1.2779,1.3088,1.3323
CMP-2026-0773,ISRO-TRAIN-LOT-2026,12,125.0,LATENT_PAT_OUTLIER,1,37.161,38.746,42.037,45.838,8.41,9.21,10.41,12.21,1.5147,1.5647,1.6447,1.7647
CMP-2026-0774,ISRO-TRAIN-LOT-2026,20,125.0,HEALTHY,0,12.89,13.248,13.115,12.91,2.644,2.682,2.733,2.722,1.1068,1.1001,1.1167,1.1448
CMP-2026-0775,ISRO-TRAIN-LOT-2026,1,125.0,HEALTHY,0,8.236,8.237,8.234,8.513,2.253,2.367,2.363,2.273,1.0942,1.0993,1.1131,1.1193
CMP-2026-0776,ISRO-TRAIN-LOT-2026,9,125.0,HEALTHY,0,12.054,12.128,12.746,12.561,1.717,1.73,1.751,1.813,1.1231,1.1205,1.1387,1.1594
CMP-2026-0777,ISRO-TRAIN-LOT-2026,6,125.0,HEALTHY,0,9.364,9.683,9.792,9.984,2.285,2.32,2.347,2.379,1.2234,1.2321,1.2328,1.254
CMP-2026-0778,ISRO-TRAIN-LOT-2026,18,125.0,HEALTHY,0,9.611,9.998,10.271,10.621,2.881,2.947,2.979,3.016,1.2206,1.2275,1.2366,1.2541
CMP-2026-0779,ISRO-TRAIN-LOT-2026,23,125.0,HEALTHY,0,11.104,11.38,11.745,11.918,2.009,2.024,2.008,2.033,1.1733,1.1717,1.199,1.1926
CMP-2026-0780,ISRO-TRAIN-LOT-2026,11,125.0,HEALTHY,0,11.397,11.743,12.189,12.066,2.681,2.732,2.757,2.721,1.3796,1.3821,1.3954,1.4
CMP-2026-0781,ISRO-TRAIN-LOT-2026,18,125.0,HEALTHY,0,11.224,11.284,11.381,11.857,2.741,2.806,2.807,2.89,1.2304,1.2267,1.2289,1.254
CMP-2026-0782,ISRO-TRAIN-LOT-2026,6,125.0,HEALTHY,0,11.312,11.503,11.401,12.005,1.965,1.995,2.023,2.005,1.1324,1.1284,1.1397,1.1459
CMP-2026-0783,ISRO-TRAIN-LOT-2026,22,125.0,HEALTHY,0,11.94,12.234,12.556,12.982,2.389,2.391,2.451,2.431,1.0652,1.0561,1.08,1.1062
CMP-2026-0784,ISRO-TRAIN-LOT-2026,5,125.0,LATENT_PAT_OUTLIER,1,37.395,39.591,42.307,45.591,7.542,8.342,9.542,11.342,1.683,1.733,1.813,1.933
CMP-2026-0785,ISRO-TRAIN-LOT-2026,6,125.0,HEALTHY,0,11.556,11.882,12.059,12.426,2.197,2.246,2.28,2.262,1.1761,1.175,1.2042,1.2187
CMP-2026-0786,ISRO-TRAIN-LOT-2026,18,125.0,HEALTHY,0,11.209,11.338,11.627,11.6,2.18,2.2,2.204,2.292,1.1311,1.1419,1.1434,1.1686
CMP-2026-0787,ISRO-TRAIN-LOT-2026,10,125.0,HEALTHY,0,12.691,12.921,12.773,13.579,2.356,2.41,2.381,2.432,1.1766,1.1695,1.1808,1.2086
CMP-2026-0788,ISRO-TRAIN-LOT-2026,21,125.0,HEALTHY,0,9.065,9.414,9.259,9.592,2.831,2.855,2.921,2.952,1.2648,1.2689,1.2834,1.2901
CMP-2026-0789,ISRO-TRAIN-LOT-2026,7,125.0,HEALTHY,0,9.014,9.212,9.461,9.66,2.409,2.455,2.507,2.535,1.0992,1.1034,1.1086,1.1369
CMP-2026-0790,ISRO-TRAIN-LOT-2026,23,125.0,HEALTHY,0,10.497,10.814,11.121,11.228,2.528,2.555,2.602,2.638,1.226,1.2278,1.2389,1.2598
CMP-2026-0791,ISRO-TRAIN-LOT-2026,14,125.0,HEALTHY,0,10.359,10.694,10.735,10.964,2.438,2.443,2.488,2.497,1.2916,1.2901,1.299,1.3371
CMP-2026-0792,ISRO-TRAIN-LOT-2026,15,125.0,HEALTHY,0,11.575,11.838,12.109,12.149,2.058,2.137,2.135,2.132,1.1996,1.2055,1.207,1.2187
CMP-2026-0793,ISRO-TRAIN-LOT-2026,11,125.0,HEALTHY,0,9.265,9.652,10.203,9.944,2.225,2.27,2.289,2.327,1.199,1.1928,1.2045,1.2228
CMP-2026-0794,ISRO-TRAIN-LOT-2026,2,125.0,HEALTHY,0,7.767,8.097,8.228,8.73,2.64,2.691,2.721,2.79,1.2166,1.2227,1.2297,1.2369
CMP-2026-0795,ISRO-TRAIN-LOT-2026,14,125.0,HEALTHY,0,11.057,11.28,11.844,12.359,2.609,2.626,2.658,2.788,1.2467,1.2495,1.2485,1.2664
CMP-2026-0796,ISRO-TRAIN-LOT-2026,9,125.0,HEALTHY,0,8.684,8.971,9.097,9.203,2.125,2.235,2.2,2.27,1.0861,1.0824,1.097,1.1143
CMP-2026-0797,ISRO-TRAIN-LOT-2026,17,125.0,HEALTHY,0,9.882,10.081,10.004,10.235,2.349,2.419,2.467,2.427,1.2001,1.2006,1.2098,1.2365
CMP-2026-0798,ISRO-TRAIN-LOT-2026,1,125.0,HEALTHY,0,12.333,12.51,12.434,12.96,2.269,2.333,2.328,2.312,1.1564,1.1551,1.1684,1.1803
CMP-2026-0799,ISRO-TRAIN-LOT-2026,18,125.0,HEALTHY,0,12.118,12.404,12.644,12.862,2.981,2.978,3.068,3.13,1.1495,1.1531,1.164,1.168
CMP-2026-0800,ISRO-TRAIN-LOT-2026,21,125.0,HEALTHY,0,10.759,11.043,11.343,11.329,2.218,2.251,2.237,2.2,1.1975,1.1962,1.2096,1.233
CMP-2026-0801,ISRO-TRAIN-LOT-2026,3,125.0,HEALTHY,0,10.922,11.111,11.239,11.546,2.701,2.697,2.8,2.846,1.1226,1.1295,1.121,1.1502
CMP-2026-0802,ISRO-TRAIN-LOT-2026,22,125.0,HEALTHY,0,11.99,12.081,12.453,12.311,3.28,3.304,3.425,3.285,1.2786,1.2826,1.2936,1.3173
CMP-2026-0803,ISRO-TRAIN-LOT-2026,21,125.0,HEALTHY,0,12.331,12.598,12.744,12.642,2.615,2.663,2.726,2.767,1.287,1.2982,1.2977,1.3244
CMP-2026-0804,ISRO-TRAIN-LOT-2026,22,125.0,HEALTHY,0,11.463,11.464,11.514,11.54,2.843,2.92,2.902,2.915,1.2612,1.2671,1.2845,1.2915
CMP-2026-0805,ISRO-TRAIN-LOT-2026,7,125.0,HEALTHY,0,11.312,11.773,12.054,12.0,2.503,2.483,2.609,2.57,1.1397,1.1341,1.1488,1.1725
CMP-2026-0806,ISRO-TRAIN-LOT-2026,18,125.0,HEALTHY,0,10.845,11.295,11.576,12.071,2.066,2.107,2.138,2.144,1.2206,1.2182,1.2333,1.2548
CMP-2026-0807,ISRO-TRAIN-LOT-2026,20,125.0,HEALTHY,0,10.089,10.286,10.68,10.81,2.731,2.819,2.763,2.83,1.2863,1.281,1.2874,1.3151
CMP-2026-0808,ISRO-TRAIN-LOT-2026,25,125.0,HEALTHY,0,11.698,11.974,12.63,12.612,2.419,2.43,2.57,2.537,1.3482,1.3453,1.3577,1.3868
CMP-2026-0809,ISRO-TRAIN-LOT-2026,22,125.0,HEALTHY,0,9.12,9.2,9.384,9.561,2.316,2.341,2.376,2.46,1.1755,1.1813,1.1766,1.207
CMP-2026-0810,ISRO-TRAIN-LOT-2026,7,125.0,HEALTHY,0,9.91,10.122,10.472,10.774,2.624,2.666,2.706,2.691,1.1925,1.2026,1.2139,1.2209
CMP-2026-0811,ISRO-TRAIN-LOT-2026,21,125.0,LATENT_PAT_OUTLIER,1,38.362,40.017,43.137,45.252,6.769,7.569,8.769,10.569,1.3995,1.4495,1.5295,1.6495
CMP-2026-0812,ISRO-TRAIN-LOT-2026,11,125.0,HEALTHY,0,10.83,11.274,11.695,11.596,2.904,2.912,2.989,3.057,1.1778,1.1742,1.1892,1.1799
CMP-2026-0813,ISRO-TRAIN-LOT-2026,1,125.0,HEALTHY,0,9.626,9.927,10.005,10.441,2.46,2.488,2.52,2.648,1.173,1.175,1.1882,1.2048
CMP-2026-0814,ISRO-TRAIN-LOT-2026,20,125.0,HEALTHY,0,10.711,11.007,11.09,11.183,2.733,2.755,2.806,2.836,1.1109,1.11,1.1209,1.1482
CMP-2026-0815,ISRO-TRAIN-LOT-2026,14,125.0,HEALTHY,0,10.706,10.68,10.991,10.823,2.444,2.501,2.517,2.616,1.2047,1.2101,1.2222,1.2411
CMP-2026-0816,ISRO-TRAIN-LOT-2026,23,125.0,HEALTHY,0,11.954,12.266,12.598,12.952,3.003,3.053,3.051,3.105,1.0539,1.0498,1.0627,1.0919
CMP-2026-0817,ISRO-TRAIN-LOT-2026,6,125.0,HEALTHY,0,9.625,9.721,9.715,10.329,2.446,2.421,2.512,2.445,1.2299,1.2373,1.2581,1.2702
CMP-2026-0818,ISRO-TRAIN-LOT-2026,7,125.0,HEALTHY,0,10.309,10.687,10.792,11.217,2.526,2.612,2.539,2.681,1.2057,1.2116,1.2037,1.2367
CMP-2026-0819,ISRO-TRAIN-LOT-2026,7,125.0,HEALTHY,0,9.578,9.945,9.958,10.272,2.735,2.799,2.844,2.827,1.28,1.2833,1.2824,1.3272
CMP-2026-0820,ISRO-TRAIN-LOT-2026,10,125.0,HEALTHY,0,10.346,10.56,11.172,11.334,3.03,3.096,3.09,3.118,1.3031,1.3048,1.3184,1.3106
CMP-2026-0821,ISRO-TRAIN-LOT-2026,2,125.0,HEALTHY,0,10.554,10.983,11.331,11.745,1.853,1.925,1.88,1.928,1.1832,1.1867,1.1899,1.2168
CMP-2026-0822,ISRO-TRAIN-LOT-2026,8,125.0,HEALTHY,0,12.407,12.745,13.018,13.332,2.716,2.757,2.812,2.857,1.1962,1.1962,1.1896,1.2326
CMP-2026-0823,ISRO-TRAIN-LOT-2026,24,125.0,HEALTHY,0,10.929,10.836,11.399,11.061,2.733,2.795,2.699,2.824,1.0285,1.0367,1.0474,1.0558
CMP-2026-0824,ISRO-TRAIN-LOT-2026,15,125.0,GROSS_OUTLIER,1,74.338,80.561,88.423,102.825,20.902,23.902,28.902,36.902,3.9853,4.1853,4.5853,5.1853
CMP-2026-0825,ISRO-TRAIN-LOT-2026,22,125.0,HEALTHY,0,12.597,12.719,13.06,13.364,2.049,2.103,2.086,2.166,1.1052,1.1108,1.1211,1.1449
CMP-2026-0826,ISRO-TRAIN-LOT-2026,8,125.0,LATENT_PAT_OUTLIER,1,41.786,43.972,46.89,50.849,6.577,7.377,8.577,10.377,1.5564,1.6064,1.6864,1.8064
CMP-2026-0827,ISRO-TRAIN-LOT-2026,16,125.0,HEALTHY,0,11.701,11.851,12.055,12.139,2.515,2.505,2.658,2.588,1.172,1.1806,1.1809,1.1971
CMP-2026-0828,ISRO-TRAIN-LOT-2026,23,125.0,HEALTHY,0,11.274,11.342,11.384,11.901,2.677,2.659,2.722,2.795,0.9608,0.9662,0.9661,0.9969
CMP-2026-0829,ISRO-TRAIN-LOT-2026,23,125.0,HEALTHY,0,10.842,10.897,10.911,10.806,2.542,2.594,2.637,2.649,1.3354,1.3398,1.3378,1.3714
CMP-2026-0830,ISRO-TRAIN-LOT-2026,25,125.0,LATENT_PAT_OUTLIER,1,44.802,46.285,48.458,52.405,8.101,8.901,10.101,11.901,1.7591,1.8091,1.8891,2.0091
CMP-2026-0831,ISRO-TRAIN-LOT-2026,1,125.0,HEALTHY,0,10.754,10.975,11.329,11.73,1.96,2.032,1.993,2.082,1.1616,1.168,1.1788,1.2042
CMP-2026-0832,ISRO-TRAIN-LOT-2026,10,125.0,HEALTHY,0,12.315,12.578,13.4,13.338,2.429,2.448,2.422,2.474,1.3527,1.3595,1.3695,1.3785
CMP-2026-0833,ISRO-TRAIN-LOT-2026,25,125.0,HEALTHY,0,11.794,12.038,12.446,12.433,2.009,2.036,2.112,2.083,1.1535,1.1527,1.1692,1.1936
CMP-2026-0834,ISRO-TRAIN-LOT-2026,20,125.0,HEALTHY,0,10.606,10.713,10.708,10.988,2.627,2.67,2.692,2.803,1.2352,1.2418,1.2271,1.2623
CMP-2026-0835,ISRO-TRAIN-LOT-2026,3,125.0,HEALTHY,0,8.59,8.98,9.299,9.46,2.293,2.364,2.389,2.434,1.0474,1.0533,1.0551,1.0796
CMP-2026-0836,ISRO-TRAIN-LOT-2026,23,125.0,HEALTHY,0,10.854,11.173,11.615,11.896,2.464,2.494,2.567,2.48,1.3706,1.3667,1.3775,1.3907
CMP-2026-0837,ISRO-TRAIN-LOT-2026,20,125.0,GROSS_OUTLIER,1,69.928,76.035,85.172,95.626,19.99,22.99,27.99,35.99,2.6968,2.8968,3.2968,3.8968
CMP-2026-0838,ISRO-TRAIN-LOT-2026,8,125.0,HEALTHY,0,11.245,11.411,11.828,11.944,2.603,2.632,2.641,2.692,1.2037,1.1998,1.1972,1.2357
CMP-2026-0839,ISRO-TRAIN-LOT-2026,14,125.0,HEALTHY,0,10.119,10.465,10.697,10.833,2.418,2.48,2.472,2.587,1.0585,1.061,1.0629,1.0799
CMP-2026-0840,ISRO-TRAIN-LOT-2026,25,125.0,HEALTHY,0,10.689,11.196,11.342,11.676,2.708,2.784,2.783,2.833,1.3242,1.3262,1.3419,1.3615
CMP-2026-0841,ISRO-TRAIN-LOT-2026,6,125.0,HEALTHY,0,10.0,10.258,10.667,10.181,2.684,2.815,2.78,2.773,1.1171,1.1212,1.1285,1.1416
CMP-2026-0842,ISRO-TRAIN-LOT-2026,13,125.0,HEALTHY,0,7.798,8.213,8.587,8.772,2.694,2.781,2.717,2.841,1.1697,1.1672,1.1895,1.1817
CMP-2026-0843,ISRO-TRAIN-LOT-2026,16,125.0,HEALTHY,0,8.334,8.457,8.545,8.911,2.529,2.559,2.61,2.657,1.3031,1.3091,1.3084,1.3212
CMP-2026-0844,ISRO-TRAIN-LOT-2026,12,125.0,HEALTHY,0,10.273,10.621,10.722,11.077,2.619,2.642,2.664,2.632,1.3051,1.3101,1.3232,1.3398
CMP-2026-0845,ISRO-TRAIN-LOT-2026,7,125.0,HEALTHY,0,10.334,10.541,10.785,10.675,2.479,2.496,2.612,2.582,1.2764,1.2762,1.2936,1.2969
CMP-2026-0846,ISRO-TRAIN-LOT-2026,5,125.0,HEALTHY,0,10.66,10.838,11.182,11.157,2.716,2.753,2.741,2.794,1.1556,1.1536,1.1696,1.1897
CMP-2026-0847,ISRO-TRAIN-LOT-2026,13,125.0,HEALTHY,0,10.951,11.255,11.258,11.959,3.185,3.247,3.308,3.292,1.2269,1.2326,1.246,1.2506
CMP-2026-0848,ISRO-TRAIN-LOT-2026,14,125.0,HEALTHY,0,9.985,10.094,10.573,10.926,1.883,1.961,1.976,2.076,1.3693,1.3788,1.3776,1.3936
CMP-2026-0849,ISRO-TRAIN-LOT-2026,22,125.0,HEALTHY,0,11.431,11.661,11.986,11.976,2.407,2.425,2.425,2.526,1.3085,1.3237,1.3176,1.3394
CMP-2026-0850,ISRO-TRAIN-LOT-2026,15,125.0,HEALTHY,0,11.005,11.352,11.798,11.803,2.973,2.995,3.045,3.101,1.2065,1.2139,1.2216,1.2284
CMP-2026-0851,ISRO-TRAIN-LOT-2026,12,125.0,HEALTHY,0,12.355,12.486,13.262,13.288,2.099,2.163,2.222,2.303,1.2095,1.218,1.2267,1.2324
CMP-2026-0852,ISRO-TRAIN-LOT-2026,21,125.0,HEALTHY,0,7.633,8.068,8.251,8.448,2.479,2.49,2.519,2.642,1.2543,1.2578,1.2606,1.2845
CMP-2026-0853,ISRO-TRAIN-LOT-2026,7,125.0,LATENT_PAT_OUTLIER,1,45.989,47.993,50.312,53.429,7.149,7.949,9.149,10.949,1.5084,1.5584,1.6384,1.7584
CMP-2026-0854,ISRO-TRAIN-LOT-2026,15,125.0,HEALTHY,0,9.215,9.449,9.671,9.901,2.44,2.47,2.502,2.533,1.161,1.1616,1.1704,1.1979
CMP-2026-0855,ISRO-TRAIN-LOT-2026,25,125.0,HEALTHY,0,12.128,12.286,12.781,12.725,3.209,3.261,3.292,3.368,1.205,1.2152,1.2283,1.2361
CMP-2026-0856,ISRO-TRAIN-LOT-2026,20,125.0,HEALTHY,0,10.716,10.839,11.444,10.908,2.605,2.658,2.651,2.693,1.0642,1.0655,1.0749,1.0919
CMP-2026-0857,ISRO-TRAIN-LOT-2026,16,125.0,HEALTHY,0,10.397,10.331,10.877,10.751,2.445,2.492,2.436,2.591,1.2069,1.2027,1.2132,1.2493
CMP-2026-0858,ISRO-TRAIN-LOT-2026,12,125.0,HEALTHY,0,9.658,9.881,10.409,10.513,2.286,2.335,2.383,2.301,1.1826,1.1859,1.1867,1.2162
CMP-2026-0859,ISRO-TRAIN-LOT-2026,2,125.0,HEALTHY,0,10.588,10.72,11.121,11.44,2.209,2.277,2.265,2.37,1.2031,1.2005,1.2217,1.2312
CMP-2026-0860,ISRO-TRAIN-LOT-2026,2,125.0,HEALTHY,0,9.78,10.122,10.208,10.644,2.145,2.194,2.237,2.231,1.2829,1.2902,1.3077,1.2954
CMP-2026-0861,ISRO-TRAIN-LOT-2026,12,125.0,HEALTHY,0,10.332,10.615,11.026,11.21,2.124,2.147,2.205,2.139,1.3489,1.3465,1.3501,1.3852
CMP-2026-0862,ISRO-TRAIN-LOT-2026,9,125.0,LATENT_DRIFT,1,9.397,14.322,35.74,66.958,2.205,2.605,4.705,11.205,1.0878,1.1678,1.4178,1.9678
CMP-2026-0863,ISRO-TRAIN-LOT-2026,13,125.0,HEALTHY,0,10.113,10.321,10.689,10.923,2.625,2.655,2.641,2.714,1.3209,1.3156,1.3365,1.3645
CMP-2026-0864,ISRO-TRAIN-LOT-2026,12,125.0,HEALTHY,0,11.118,11.356,11.435,11.192,2.521,2.609,2.591,2.659,1.0125,1.0232,1.0352,1.0534
CMP-2026-0865,ISRO-TRAIN-LOT-2026,16,125.0,HEALTHY,0,8.943,8.952,9.493,9.67,2.566,2.624,2.669,2.777,1.2424,1.2402,1.251,1.2793
CMP-2026-0866,ISRO-TRAIN-LOT-2026,4,125.0,HEALTHY,0,9.136,9.547,9.641,9.681,2.882,2.92,2.983,2.999,1.0232,1.0214,1.0263,1.0713
CMP-2026-0867,ISRO-TRAIN-LOT-2026,8,125.0,HEALTHY,0,8.448,8.661,8.872,9.242,2.469,2.46,2.547,2.616,0.998,1.0057,1.0174,1.0219
CMP-2026-0868,ISRO-TRAIN-LOT-2026,15,125.0,HEALTHY,0,10.958,11.342,11.86,11.941,2.532,2.587,2.664,2.646,1.2216,1.2188,1.2408,1.2605
CMP-2026-0869,ISRO-TRAIN-LOT-2026,14,125.0,HEALTHY,0,12.298,12.341,12.621,12.803,2.027,2.064,2.211,2.169,1.2472,1.2547,1.259,1.2697
CMP-2026-0870,ISRO-TRAIN-LOT-2026,7,125.0,HEALTHY,0,9.478,9.635,10.156,10.053,2.403,2.491,2.537,2.492,1.3311,1.3379,1.3374,1.3603
CMP-2026-0871,ISRO-TRAIN-LOT-2026,25,125.0,HEALTHY,0,12.906,13.051,13.148,13.421,2.72,2.749,2.855,2.814,1.1244,1.1237,1.1417,1.1612
CMP-2026-0872,ISRO-TRAIN-LOT-2026,4,125.0,GROSS_OUTLIER,1,60.109,63.869,77.174,92.242,20.417,23.417,28.417,36.417,3.0237,3.2237,3.6237,4.2237
CMP-2026-0873,ISRO-TRAIN-LOT-2026,20,125.0,HEALTHY,0,13.435,13.462,14.038,14.077,2.751,2.823,2.876,2.802,1.2691,1.2733,1.2725,1.2973
CMP-2026-0874,ISRO-TRAIN-LOT-2026,1,125.0,HEALTHY,0,11.513,11.725,11.892,12.002,2.967,3.033,3.033,3.1,1.1761,1.1759,1.1917,1.1965
CMP-2026-0875,ISRO-TRAIN-LOT-2026,15,125.0,HEALTHY,0,10.247,10.387,10.575,10.7,2.501,2.53,2.547,2.578,1.1658,1.1705,1.1668,1.2047
CMP-2026-0876,ISRO-TRAIN-LOT-2026,9,125.0,HEALTHY,0,11.161,11.333,11.487,12.029,2.389,2.37,2.538,2.555,1.2985,1.291,1.306,1.3239
CMP-2026-0877,ISRO-TRAIN-LOT-2026,10,125.0,HEALTHY,0,10.68,11.199,11.482,11.732,2.389,2.392,2.536,2.479,1.2212,1.2307,1.2354,1.2433
CMP-2026-0878,ISRO-TRAIN-LOT-2026,14,125.0,LATENT_PAT_OUTLIER,1,41.21,42.373,45.78,49.406,7.549,8.349,9.549,11.349,1.5631,1.6131,1.6931,1.8131
CMP-2026-0879,ISRO-TRAIN-LOT-2026,20,125.0,HEALTHY,0,11.934,12.262,12.701,12.644,2.287,2.274,2.306,2.351,1.2512,1.2507,1.2658,1.2915
CMP-2026-0880,ISRO-TRAIN-LOT-2026,25,125.0,HEALTHY,0,11.936,12.179,12.305,12.652,2.503,2.556,2.535,2.508,1.2102,1.214,1.2377,1.2351
CMP-2026-0881,ISRO-TRAIN-LOT-2026,16,125.0,HEALTHY,0,10.363,10.678,11.027,11.333,2.544,2.612,2.666,2.616,1.1572,1.1567,1.1779,1.1792
CMP-2026-0882,ISRO-TRAIN-LOT-2026,6,125.0,HEALTHY,0,10.839,11.04,11.364,11.737,2.154,2.202,2.217,2.237,1.1538,1.1499,1.1746,1.1855
CMP-2026-0883,ISRO-TRAIN-LOT-2026,2,125.0,LATENT_DRIFT,1,12.656,18.562,46.248,88.281,2.821,3.221,5.321,11.821,1.1978,1.2778,1.5278,2.0778
CMP-2026-0884,ISRO-TRAIN-LOT-2026,16,125.0,HEALTHY,0,9.879,9.983,10.043,10.2,2.529,2.577,2.54,2.633,1.281,1.2843,1.2932,1.29
CMP-2026-0885,ISRO-TRAIN-LOT-2026,16,125.0,HEALTHY,0,10.554,10.927,11.184,11.638,2.372,2.419,2.438,2.498,1.1369,1.1428,1.135,1.178
CMP-2026-0886,ISRO-TRAIN-LOT-2026,21,125.0,HEALTHY,0,12.501,12.613,12.562,13.101,2.094,2.112,2.165,2.249,1.1836,1.1857,1.1962,1.2025
CMP-2026-0887,ISRO-TRAIN-LOT-2026,5,125.0,HEALTHY,0,8.151,8.425,8.884,9.349,2.83,2.81,2.857,2.906,1.2715,1.2731,1.262,1.3
CMP-2026-0888,ISRO-TRAIN-LOT-2026,12,125.0,LATENT_DRIFT,1,10.498,18.052,51.719,99.733,2.451,2.851,4.951,11.451,1.3186,1.3986,1.6486,2.1986
CMP-2026-0889,ISRO-TRAIN-LOT-2026,15,125.0,HEALTHY,0,11.219,11.383,12.049,12.214,2.047,2.08,2.048,2.128,1.1464,1.1435,1.1551,1.1757
CMP-2026-0890,ISRO-TRAIN-LOT-2026,5,125.0,LATENT_PAT_OUTLIER,1,43.402,44.757,46.819,50.277,8.181,8.981,10.181,11.981,1.5716,1.6216,1.7016,1.8216
CMP-2026-0891,ISRO-TRAIN-LOT-2026,24,125.0,HEALTHY,0,10.911,11.313,11.459,11.509,1.82,1.848,1.899,1.892,1.3909,1.3877,1.392,1.4281
CMP-2026-0892,ISRO-TRAIN-LOT-2026,19,125.0,HEALTHY,0,12.23,12.467,12.753,13.017,2.688,2.695,2.744,2.797,1.2333,1.2348,1.2467,1.2636
CMP-2026-0893,ISRO-TRAIN-LOT-2026,13,125.0,LATENT_DRIFT,1,11.998,19.619,54.638,105.5,2.532,2.932,5.032,11.532,1.282,1.362,1.612,2.162
CMP-2026-0894,ISRO-TRAIN-LOT-2026,6,125.0,GROSS_OUTLIER,1,74.444,82.776,93.511,115.278,20.237,23.237,28.237,36.237,3.5078,3.7078,4.1078,4.7078
CMP-2026-0895,ISRO-TRAIN-LOT-2026,10,125.0,HEALTHY,0,9.469,9.673,9.704,9.569,2.569,2.591,2.637,2.654,1.2354,1.242,1.2422,1.2662
CMP-2026-0896,ISRO-TRAIN-LOT-2026,10,125.0,HEALTHY,0,9.523,9.635,9.448,9.86,2.47,2.546,2.54,2.581,1.1708,1.1574,1.1844,1.1959
CMP-2026-0897,ISRO-TRAIN-LOT-2026,15,125.0,HEALTHY,0,13.454,13.713,13.736,13.899,2.051,2.096,2.146,2.183,1.0872,1.0843,1.0958,1.1288
CMP-2026-0898,ISRO-TRAIN-LOT-2026,16,125.0,HEALTHY,0,13.356,13.651,14.081,14.225,2.541,2.55,2.545,2.731,1.2298,1.2353,1.2308,1.2678
CMP-2026-0899,ISRO-TRAIN-LOT-2026,4,125.0,HEALTHY,0,9.2,9.442,9.882,9.959,2.55,2.596,2.581,2.615,1.2,1.193,1.2052,1.2211
CMP-2026-0900,ISRO-TRAIN-LOT-2026,20,125.0,HEALTHY,0,11.103,11.364,11.705,11.541,2.418,2.433,2.533,2.451,1.1781,1.1824,1.1919,1.2273
CMP-2026-0901,ISRO-TRAIN-LOT-2026,1,125.0,HEALTHY,0,8.577,8.795,8.998,9.312,2.656,2.699,2.754,2.797,1.1049,1.1068,1.118,1.1266
CMP-2026-0902,ISRO-TRAIN-LOT-2026,24,125.0,HEALTHY,0,11.953,12.273,12.934,12.968,2.606,2.633,2.728,2.619,1.0283,1.0227,1.0388,1.0496
CMP-2026-0903,ISRO-TRAIN-LOT-2026,17,125.0,HEALTHY,0,10.983,11.23,11.379,11.976,2.184,2.18,2.259,2.308,1.2214,1.2328,1.2369,1.2639
CMP-2026-0904,ISRO-TRAIN-LOT-2026,11,125.0,HEALTHY,0,10.009,10.193,10.269,10.536,2.332,2.346,2.465,2.41,1.1602,1.1555,1.1845,1.2002
CMP-2026-0905,ISRO-TRAIN-LOT-2026,21,125.0,LATENT_DRIFT,1,12.409,17.578,41.78,78.941,2.349,2.749,4.849,11.349,1.1051,1.1851,1.4351,1.9851
CMP-2026-0906,ISRO-TRAIN-LOT-2026,25,125.0,HEALTHY,0,11.879,11.99,12.1,12.201,2.386,2.448,2.493,2.564,1.1605,1.1643,1.1641,1.1876
CMP-2026-0907,ISRO-TRAIN-LOT-2026,9,125.0,HEALTHY,0,11.588,11.612,11.706,11.817,2.23,2.312,2.274,2.294,1.1391,1.1396,1.1591,1.1721
CMP-2026-0908,ISRO-TRAIN-LOT-2026,9,125.0,HEALTHY,0,11.525,12.04,12.421,12.353,2.345,2.322,2.417,2.491,1.1531,1.1597,1.1603,1.1896
CMP-2026-0909,ISRO-TRAIN-LOT-2026,17,125.0,HEALTHY,0,10.958,11.12,11.125,11.621,2.728,2.737,2.845,2.829,1.0989,1.1058,1.1074,1.1343
CMP-2026-0910,ISRO-TRAIN-LOT-2026,11,125.0,HEALTHY,0,10.971,11.328,11.315,11.695,2.765,2.793,2.876,2.844,1.0835,1.0849,1.0931,1.1164
CMP-2026-0911,ISRO-TRAIN-LOT-2026,15,125.0,HEALTHY,0,10.07,10.424,10.702,11.077,2.412,2.441,2.444,2.496,1.2211,1.2266,1.2334,1.2427
CMP-2026-0912,ISRO-TRAIN-LOT-2026,15,125.0,HEALTHY,0,12.359,12.626,12.726,12.818,2.404,2.419,2.503,2.565,1.2517,1.2528,1.2518,1.2853
CMP-2026-0913,ISRO-TRAIN-LOT-2026,2,125.0,HEALTHY,0,9.317,9.672,10.282,10.337,2.565,2.61,2.664,2.622,1.3122,1.3189,1.335,1.3346
CMP-2026-0914,ISRO-TRAIN-LOT-2026,2,125.0,HEALTHY,0,11.254,11.775,11.971,12.161,2.965,3.014,3.001,3.164,1.1974,1.1932,1.2158,1.2294
CMP-2026-0915,ISRO-TRAIN-LOT-2026,9,125.0,HEALTHY,0,10.817,11.155,11.78,11.685,2.693,2.764,2.862,2.78,1.1577,1.1637,1.1664,1.1823
CMP-2026-0916,ISRO-TRAIN-LOT-2026,15,125.0,HEALTHY,0,11.231,11.547,11.214,11.808,2.795,2.783,2.883,2.9,1.2738,1.266,1.2763,1.3055
CMP-2026-0917,ISRO-TRAIN-LOT-2026,6,125.0,HEALTHY,0,11.944,12.082,12.052,12.272,2.361,2.364,2.409,2.369,1.1118,1.1119,1.1341,1.1292
CMP-2026-0918,ISRO-TRAIN-LOT-2026,17,125.0,HEALTHY,0,8.807,8.775,9.009,9.158,2.458,2.489,2.6,2.521,1.3075,1.3047,1.3278,1.3309
CMP-2026-0919,ISRO-TRAIN-LOT-2026,18,125.0,HEALTHY,0,10.736,10.986,11.208,11.136,2.289,2.254,2.386,2.33,1.1523,1.164,1.1741,1.2014
CMP-2026-0920,ISRO-TRAIN-LOT-2026,2,125.0,HEALTHY,0,9.85,10.044,10.596,10.604,2.448,2.509,2.592,2.593,1.1623,1.1591,1.1642,1.1795
CMP-2026-0921,ISRO-TRAIN-LOT-2026,15,125.0,HEALTHY,0,8.484,8.733,9.134,9.207,2.704,2.776,2.787,2.887,1.0819,1.0912,1.0731,1.1138
CMP-2026-0922,ISRO-TRAIN-LOT-2026,20,125.0,HEALTHY,0,11.206,11.353,11.976,12.015,3.125,3.165,3.211,3.214,1.146,1.1515,1.1656,1.1701
CMP-2026-0923,ISRO-TRAIN-LOT-2026,22,125.0,HEALTHY,0,9.887,10.105,10.198,10.567,2.373,2.378,2.438,2.322,1.1697,1.1743,1.1768,1.2128
CMP-2026-0924,ISRO-TRAIN-LOT-2026,1,125.0,HEALTHY,0,11.602,11.749,11.861,12.016,3.375,3.442,3.458,3.423,1.1745,1.1802,1.1777,1.2039
CMP-2026-0925,ISRO-TRAIN-LOT-2026,5,125.0,HEALTHY,0,10.121,10.388,10.702,11.24,2.446,2.473,2.562,2.531,1.1531,1.1505,1.1555,1.1724
CMP-2026-0926,ISRO-TRAIN-LOT-2026,1,125.0,HEALTHY,0,12.312,12.586,12.742,13.163,2.288,2.343,2.357,2.39,1.1837,1.19,1.1896,1.2142
CMP-2026-0927,ISRO-TRAIN-LOT-2026,21,125.0,HEALTHY,0,9.309,9.714,10.096,10.661,2.751,2.824,2.803,2.877,1.187,1.1846,1.1986,1.2319
CMP-2026-0928,ISRO-TRAIN-LOT-2026,7,125.0,LATENT_DRIFT,1,13.303,19.335,47.622,87.445,2.768,3.168,5.268,11.768,1.2911,1.3711,1.6211,2.1711
CMP-2026-0929,ISRO-TRAIN-LOT-2026,13,125.0,HEALTHY,0,10.322,10.706,10.746,11.114,2.332,2.391,2.462,2.53,1.2737,1.2844,1.2908,1.3163
CMP-2026-0930,ISRO-TRAIN-LOT-2026,12,125.0,HEALTHY,0,10.342,10.542,10.699,10.655,2.739,2.774,2.798,2.81,1.2471,1.2489,1.2627,1.2826
CMP-2026-0931,ISRO-TRAIN-LOT-2026,9,125.0,HEALTHY,0,10.106,10.365,10.664,11.118,1.915,1.92,1.978,2.002,1.0822,1.0783,1.0837,1.122
CMP-2026-0932,ISRO-TRAIN-LOT-2026,5,125.0,HEALTHY,0,11.405,11.563,11.878,12.238,2.266,2.269,2.348,2.402,1.268,1.2688,1.2865,1.2942
CMP-2026-0933,ISRO-TRAIN-LOT-2026,14,125.0,HEALTHY,0,10.137,10.189,10.559,10.759,2.76,2.793,2.806,2.857,1.2187,1.2352,1.2377,1.2353
CMP-2026-0934,ISRO-TRAIN-LOT-2026,25,125.0,HEALTHY,0,12.265,12.532,12.909,13.431,2.247,2.265,2.279,2.381,1.2069,1.2066,1.2117,1.249
CMP-2026-0935,ISRO-TRAIN-LOT-2026,19,125.0,HEALTHY,0,11.593,11.836,12.534,12.339,2.319,2.347,2.385,2.454,1.2519,1.2565,1.2608,1.2759
CMP-2026-0936,ISRO-TRAIN-LOT-2026,5,125.0,HEALTHY,0,9.886,10.213,10.327,10.604,2.832,2.879,2.943,2.86,1.2079,1.1995,1.2134,1.234
CMP-2026-0937,ISRO-TRAIN-LOT-2026,20,125.0,HEALTHY,0,10.45,11.02,11.103,11.246,1.982,2.013,2.03,2.048,1.2156,1.2172,1.2063,1.2471
CMP-2026-0938,ISRO-TRAIN-LOT-2026,21,125.0,HEALTHY,0,10.419,10.402,11.023,10.818,2.559,2.656,2.608,2.648,1.2597,1.2623,1.2845,1.2795
CMP-2026-0939,ISRO-TRAIN-LOT-2026,10,125.0,HEALTHY,0,10.284,10.526,10.862,11.294,2.764,2.786,2.898,2.84,1.272,1.2697,1.2938,1.3074
CMP-2026-0940,ISRO-TRAIN-LOT-2026,16,125.0,HEALTHY,0,12.394,12.572,12.756,12.892,2.508,2.542,2.572,2.604,1.3257,1.3401,1.324,1.3568
CMP-2026-0941,ISRO-TRAIN-LOT-2026,11,125.0,GROSS_OUTLIER,1,66.931,70.578,81.322,108.589,29.451,32.451,37.451,45.451,2.709,2.909,3.309,3.909
CMP-2026-0942,ISRO-TRAIN-LOT-2026,7,125.0,HEALTHY,0,11.841,11.84,11.906,12.09,2.415,2.478,2.504,2.444,1.3003,1.2915,1.3124,1.3413
CMP-2026-0943,ISRO-TRAIN-LOT-2026,11,125.0,HEALTHY,0,11.221,11.534,11.694,11.865,2.701,2.748,2.735,2.861,1.2325,1.2368,1.2535,1.2657
CMP-2026-0944,ISRO-TRAIN-LOT-2026,2,125.0,HEALTHY,0,12.091,12.171,12.547,12.013,2.212,2.239,2.243,2.279,1.1857,1.1836,1.1933,1.2195
CMP-2026-0945,ISRO-TRAIN-LOT-2026,15,125.0,HEALTHY,0,11.0,11.278,11.311,11.886,2.431,2.454,2.461,2.553,1.2236,1.2221,1.2407,1.2498
CMP-2026-0946,ISRO-TRAIN-LOT-2026,1,125.0,HEALTHY,0,9.991,10.415,10.833,10.699,2.443,2.576,2.451,2.545,1.3988,1.4052,1.4034,1.4415
CMP-2026-0947,ISRO-TRAIN-LOT-2026,23,125.0,HEALTHY,0,9.357,9.404,9.619,9.988,2.678,2.727,2.724,2.839,1.1796,1.1668,1.1984,1.2257
CMP-2026-0948,ISRO-TRAIN-LOT-2026,23,125.0,HEALTHY,0,11.734,12.115,12.197,12.288,2.234,2.263,2.294,2.301,1.1757,1.1684,1.1979,1.2014
CMP-2026-0949,ISRO-TRAIN-LOT-2026,4,125.0,HEALTHY,0,9.805,10.32,10.558,10.808,2.075,2.166,2.198,2.186,1.3509,1.3434,1.3635,1.3761
CMP-2026-0950,ISRO-TRAIN-LOT-2026,21,125.0,HEALTHY,0,11.598,11.864,12.444,12.037,2.379,2.379,2.387,2.511,1.2227,1.2189,1.2322,1.256
CMP-2026-0951,ISRO-TRAIN-LOT-2026,10,125.0,HEALTHY,0,8.758,8.793,9.226,9.101,2.685,2.696,2.752,2.682,1.1799,1.1781,1.1931,1.2242
CMP-2026-0952,ISRO-TRAIN-LOT-2026,11,125.0,HEALTHY,0,9.885,10.022,10.477,10.586,2.565,2.628,2.709,2.681,1.1395,1.1349,1.145,1.1893
CMP-2026-0953,ISRO-TRAIN-LOT-2026,2,125.0,HEALTHY,0,8.354,8.628,8.767,9.105,2.407,2.44,2.523,2.6,1.1906,1.1863,1.2178,1.2388
CMP-2026-0954,ISRO-TRAIN-LOT-2026,16,125.0,LATENT_PAT_OUTLIER,1,37.211,39.105,41.769,45.325,7.639,8.439,9.639,11.439,1.4496,1.4996,1.5796,1.6996
CMP-2026-0955,ISRO-TRAIN-LOT-2026,12,125.0,HEALTHY,0,12.364,12.737,13.216,13.516,2.496,2.567,2.656,2.537,1.0595,1.0558,1.0768,1.093
CMP-2026-0956,ISRO-TRAIN-LOT-2026,7,125.0,HEALTHY,0,10.391,10.432,10.996,11.065,2.563,2.56,2.579,2.733,1.2198,1.2214,1.2317,1.2484
CMP-2026-0957,ISRO-TRAIN-LOT-2026,2,125.0,HEALTHY,0,9.751,9.935,10.475,10.655,2.387,2.392,2.486,2.458,1.2674,1.2626,1.2734,1.2842
CMP-2026-0958,ISRO-TRAIN-LOT-2026,11,125.0,HEALTHY,0,10.429,10.819,11.248,11.116,2.702,2.766,2.789,2.776,1.2656,1.2705,1.2664,1.2834
CMP-2026-0959,ISRO-TRAIN-LOT-2026,23,125.0,HEALTHY,0,11.438,11.507,11.798,12.235,2.261,2.254,2.31,2.334,1.1666,1.1654,1.1757,1.2055
CMP-2026-0960,ISRO-TRAIN-LOT-2026,3,125.0,HEALTHY,0,8.999,9.307,9.749,9.804,2.696,2.693,2.846,2.837,1.2701,1.2783,1.2859,1.3017
CMP-2026-0961,ISRO-TRAIN-LOT-2026,12,125.0,GROSS_OUTLIER,1,59.861,62.171,72.811,93.716,30.022,33.022,38.022,46.022,2.9589,3.1589,3.5589,4.1589
CMP-2026-0962,ISRO-TRAIN-LOT-2026,1,125.0,HEALTHY,0,10.619,10.83,11.351,11.37,2.047,2.105,2.137,2.123,1.0972,1.101,1.1166,1.1246
CMP-2026-0963,ISRO-TRAIN-LOT-2026,18,125.0,HEALTHY,0,9.578,9.641,10.182,9.961,2.172,2.214,2.319,2.239,1.1496,1.1406,1.1643,1.1825
CMP-2026-0964,ISRO-TRAIN-LOT-2026,4,125.0,HEALTHY,0,11.51,11.907,12.359,12.176,2.011,2.029,2.037,2.113,1.2562,1.253,1.2599,1.3008
CMP-2026-0965,ISRO-TRAIN-LOT-2026,12,125.0,HEALTHY,0,12.417,12.735,13.128,13.422,2.707,2.69,2.768,2.839,1.3029,1.3096,1.3124,1.3279
CMP-2026-0966,ISRO-TRAIN-LOT-2026,8,125.0,HEALTHY,0,10.688,11.001,11.312,12.058,2.935,2.927,3.029,3.107,1.1164,1.1192,1.1168,1.148
CMP-2026-0967,ISRO-TRAIN-LOT-2026,17,125.0,HEALTHY,0,11.004,11.189,11.432,11.518,2.587,2.629,2.66,2.778,1.2288,1.224,1.2361,1.2715
CMP-2026-0968,ISRO-TRAIN-LOT-2026,17,125.0,HEALTHY,0,10.79,11.171,11.267,11.782,2.246,2.302,2.268,2.382,1.1511,1.1539,1.153,1.1963
CMP-2026-0969,ISRO-TRAIN-LOT-2026,11,125.0,LATENT_PAT_OUTLIER,1,38.791,40.404,43.158,45.931,8.678,9.478,10.678,12.478,1.5622,1.6122,1.6922,1.8122
CMP-2026-0970,ISRO-TRAIN-LOT-2026,11,125.0,HEALTHY,0,11.538,11.861,12.066,12.171,2.115,2.081,2.229,2.175,1.1988,1.2006,1.2001,1.214
CMP-2026-0971,ISRO-TRAIN-LOT-2026,17,125.0,HEALTHY,0,12.759,12.973,13.302,13.489,2.694,2.714,2.682,2.855,1.3393,1.3384,1.3439,1.3684
CMP-2026-0972,ISRO-TRAIN-LOT-2026,23,125.0,HEALTHY,0,12.051,12.348,12.421,13.096,2.152,2.194,2.218,2.23,1.128,1.1346,1.1399,1.1569
CMP-2026-0973,ISRO-TRAIN-LOT-2026,2,125.0,LATENT_PAT_OUTLIER,1,37.329,38.396,41.001,43.684,8.18,8.98,10.18,11.98,1.6811,1.7311,1.8111,1.9311
CMP-2026-0974,ISRO-TRAIN-LOT-2026,7,125.0,LATENT_DRIFT,1,10.982,17.956,49.42,94.794,2.601,3.001,5.101,11.601,1.3311,1.4111,1.6611,2.2111
CMP-2026-0975,ISRO-TRAIN-LOT-2026,21,125.0,HEALTHY,0,11.095,11.523,11.477,11.714,2.447,2.507,2.5,2.524,1.1047,1.1026,1.1155,1.1367
CMP-2026-0976,ISRO-TRAIN-LOT-2026,25,125.0,HEALTHY,0,11.803,11.92,12.278,12.551,2.23,2.201,2.278,2.354,1.136,1.1373,1.1514,1.1605
CMP-2026-0977,ISRO-TRAIN-LOT-2026,12,125.0,HEALTHY,0,9.834,10.003,10.369,10.356,2.138,2.188,2.313,2.307,1.093,1.091,1.098,1.1083
CMP-2026-0978,ISRO-TRAIN-LOT-2026,15,125.0,HEALTHY,0,10.873,11.237,11.739,11.687,2.139,2.16,2.193,2.247,1.2286,1.2327,1.2456,1.2499
CMP-2026-0979,ISRO-TRAIN-LOT-2026,8,125.0,HEALTHY,0,9.476,9.566,9.968,10.057,2.562,2.596,2.696,2.707,1.1756,1.1786,1.1884,1.1932
CMP-2026-0980,ISRO-TRAIN-LOT-2026,8,125.0,HEALTHY,0,10.07,10.099,10.777,10.888,2.625,2.667,2.694,2.717,1.1242,1.1187,1.1424,1.1645
CMP-2026-0981,ISRO-TRAIN-LOT-2026,20,125.0,LATENT_PAT_OUTLIER,1,46.102,47.149,48.65,51.499,7.597,8.397,9.597,11.397,1.5865,1.6365,1.7165,1.8365
CMP-2026-0982,ISRO-TRAIN-LOT-2026,12,125.0,HEALTHY,0,11.525,11.75,12.27,12.16,1.93,1.954,1.955,2.04,1.2891,1.2872,1.3037,1.3186
CMP-2026-0983,ISRO-TRAIN-LOT-2026,18,125.0,HEALTHY,0,10.217,10.351,10.41,10.989,2.862,2.876,2.939,2.874,1.1776,1.1896,1.2022,1.23
CMP-2026-0984,ISRO-TRAIN-LOT-2026,18,125.0,GROSS_OUTLIER,1,78.271,87.948,95.555,113.823,16.185,19.185,24.185,32.185,3.8122,4.0122,4.4122,5.0122
CMP-2026-0985,ISRO-TRAIN-LOT-2026,8,125.0,LATENT_DRIFT,1,11.584,17.504,43.698,80.264,2.513,2.913,5.013,11.513,1.301,1.381,1.631,2.181
CMP-2026-0986,ISRO-TRAIN-LOT-2026,16,125.0,HEALTHY,0,10.469,10.781,11.282,11.648,2.635,2.678,2.7,2.727,1.1206,1.1243,1.1371,1.1538
CMP-2026-0987,ISRO-TRAIN-LOT-2026,24,125.0,HEALTHY,0,12.372,12.549,12.992,13.098,2.02,2.096,2.072,2.129,1.2421,1.2469,1.251,1.2788
CMP-2026-0988,ISRO-TRAIN-LOT-2026,8,125.0,HEALTHY,0,9.819,10.161,10.438,10.445,2.458,2.499,2.616,2.627,1.2126,1.2075,1.2244,1.2493
CMP-2026-0989,ISRO-TRAIN-LOT-2026,17,125.0,HEALTHY,0,13.009,13.341,13.715,13.623,2.76,2.762,2.865,2.847,1.1021,1.0911,1.1033,1.1241
CMP-2026-0990,ISRO-TRAIN-LOT-2026,13,125.0,HEALTHY,0,9.12,9.521,9.59,9.809,2.81,2.82,2.858,2.894,1.287,1.2837,1.2895,1.308
CMP-2026-0991,ISRO-TRAIN-LOT-2026,21,125.0,HEALTHY,0,10.81,10.958,10.945,11.555,2.518,2.555,2.594,2.571,1.2091,1.2098,1.2253,1.2537
CMP-2026-0992,ISRO-TRAIN-LOT-2026,16,125.0,HEALTHY,0,10.565,10.983,11.479,11.128,2.6,2.628,2.631,2.562,1.1452,1.1447,1.1533,1.1728
CMP-2026-0993,ISRO-TRAIN-LOT-2026,9,125.0,HEALTHY,0,10.476,10.658,11.008,11.153,1.974,2.003,2.115,2.081,1.3031,1.3083,1.3069,1.3349
CMP-2026-0994,ISRO-TRAIN-LOT-2026,22,125.0,HEALTHY,0,12.073,12.234,12.787,12.396,2.452,2.478,2.615,2.508,1.1988,1.2055,1.2029,1.2371
CMP-2026-0995,ISRO-TRAIN-LOT-2026,15,125.0,HEALTHY,0,10.78,11.21,11.884,11.959,2.816,2.829,2.963,2.965,1.1568,1.1498,1.1675,1.188
CMP-2026-0996,ISRO-TRAIN-LOT-2026,17,125.0,HEALTHY,0,12.592,12.73,12.616,12.903,2.824,2.844,2.783,2.962,1.1472,1.1472,1.1602,1.1852
CMP-2026-0997,ISRO-TRAIN-LOT-2026,23,125.0,HEALTHY,0,11.572,11.909,12.196,12.15,2.589,2.636,2.671,2.685,1.1584,1.1571,1.1644,1.1997
CMP-2026-0998,ISRO-TRAIN-LOT-2026,23,125.0,HEALTHY,0,9.445,9.561,9.581,9.909,2.956,2.988,3.034,3.075,1.174,1.1663,1.1852,1.2079
CMP-2026-0999,ISRO-TRAIN-LOT-2026,7,125.0,HEALTHY,0,9.773,10.167,10.634,11.009,2.197,2.296,2.304,2.301,1.3975,1.3982,1.4077,1.4218
CMP-2026-1000,ISRO-TRAIN-LOT-2026,11,125.0,HEALTHY,0,11.18,11.225,11.854,12.074,2.701,2.743,2.77,2.761,1.0737,1.0752,1.1007,1.1202
CMP-2026-1001,ISRO-TRAIN-LOT-2026,13,125.0,HEALTHY,0,9.583,9.71,10.222,10.769,2.495,2.513,2.524,2.653,1.1412,1.1323,1.1574,1.1613
CMP-2026-1002,ISRO-TRAIN-LOT-2026,16,125.0,HEALTHY,0,10.172,10.546,11.209,11.069,2.503,2.6,2.568,2.57,1.1521,1.1602,1.1711,1.1769
CMP-2026-1003,ISRO-TRAIN-LOT-2026,24,125.0,HEALTHY,0,10.491,10.638,10.75,10.892,2.14,2.187,2.202,2.219,1.2537,1.2588,1.2683,1.2898
CMP-2026-1004,ISRO-TRAIN-LOT-2026,17,125.0,HEALTHY,0,9.607,9.783,10.275,10.483,2.528,2.554,2.647,2.618,1.3185,1.3201,1.3277,1.3552
CMP-2026-1005,ISRO-TRAIN-LOT-2026,16,125.0,HEALTHY,0,11.232,11.484,11.866,12.251,2.439,2.488,2.568,2.507,1.1187,1.117,1.1289,1.1377
CMP-2026-1006,ISRO-TRAIN-LOT-2026,11,125.0,LATENT_DRIFT,1,11.366,19.136,53.612,105.713,2.456,2.856,4.956,11.456,1.2075,1.2875,1.5375,2.0875
CMP-2026-1007,ISRO-TRAIN-LOT-2026,2,125.0,HEALTHY,0,9.271,9.372,9.461,9.57,2.574,2.63,2.671,2.627,1.3245,1.3188,1.3374,1.3466
CMP-2026-1008,ISRO-TRAIN-LOT-2026,22,125.0,HEALTHY,0,11.143,11.571,11.679,12.234,2.177,2.2,2.232,2.247,1.2703,1.2634,1.2813,1.289
CMP-2026-1009,ISRO-TRAIN-LOT-2026,3,125.0,HEALTHY,0,10.588,10.797,11.319,11.226,2.363,2.407,2.417,2.481,1.22,1.232,1.2215,1.2401
CMP-2026-1010,ISRO-TRAIN-LOT-2026,20,125.0,HEALTHY,0,10.911,11.137,11.449,11.642,2.569,2.605,2.646,2.687,1.1494,1.1529,1.1583,1.1879
CMP-2026-1011,ISRO-TRAIN-LOT-2026,18,125.0,HEALTHY,0,13.715,13.843,13.903,14.583,2.757,2.82,2.805,2.877,1.3207,1.3254,1.3332,1.3516
CMP-2026-1012,ISRO-TRAIN-LOT-2026,23,125.0,HEALTHY,0,10.766,10.911,11.123,11.101,2.618,2.632,2.666,2.714,1.25,1.2532,1.2643,1.2783
CMP-2026-1013,ISRO-TRAIN-LOT-2026,11,125.0,HEALTHY,0,10.078,10.184,10.226,10.232,2.425,2.446,2.496,2.454,1.1536,1.1517,1.177,1.1858
CMP-2026-1014,ISRO-TRAIN-LOT-2026,16,125.0,HEALTHY,0,10.791,10.863,11.308,11.554,3.045,3.128,3.08,3.17,1.119,1.126,1.1278,1.1486
CMP-2026-1015,ISRO-TRAIN-LOT-2026,15,125.0,HEALTHY,0,9.757,10.123,10.688,10.454,2.832,2.863,2.891,2.928,1.2839,1.2851,1.29,1.3272
CMP-2026-1016,ISRO-TRAIN-LOT-2026,3,125.0,HEALTHY,0,10.169,10.456,11.076,10.766,2.624,2.673,2.733,2.706,1.3062,1.3118,1.3139,1.3357
CMP-2026-1017,ISRO-TRAIN-LOT-2026,10,125.0,HEALTHY,0,11.002,11.307,11.543,12.218,2.206,2.229,2.226,2.353,1.188,1.1819,1.1906,1.2133
CMP-2026-1018,ISRO-TRAIN-LOT-2026,11,125.0,HEALTHY,0,12.373,12.448,12.923,13.079,2.44,2.43,2.517,2.614,1.1538,1.1485,1.1638,1.1825
CMP-2026-1019,ISRO-TRAIN-LOT-2026,23,125.0,HEALTHY,0,10.366,10.592,10.97,11.326,1.739,1.816,1.801,1.751,1.1544,1.1555,1.167,1.1818
CMP-2026-1020,ISRO-TRAIN-LOT-2026,16,125.0,HEALTHY,0,12.444,12.708,13.067,12.839,2.486,2.52,2.56,2.562,1.0789,1.075,1.0933,1.1193
CMP-2026-1021,ISRO-TRAIN-LOT-2026,14,125.0,HEALTHY,0,11.216,11.555,11.818,12.023,2.09,2.097,2.167,2.209,1.1518,1.1499,1.1616,1.1907
CMP-2026-1022,ISRO-TRAIN-LOT-2026,25,125.0,HEALTHY,0,10.873,11.0,11.19,11.519,2.509,2.515,2.648,2.73,1.1885,1.1879,1.1903,1.2041
CMP-2026-1023,ISRO-TRAIN-LOT-2026,13,125.0,HEALTHY,0,13.505,13.673,13.932,13.975,2.471,2.523,2.451,2.62,1.2026,1.2099,1.2008,1.2313
CMP-2026-1024,ISRO-TRAIN-LOT-2026,1,125.0,HEALTHY,0,10.646,11.013,11.315,11.389,2.951,2.975,3.022,2.964,1.1364,1.1388,1.1502,1.1472
CMP-2026-1025,ISRO-TRAIN-LOT-2026,22,125.0,HEALTHY,0,11.776,12.106,12.237,12.486,2.321,2.364,2.401,2.442,1.1692,1.1768,1.1769,1.2113
CMP-2026-1026,ISRO-TRAIN-LOT-2026,5,125.0,HEALTHY,0,11.521,11.868,12.316,12.258,2.722,2.794,2.74,2.79,1.2229,1.23,1.2439,1.2511
CMP-2026-1027,ISRO-TRAIN-LOT-2026,3,125.0,HEALTHY,0,8.873,9.009,9.249,9.749,2.151,2.157,2.175,2.242,1.2009,1.2035,1.2101,1.2392
CMP-2026-1028,ISRO-TRAIN-LOT-2026,21,125.0,HEALTHY,0,9.245,9.341,9.83,9.951,2.386,2.386,2.418,2.401,1.2366,1.2374,1.2283,1.2622
CMP-2026-1029,ISRO-TRAIN-LOT-2026,24,125.0,HEALTHY,0,10.528,10.814,11.016,11.223,2.218,2.25,2.348,2.158,1.2297,1.2313,1.2418,1.2597
CMP-2026-1030,ISRO-TRAIN-LOT-2026,15,125.0,HEALTHY,0,10.231,10.508,11.086,11.041,2.501,2.539,2.58,2.576,1.1788,1.1756,1.1883,1.2082
CMP-2026-1031,ISRO-TRAIN-LOT-2026,19,125.0,HEALTHY,0,8.54,8.813,9.129,9.235,2.595,2.663,2.653,2.644,1.313,1.3228,1.3161,1.3373
CMP-2026-1032,ISRO-TRAIN-LOT-2026,17,125.0,HEALTHY,0,10.704,10.736,11.042,11.228,3.221,3.264,3.324,3.364,1.1969,1.1929,1.2159,1.2072
CMP-2026-1033,ISRO-TRAIN-LOT-2026,16,125.0,HEALTHY,0,10.398,10.673,11.193,11.188,2.353,2.383,2.442,2.388,1.1,1.0997,1.1173,1.1193
CMP-2026-1034,ISRO-TRAIN-LOT-2026,22,125.0,LATENT_DRIFT,1,9.538,14.188,35.088,66.818,2.638,3.038,5.138,11.638,1.2673,1.3473,1.5973,2.1473
CMP-2026-1035,ISRO-TRAIN-LOT-2026,7,125.0,HEALTHY,0,10.531,10.973,11.317,11.361,2.8,2.893,2.916,2.943,1.2846,1.2854,1.2999,1.3179
CMP-2026-1036,ISRO-TRAIN-LOT-2026,2,125.0,HEALTHY,0,10.894,11.043,11.17,11.592,2.332,2.415,2.452,2.454,1.3497,1.3519,1.3561,1.3916
CMP-2026-1037,ISRO-TRAIN-LOT-2026,16,125.0,HEALTHY,0,9.268,9.461,9.7,9.961,2.54,2.558,2.601,2.628,1.1735,1.1663,1.174,1.1988
CMP-2026-1038,ISRO-TRAIN-LOT-2026,19,125.0,HEALTHY,0,12.63,12.978,13.361,13.565,2.706,2.788,2.764,2.842,1.0759,1.075,1.0867,1.0981
CMP-2026-1039,ISRO-TRAIN-LOT-2026,25,125.0,HEALTHY,0,10.838,10.926,11.426,11.643,2.717,2.724,2.835,2.84,1.2587,1.2554,1.276,1.2992
CMP-2026-1040,ISRO-TRAIN-LOT-2026,8,125.0,HEALTHY,0,10.774,10.965,10.846,11.444,2.267,2.252,2.332,2.442,1.2816,1.2786,1.2778,1.3039
CMP-2026-1041,ISRO-TRAIN-LOT-2026,24,125.0,HEALTHY,0,10.409,10.645,11.272,11.402,2.019,2.086,2.077,2.097,1.2355,1.2339,1.236,1.2484
CMP-2026-1042,ISRO-TRAIN-LOT-2026,15,125.0,HEALTHY,0,8.632,9.06,9.162,9.564,2.391,2.41,2.461,2.518,1.2884,1.2963,1.3038,1.3148
CMP-2026-1043,ISRO-TRAIN-LOT-2026,15,125.0,HEALTHY,0,12.749,13.041,13.346,13.725,2.748,2.785,2.852,2.852,1.1515,1.152,1.1578,1.1952
CMP-2026-1044,ISRO-TRAIN-LOT-2026,22,125.0,HEALTHY,0,9.75,9.972,10.15,9.962,2.172,2.224,2.245,2.245,1.1874,1.1865,1.2008,1.2172
CMP-2026-1045,ISRO-TRAIN-LOT-2026,8,125.0,HEALTHY,0,11.353,11.767,11.915,12.233,1.981,2.006,2.063,2.116,1.3281,1.3352,1.3317,1.357
CMP-2026-1046,ISRO-TRAIN-LOT-2026,5,125.0,HEALTHY,0,10.201,10.454,10.808,10.862,2.784,2.873,2.915,2.764,1.1225,1.1263,1.1278,1.1518
CMP-2026-1047,ISRO-TRAIN-LOT-2026,2,125.0,HEALTHY,0,13.251,13.274,13.368,13.532,2.563,2.643,2.627,2.596,0.9705,0.9748,0.9913,0.9924
CMP-2026-1048,ISRO-TRAIN-LOT-2026,24,125.0,HEALTHY,0,8.624,8.803,8.757,9.091,2.23,2.279,2.324,2.196,1.0856,1.0888,1.0988,1.1246
CMP-2026-1049,ISRO-TRAIN-LOT-2026,8,125.0,HEALTHY,0,11.108,11.507,11.941,11.769,1.904,1.886,1.963,2.033,1.1331,1.1352,1.1567,1.1642
CMP-2026-1050,ISRO-TRAIN-LOT-2026,10,125.0,HEALTHY,0,8.4,8.678,8.694,8.943,1.795,1.833,1.862,1.9,1.219,1.221,1.2225,1.2547
CMP-2026-1051,ISRO-TRAIN-LOT-2026,17,125.0,HEALTHY,0,12.911,13.002,13.526,13.737,2.775,2.8,2.826,2.861,1.1396,1.1358,1.1495,1.1851
CMP-2026-1052,ISRO-TRAIN-LOT-2026,3,125.0,HEALTHY,0,10.436,10.837,11.063,10.991,2.778,2.801,2.896,2.868,1.347,1.3394,1.3659,1.3895
CMP-2026-1053,ISRO-TRAIN-LOT-2026,15,125.0,HEALTHY,0,10.512,10.463,10.772,10.651,2.572,2.612,2.6,2.666,1.1668,1.1671,1.1748,1.1885
CMP-2026-1054,ISRO-TRAIN-LOT-2026,3,125.0,HEALTHY,0,11.169,11.188,11.684,12.023,1.895,1.925,1.935,2.029,1.1428,1.1479,1.1512,1.1803
CMP-2026-1055,ISRO-TRAIN-LOT-2026,14,125.0,HEALTHY,0,7.367,7.48,8.1,8.178,2.904,2.877,2.958,3.04,1.2341,1.2413,1.2487,1.2818
CMP-2026-1056,ISRO-TRAIN-LOT-2026,16,125.0,HEALTHY,0,12.385,12.418,13.056,13.385,2.463,2.486,2.546,2.594,1.0915,1.0985,1.0959,1.1403
CMP-2026-1057,ISRO-TRAIN-LOT-2026,17,125.0,HEALTHY,0,9.263,9.684,9.737,10.391,2.472,2.464,2.606,2.492,1.2004,1.2061,1.206,1.2313
CMP-2026-1058,ISRO-TRAIN-LOT-2026,16,125.0,HEALTHY,0,10.312,10.47,10.728,10.798,2.201,2.233,2.269,2.268,1.0948,1.1016,1.1126,1.1107
CMP-2026-1059,ISRO-TRAIN-LOT-2026,12,125.0,HEALTHY,0,9.645,9.73,10.241,10.06,2.312,2.318,2.34,2.42,1.1402,1.1488,1.1446,1.1576
CMP-2026-1060,ISRO-TRAIN-LOT-2026,22,125.0,HEALTHY,0,11.107,11.381,11.753,12.088,2.642,2.664,2.72,2.722,1.2818,1.2813,1.3065,1.3042
CMP-2026-1061,ISRO-TRAIN-LOT-2026,18,125.0,HEALTHY,0,9.979,10.385,10.292,10.185,2.258,2.25,2.385,2.315,1.2755,1.2832,1.2875,1.2971
CMP-2026-1062,ISRO-TRAIN-LOT-2026,20,125.0,HEALTHY,0,12.507,12.802,13.045,13.208,2.875,2.91,2.953,3.0,1.2547,1.2573,1.2661,1.2887
CMP-2026-1063,ISRO-TRAIN-LOT-2026,9,125.0,HEALTHY,0,11.429,11.668,12.044,12.25,2.045,2.081,2.149,2.198,1.3134,1.317,1.3365,1.3335
CMP-2026-1064,ISRO-TRAIN-LOT-2026,24,125.0,HEALTHY,0,10.111,10.372,10.726,10.563,2.459,2.438,2.549,2.525,1.2272,1.2348,1.2367,1.2635
CMP-2026-1065,ISRO-TRAIN-LOT-2026,21,125.0,HEALTHY,0,11.631,11.701,11.889,11.73,2.639,2.658,2.797,2.73,1.1871,1.1822,1.1973,1.227
CMP-2026-1066,ISRO-TRAIN-LOT-2026,16,125.0,HEALTHY,0,11.021,11.375,11.845,12.165,2.746,2.754,2.827,2.929,1.1969,1.1934,1.2096,1.2201
CMP-2026-1067,ISRO-TRAIN-LOT-2026,18,125.0,HEALTHY,0,8.34,8.853,9.067,9.198,2.334,2.391,2.42,2.44,1.1339,1.1435,1.1482,1.1689
CMP-2026-1068,ISRO-TRAIN-LOT-2026,3,125.0,HEALTHY,0,11.165,11.454,11.601,11.809,2.868,2.893,2.978,2.884,1.0781,1.0818,1.094,1.0982
CMP-2026-1069,ISRO-TRAIN-LOT-2026,25,125.0,HEALTHY,0,11.381,11.658,11.956,11.984,2.255,2.249,2.313,2.402,1.2971,1.3094,1.3133,1.322
CMP-2026-1070,ISRO-TRAIN-LOT-2026,24,125.0,HEALTHY,0,8.161,8.299,8.628,8.593,2.163,2.204,2.239,2.292,1.3581,1.3506,1.3558,1.3888
CMP-2026-1071,ISRO-TRAIN-LOT-2026,15,125.0,HEALTHY,0,9.617,9.981,10.178,10.428,2.815,2.811,2.884,2.859,1.2198,1.2203,1.2297,1.251
CMP-2026-1072,ISRO-TRAIN-LOT-2026,24,125.0,HEALTHY,0,11.478,11.716,11.928,12.186,3.226,3.269,3.29,3.307,1.4136,1.4068,1.4374,1.4562
CMP-2026-1073,ISRO-TRAIN-LOT-2026,1,125.0,HEALTHY,0,11.3,11.421,11.951,12.277,2.679,2.707,2.749,2.79,1.1664,1.1669,1.1873,1.2026
CMP-2026-1074,ISRO-TRAIN-LOT-2026,25,125.0,HEALTHY,0,10.41,10.879,11.344,11.028,2.383,2.46,2.469,2.579,1.2847,1.2753,1.2933,1.3141
CMP-2026-1075,ISRO-TRAIN-LOT-2026,24,125.0,HEALTHY,0,10.158,10.424,10.576,10.902,1.993,2.003,2.085,2.098,1.2285,1.2266,1.2306,1.2546
CMP-2026-1076,ISRO-TRAIN-LOT-2026,19,125.0,GROSS_OUTLIER,1,62.946,67.707,86.203,99.174,21.502,24.502,29.502,37.502,2.854,3.054,3.454,4.054
CMP-2026-1077,ISRO-TRAIN-LOT-2026,1,125.0,HEALTHY,0,9.252,9.487,9.779,10.179,2.478,2.489,2.519,2.602,1.0638,1.0602,1.0777,1.1003
CMP-2026-1078,ISRO-TRAIN-LOT-2026,14,125.0,HEALTHY,0,10.26,10.584,10.867,10.759,1.97,2.015,2.049,2.089,1.2481,1.2499,1.2542,1.2634
CMP-2026-1079,ISRO-TRAIN-LOT-2026,11,125.0,GROSS_OUTLIER,1,76.325,82.793,98.177,121.063,26.478,29.478,34.478,42.478,3.8722,4.0722,4.4722,5.0722
CMP-2026-1080,ISRO-TRAIN-LOT-2026,13,125.0,HEALTHY,0,11.957,12.247,12.71,12.776,2.811,2.825,2.904,3.021,1.1445,1.1364,1.1662,1.1957
CMP-2026-1081,ISRO-TRAIN-LOT-2026,23,125.0,GROSS_OUTLIER,1,63.006,70.005,76.503,101.966,34.274,37.274,42.274,50.274,3.9018,4.1018,4.5018,5.1018
CMP-2026-1082,ISRO-TRAIN-LOT-2026,17,125.0,HEALTHY,0,10.999,11.405,11.543,11.564,2.564,2.537,2.574,2.647,1.307,1.303,1.3135,1.3223
CMP-2026-1083,ISRO-TRAIN-LOT-2026,19,125.0,LATENT_PAT_OUTLIER,1,40.858,42.323,44.713,48.495,6.339,7.139,8.339,10.139,1.3633,1.4133,1.4933,1.6133
CMP-2026-1084,ISRO-TRAIN-LOT-2026,4,125.0,HEALTHY,0,10.628,10.973,11.387,11.639,1.933,1.949,1.991,2.137,1.3236,1.3224,1.3323,1.358
CMP-2026-1085,ISRO-TRAIN-LOT-2026,5,125.0,HEALTHY,0,10.861,10.96,11.327,11.112,2.968,3.01,3.045,3.078,1.3013,1.3046,1.3102,1.3263
CMP-2026-1086,ISRO-TRAIN-LOT-2026,14,125.0,LATENT_DRIFT,1,12.212,20.263,54.808,108.459,3.058,3.458,5.558,12.058,1.2407,1.3207,1.5707,2.1207
CMP-2026-1087,ISRO-TRAIN-LOT-2026,8,125.0,HEALTHY,0,11.539,11.593,11.767,11.926,2.082,2.115,2.257,2.162,1.2764,1.2784,1.2974,1.3094
CMP-2026-1088,ISRO-TRAIN-LOT-2026,21,125.0,GROSS_OUTLIER,1,71.426,74.884,82.155,103.663,19.378,22.378,27.378,35.378,2.757,2.957,3.357,3.957
CMP-2026-1089,ISRO-TRAIN-LOT-2026,22,125.0,HEALTHY,0,12.446,12.54,12.884,12.886,2.243,2.255,2.333,2.362,1.0681,1.0699,1.0826,1.1054
CMP-2026-1090,ISRO-TRAIN-LOT-2026,13,125.0,HEALTHY,0,11.177,11.677,11.78,12.151,2.106,2.117,2.25,2.182,1.2489,1.2459,1.2703,1.279
CMP-2026-1091,ISRO-TRAIN-LOT-2026,14,125.0,HEALTHY,0,10.619,10.85,11.055,11.21,2.364,2.4,2.484,2.562,1.2104,1.2101,1.2164,1.24
CMP-2026-1092,ISRO-TRAIN-LOT-2026,18,125.0,HEALTHY,0,9.039,9.405,9.943,9.908,2.821,2.832,2.922,2.984,1.0639,1.0642,1.0865,1.0949
CMP-2026-1093,ISRO-TRAIN-LOT-2026,9,125.0,HEALTHY,0,9.978,10.327,10.425,10.584,2.297,2.386,2.407,2.366,1.2269,1.2279,1.2426,1.2473
CMP-2026-1094,ISRO-TRAIN-LOT-2026,3,125.0,HEALTHY,0,10.01,10.472,10.966,11.197,2.124,2.104,2.284,2.235,1.0715,1.0671,1.0808,1.091
CMP-2026-1095,ISRO-TRAIN-LOT-2026,5,125.0,HEALTHY,0,10.323,10.463,10.82,11.624,2.389,2.391,2.528,2.47,1.2111,1.2137,1.2208,1.2592
CMP-2026-1096,ISRO-TRAIN-LOT-2026,6,125.0,HEALTHY,0,12.217,12.601,12.815,13.304,2.641,2.715,2.75,2.761,1.1743,1.1717,1.184,1.1899
CMP-2026-1097,ISRO-TRAIN-LOT-2026,16,125.0,HEALTHY,0,11.531,11.699,12.17,12.186,2.469,2.468,2.542,2.636,1.1438,1.1414,1.1618,1.1658
CMP-2026-1098,ISRO-TRAIN-LOT-2026,11,125.0,HEALTHY,0,10.297,10.476,10.934,10.802,2.348,2.351,2.378,2.481,1.1762,1.1763,1.1914,1.2207
CMP-2026-1099,ISRO-TRAIN-LOT-2026,19,125.0,HEALTHY,0,11.597,11.498,11.771,12.007,2.534,2.519,2.575,2.69,1.1605,1.1596,1.1689,1.1984
CMP-2026-1100,ISRO-TRAIN-LOT-2026,12,125.0,HEALTHY,0,11.423,11.558,11.912,11.86,2.361,2.539,2.468,2.535,1.2129,1.2177,1.2239,1.2599
CMP-2026-1101,ISRO-TRAIN-LOT-2026,3,125.0,HEALTHY,0,9.97,10.17,10.368,10.342,2.791,2.81,2.893,2.953,1.1954,1.196,1.2141,1.2128
CMP-2026-1102,ISRO-TRAIN-LOT-2026,19,125.0,HEALTHY,0,10.038,10.209,10.551,10.759,2.663,2.73,2.681,2.803,1.1945,1.1948,1.2022,1.2378
CMP-2026-1103,ISRO-TRAIN-LOT-2026,14,125.0,HEALTHY,0,11.702,11.958,12.533,12.75,2.654,2.696,2.756,2.764,1.1951,1.1926,1.2014,1.2447
CMP-2026-1104,ISRO-TRAIN-LOT-2026,25,125.0,HEALTHY,0,11.079,11.211,11.184,11.338,2.384,2.395,2.453,2.504,1.115,1.1162,1.1307,1.1441
CMP-2026-1105,ISRO-TRAIN-LOT-2026,22,125.0,HEALTHY,0,11.798,12.085,12.09,12.32,2.531,2.603,2.672,2.569,1.1816,1.1831,1.1961,1.2032
CMP-2026-1106,ISRO-TRAIN-LOT-2026,3,125.0,HEALTHY,0,9.864,10.237,10.738,10.96,2.921,2.962,2.953,3.035,1.3609,1.3578,1.3667,1.3963
CMP-2026-1107,ISRO-TRAIN-LOT-2026,17,125.0,HEALTHY,0,9.355,9.576,9.758,9.795,2.554,2.565,2.672,2.648,1.1411,1.1399,1.1532,1.1602
CMP-2026-1108,ISRO-TRAIN-LOT-2026,12,125.0,HEALTHY,0,14.687,15.153,15.68,15.135,1.911,1.945,2.059,2.01,1.1425,1.1392,1.1469,1.1817
CMP-2026-1109,ISRO-TRAIN-LOT-2026,15,125.0,LATENT_DRIFT,1,10.753,15.785,39.12,73.749,2.378,2.778,4.878,11.378,1.3085,1.3885,1.6385,2.1885
CMP-2026-1110,ISRO-TRAIN-LOT-2026,19,125.0,HEALTHY,0,10.144,10.413,10.551,10.91,2.736,2.765,2.795,2.854,1.1072,1.0954,1.1321,1.1389
CMP-2026-1111,ISRO-TRAIN-LOT-2026,6,125.0,HEALTHY,0,11.604,11.976,12.169,12.173,2.43,2.403,2.499,2.528,1.2064,1.1989,1.2144,1.249
CMP-2026-1112,ISRO-TRAIN-LOT-2026,13,125.0,HEALTHY,0,10.922,11.237,11.051,11.758,2.048,2.05,2.188,2.098,1.1969,1.1944,1.2003,1.2131
CMP-2026-1113,ISRO-TRAIN-LOT-2026,19,125.0,HEALTHY,0,11.707,12.081,12.604,12.495,2.369,2.416,2.504,2.565,1.1762,1.1781,1.2055,1.1874
CMP-2026-1114,ISRO-TRAIN-LOT-2026,22,125.0,HEALTHY,0,10.299,10.714,10.911,10.57,2.312,2.343,2.408,2.356,1.1696,1.1614,1.1953,1.2097
CMP-2026-1115,ISRO-TRAIN-LOT-2026,7,125.0,HEALTHY,0,9.606,9.868,10.351,10.429,2.374,2.417,2.382,2.387,1.182,1.1916,1.193,1.2124
CMP-2026-1116,ISRO-TRAIN-LOT-2026,2,125.0,HEALTHY,0,10.024,10.289,10.378,10.828,2.885,2.926,2.899,2.949,1.1929,1.1904,1.1997,1.2361
CMP-2026-1117,ISRO-TRAIN-LOT-2026,6,125.0,HEALTHY,0,11.263,11.588,11.645,11.722,3.117,3.153,3.177,3.199,1.174,1.1749,1.1848,1.223
CMP-2026-1118,ISRO-TRAIN-LOT-2026,11,125.0,HEALTHY,0,10.959,11.031,11.349,11.255,2.795,2.811,2.875,2.962,1.2428,1.2461,1.2501,1.2711
CMP-2026-1119,ISRO-TRAIN-LOT-2026,3,125.0,HEALTHY,0,11.049,11.294,11.224,11.525,2.299,2.347,2.421,2.486,1.25,1.2514,1.2621,1.2773
CMP-2026-1120,ISRO-TRAIN-LOT-2026,17,125.0,HEALTHY,0,11.218,11.434,11.718,12.042,2.548,2.565,2.615,2.667,1.2023,1.207,1.2135,1.2258
CMP-2026-1121,ISRO-TRAIN-LOT-2026,4,125.0,LATENT_PAT_OUTLIER,1,37.846,38.933,42.094,45.287,7.307,8.107,9.307,11.107,1.4963,1.5463,1.6263,1.7463
CMP-2026-1122,ISRO-TRAIN-LOT-2026,22,125.0,HEALTHY,0,12.491,12.373,13.041,12.914,2.528,2.519,2.66,2.57,1.2117,1.2105,1.2081,1.2446
CMP-2026-1123,ISRO-TRAIN-LOT-2026,2,125.0,HEALTHY,0,8.36,8.772,9.212,9.24,2.554,2.551,2.608,2.656,1.2201,1.2231,1.2385,1.2429
CMP-2026-1124,ISRO-TRAIN-LOT-2026,4,125.0,HEALTHY,0,10.37,10.489,11.366,11.368,2.649,2.675,2.692,2.809,1.0222,1.0199,1.0332,1.046
CMP-2026-1125,ISRO-TRAIN-LOT-2026,24,125.0,HEALTHY,0,12.189,12.624,12.749,12.7,3.045,3.066,3.082,3.15,1.1045,1.1057,1.1282,1.1245
CMP-2026-1126,ISRO-TRAIN-LOT-2026,13,125.0,HEALTHY,0,11.811,12.143,12.623,12.715,2.876,2.94,2.928,2.987,1.0129,1.018,1.0206,1.0499
CMP-2026-1127,ISRO-TRAIN-LOT-2026,5,125.0,LATENT_PAT_OUTLIER,1,41.841,44.05,47.354,49.894,7.977,8.777,9.977,11.777,1.3885,1.4385,1.5185,1.6385
CMP-2026-1128,ISRO-TRAIN-LOT-2026,12,125.0,HEALTHY,0,10.689,10.941,11.295,11.393,2.682,2.697,2.778,2.867,1.1384,1.1455,1.1383,1.1595
CMP-2026-1129,ISRO-TRAIN-LOT-2026,17,125.0,HEALTHY,0,11.834,12.134,12.449,12.793,2.706,2.728,2.884,2.77,1.057,1.0595,1.0674,1.0839
CMP-2026-1130,ISRO-TRAIN-LOT-2026,25,125.0,HEALTHY,0,10.386,10.651,10.784,11.279,2.625,2.633,2.721,2.76,1.2263,1.2258,1.2508,1.2516
CMP-2026-1131,ISRO-TRAIN-LOT-2026,19,125.0,LATENT_DRIFT,1,12.364,17.446,39.855,72.049,2.185,2.585,4.685,11.185,1.2243,1.3043,1.5543,2.1043
CMP-2026-1132,ISRO-TRAIN-LOT-2026,12,125.0,HEALTHY,0,8.905,9.329,9.721,10.074,2.739,2.733,2.884,2.94,1.1639,1.1673,1.1628,1.1797
CMP-2026-1133,ISRO-TRAIN-LOT-2026,7,125.0,HEALTHY,0,12.32,12.532,13.032,13.201,2.506,2.522,2.57,2.579,1.1641,1.1792,1.1694,1.1758
CMP-2026-1134,ISRO-TRAIN-LOT-2026,13,125.0,HEALTHY,0,10.571,10.663,11.014,11.117,2.423,2.47,2.463,2.45,1.2271,1.2196,1.2458,1.2582
CMP-2026-1135,ISRO-TRAIN-LOT-2026,7,125.0,HEALTHY,0,8.709,8.923,9.316,9.719,2.402,2.457,2.516,2.461,1.0539,1.0447,1.0726,1.0767
CMP-2026-1136,ISRO-TRAIN-LOT-2026,1,125.0,HEALTHY,0,8.868,9.335,9.748,9.993,2.61,2.663,2.665,2.687,1.1612,1.1618,1.1654,1.1769
CMP-2026-1137,ISRO-TRAIN-LOT-2026,16,125.0,HEALTHY,0,12.591,12.827,12.975,13.213,2.365,2.403,2.458,2.434,1.0116,1.0079,1.0145,1.0512
CMP-2026-1138,ISRO-TRAIN-LOT-2026,19,125.0,HEALTHY,0,12.937,13.148,13.452,13.602,2.451,2.466,2.596,2.58,1.112,1.115,1.1263,1.1437
CMP-2026-1139,ISRO-TRAIN-LOT-2026,7,125.0,HEALTHY,0,9.401,9.722,9.932,10.168,2.738,2.767,2.848,2.907,0.8827,0.8781,0.8981,0.9106
CMP-2026-1140,ISRO-TRAIN-LOT-2026,12,125.0,HEALTHY,0,12.529,12.923,13.337,13.6,2.804,2.826,2.867,2.939,1.2275,1.2303,1.2419,1.2443
CMP-2026-1141,ISRO-TRAIN-LOT-2026,15,125.0,HEALTHY,0,12.835,12.992,13.249,13.46,2.113,2.17,2.242,2.21,1.1336,1.1392,1.1345,1.1552
CMP-2026-1142,ISRO-TRAIN-LOT-2026,17,125.0,HEALTHY,0,10.385,10.616,11.028,11.197,2.589,2.644,2.652,2.678,1.2226,1.2189,1.2334,1.267
CMP-2026-1143,ISRO-TRAIN-LOT-2026,25,125.0,HEALTHY,0,10.472,10.538,10.836,11.248,2.563,2.548,2.485,2.721,1.3255,1.3339,1.3462,1.3619
CMP-2026-1144,ISRO-TRAIN-LOT-2026,16,125.0,HEALTHY,0,10.049,10.455,10.484,10.822,2.197,2.273,2.226,2.333,1.2371,1.2379,1.2513,1.2794
CMP-2026-1145,ISRO-TRAIN-LOT-2026,19,125.0,HEALTHY,0,11.999,12.196,12.307,12.442,2.562,2.586,2.657,2.71,1.1363,1.1413,1.1579,1.1626
CMP-2026-1146,ISRO-TRAIN-LOT-2026,22,125.0,HEALTHY,0,9.755,9.95,9.888,9.651,1.951,1.991,2.072,2.11,1.1885,1.1846,1.1903,1.2144
CMP-2026-1147,ISRO-TRAIN-LOT-2026,11,125.0,HEALTHY,0,9.369,9.529,10.111,10.08,2.875,2.889,2.961,3.017,1.0722,1.0713,1.0862,1.1056
CMP-2026-1148,ISRO-TRAIN-LOT-2026,6,125.0,HEALTHY,0,11.191,11.299,11.319,11.519,2.704,2.714,2.81,2.829,1.2085,1.2108,1.2306,1.2379
CMP-2026-1149,ISRO-TRAIN-LOT-2026,14,125.0,HEALTHY,0,12.042,12.382,13.112,12.92,2.545,2.568,2.606,2.574,1.1583,1.1581,1.1592,1.1941
CMP-2026-1150,ISRO-TRAIN-LOT-2026,22,125.0,HEALTHY,0,12.357,12.705,13.082,13.173,2.804,2.83,2.882,2.894,1.2666,1.2643,1.2849,1.2903
CMP-2026-1151,ISRO-TRAIN-LOT-2026,16,125.0,HEALTHY,0,11.675,11.874,12.535,12.856,2.879,2.928,2.917,2.927,1.2733,1.2842,1.2887,1.3025
CMP-2026-1152,ISRO-TRAIN-LOT-2026,6,125.0,HEALTHY,0,9.261,9.598,10.072,9.838,2.687,2.689,2.798,2.754,1.1229,1.1231,1.1257,1.1422
CMP-2026-1153,ISRO-TRAIN-LOT-2026,13,125.0,HEALTHY,0,10.874,11.119,11.181,11.205,2.015,1.999,2.104,2.111,1.1079,1.1106,1.1279,1.1461
CMP-2026-1154,ISRO-TRAIN-LOT-2026,11,125.0,HEALTHY,0,8.789,8.995,9.382,9.369,2.65,2.668,2.767,2.84,1.2601,1.2608,1.2592,1.2855
CMP-2026-1155,ISRO-TRAIN-LOT-2026,1,125.0,HEALTHY,0,9.932,10.167,10.51,10.574,2.76,2.855,2.853,2.875,1.1613,1.1692,1.1841,1.1737
CMP-2026-1156,ISRO-TRAIN-LOT-2026,21,125.0,HEALTHY,0,11.432,11.574,11.715,11.654,2.917,2.969,2.97,3.029,1.1081,1.1046,1.1197,1.1212
CMP-2026-1157,ISRO-TRAIN-LOT-2026,23,125.0,HEALTHY,0,11.78,11.984,12.344,12.492,2.128,2.107,2.228,2.277,1.2375,1.2354,1.2435,1.2531
CMP-2026-1158,ISRO-TRAIN-LOT-2026,17,125.0,LATENT_DRIFT,1,12.815,20.667,55.49,108.016,2.585,2.985,5.085,11.585,1.2153,1.2953,1.5453,2.0953
CMP-2026-1159,ISRO-TRAIN-LOT-2026,21,125.0,HEALTHY,0,8.897,9.137,9.393,9.34,2.572,2.613,2.659,2.678,1.2314,1.2258,1.2382,1.2537
CMP-2026-1160,ISRO-TRAIN-LOT-2026,11,125.0,HEALTHY,0,9.987,10.315,10.592,10.983,2.437,2.492,2.561,2.472,1.2068,1.2112,1.2099,1.2378
CMP-2026-1161,ISRO-TRAIN-LOT-2026,19,125.0,GROSS_OUTLIER,1,55.607,65.025,83.447,108.644,34.079,37.079,42.079,50.079,3.2272,3.4272,3.8272,4.4272
CMP-2026-1162,ISRO-TRAIN-LOT-2026,11,125.0,HEALTHY,0,10.063,10.496,10.72,10.805,2.377,2.369,2.469,2.451,1.1801,1.1846,1.2003,1.211
CMP-2026-1163,ISRO-TRAIN-LOT-2026,16,125.0,LATENT_PAT_OUTLIER,1,43.007,45.445,47.616,50.14,8.939,9.739,10.939,12.739,1.519,1.569,1.649,1.769
CMP-2026-1164,ISRO-TRAIN-LOT-2026,24,125.0,HEALTHY,0,9.679,9.786,10.382,10.393,2.365,2.416,2.437,2.4,1.2695,1.275,1.2795,1.2894
CMP-2026-1165,ISRO-TRAIN-LOT-2026,2,125.0,HEALTHY,0,9.569,9.882,10.15,10.003,2.721,2.692,2.793,2.885,1.3085,1.3043,1.3206,1.3373
CMP-2026-1166,ISRO-TRAIN-LOT-2026,11,125.0,HEALTHY,0,11.43,11.833,12.248,12.094,2.695,2.687,2.77,2.845,1.2113,1.2078,1.2195,1.2503
CMP-2026-1167,ISRO-TRAIN-LOT-2026,7,125.0,HEALTHY,0,10.377,10.596,10.854,11.31,2.75,2.75,2.782,2.824,1.2685,1.2817,1.2641,1.298
CMP-2026-1168,ISRO-TRAIN-LOT-2026,23,125.0,HEALTHY,0,11.17,11.506,11.486,11.623,2.902,2.953,2.984,3.045,1.1518,1.1437,1.1543,1.1628
CMP-2026-1169,ISRO-TRAIN-LOT-2026,7,125.0,HEALTHY,0,10.769,10.99,11.402,11.603,2.439,2.471,2.594,2.473,1.2128,1.209,1.2189,1.2423
CMP-2026-1170,ISRO-TRAIN-LOT-2026,20,125.0,HEALTHY,0,11.758,12.017,12.478,12.292,2.474,2.57,2.585,2.563,1.1422,1.1386,1.1546,1.1559
CMP-2026-1171,ISRO-TRAIN-LOT-2026,3,125.0,HEALTHY,0,11.762,11.91,12.565,12.514,2.295,2.366,2.329,2.416,1.1149,1.116,1.1332,1.1641
CMP-2026-1172,ISRO-TRAIN-LOT-2026,10,125.0,HEALTHY,0,9.409,9.672,10.022,10.515,2.585,2.654,2.607,2.605,1.2385,1.2399,1.2531,1.2644
CMP-2026-1173,ISRO-TRAIN-LOT-2026,21,125.0,HEALTHY,0,10.377,10.53,10.735,11.259,2.104,2.081,2.139,2.24,1.0062,1.0016,1.0235,1.0463
CMP-2026-1174,ISRO-TRAIN-LOT-2026,24,125.0,HEALTHY,0,10.752,10.77,11.233,11.254,2.444,2.472,2.519,2.525,1.0693,1.0586,1.0796,1.1028
CMP-2026-1175,ISRO-TRAIN-LOT-2026,13,125.0,HEALTHY,0,10.931,11.111,11.06,11.106,2.815,2.805,2.924,2.975,1.1778,1.1721,1.1901,1.1908
CMP-2026-1176,ISRO-TRAIN-LOT-2026,16,125.0,HEALTHY,0,10.694,11.0,11.57,11.782,2.333,2.375,2.37,2.403,1.2289,1.2316,1.2377,1.2596
CMP-2026-1177,ISRO-TRAIN-LOT-2026,5,125.0,HEALTHY,0,12.01,12.232,12.79,13.072,2.422,2.399,2.467,2.549,1.2809,1.2851,1.2911,1.3084
CMP-2026-1178,ISRO-TRAIN-LOT-2026,22,125.0,LATENT_PAT_OUTLIER,1,39.482,41.546,43.748,47.459,7.026,7.826,9.026,10.826,1.3614,1.4114,1.4914,1.6114
CMP-2026-1179,ISRO-TRAIN-LOT-2026,6,125.0,HEALTHY,0,10.549,10.458,10.926,10.978,2.358,2.382,2.413,2.46,1.2342,1.2321,1.2413,1.2704
CMP-2026-1180,ISRO-TRAIN-LOT-2026,7,125.0,HEALTHY,0,8.02,8.407,8.956,9.144,2.266,2.277,2.329,2.357,1.0704,1.0769,1.0969,1.0983
CMP-2026-1181,ISRO-TRAIN-LOT-2026,18,125.0,HEALTHY,0,10.279,10.425,10.817,11.033,2.355,2.419,2.498,2.573,1.2025,1.2062,1.2174,1.2224
CMP-2026-1182,ISRO-TRAIN-LOT-2026,18,125.0,HEALTHY,0,10.761,11.18,11.322,11.654,2.503,2.526,2.53,2.524,1.2205,1.2198,1.2314,1.2298
CMP-2026-1183,ISRO-TRAIN-LOT-2026,18,125.0,HEALTHY,0,11.711,12.037,12.528,12.664,2.577,2.615,2.631,2.589,1.2107,1.215,1.2179,1.259
CMP-2026-1184,ISRO-TRAIN-LOT-2026,6,125.0,HEALTHY,0,9.823,10.291,10.666,10.7,2.118,2.126,2.245,2.166,1.1693,1.1733,1.1837,1.2004
CMP-2026-1185,ISRO-TRAIN-LOT-2026,13,125.0,LATENT_PAT_OUTLIER,1,40.121,41.868,44.096,46.547,5.176,5.976,7.176,8.976,1.454,1.504,1.584,1.704
CMP-2026-1186,ISRO-TRAIN-LOT-2026,14,125.0,HEALTHY,0,9.695,9.972,10.159,10.413,2.854,2.898,2.949,2.962,1.1931,1.1993,1.2195,1.2298
CMP-2026-1187,ISRO-TRAIN-LOT-2026,1,125.0,HEALTHY,0,10.345,10.603,10.706,11.114,2.729,2.724,2.773,2.754,1.1118,1.116,1.1357,1.1507
CMP-2026-1188,ISRO-TRAIN-LOT-2026,6,125.0,HEALTHY,0,10.426,10.67,11.038,10.976,3.175,3.161,3.237,3.275,1.2098,1.2167,1.2216,1.2476
CMP-2026-1189,ISRO-TRAIN-LOT-2026,2,125.0,HEALTHY,0,10.913,11.195,11.248,11.628,2.483,2.549,2.503,2.551,1.2032,1.2093,1.2152,1.2277
CMP-2026-1190,ISRO-TRAIN-LOT-2026,12,125.0,HEALTHY,0,11.451,11.704,12.068,12.239,2.624,2.639,2.662,2.75,1.1904,1.1903,1.2003,1.2258
CMP-2026-1191,ISRO-TRAIN-LOT-2026,9,125.0,HEALTHY,0,10.747,11.135,11.493,11.466,2.729,2.775,2.846,2.801,1.255,1.2673,1.2355,1.2829
CMP-2026-1192,ISRO-TRAIN-LOT-2026,8,125.0,HEALTHY,0,9.73,10.052,10.514,10.847,2.625,2.678,2.718,2.68,1.1113,1.118,1.1194,1.1549
CMP-2026-1193,ISRO-TRAIN-LOT-2026,16,125.0,HEALTHY,0,11.684,11.982,12.32,12.338,2.111,2.134,2.222,2.221,1.0302,1.0311,1.0348,1.0538
CMP-2026-1194,ISRO-TRAIN-LOT-2026,12,125.0,HEALTHY,0,10.394,10.53,10.575,10.488,2.646,2.69,2.657,2.698,1.2486,1.2656,1.2745,1.2679
CMP-2026-1195,ISRO-TRAIN-LOT-2026,5,125.0,HEALTHY,0,10.621,10.751,10.822,10.922,2.747,2.82,2.826,2.869,1.1016,1.0997,1.1034,1.1269
CMP-2026-1196,ISRO-TRAIN-LOT-2026,6,125.0,HEALTHY,0,9.379,9.742,9.688,9.4,2.564,2.537,2.667,2.67,1.2585,1.2561,1.2672,1.3073
CMP-2026-1197,ISRO-TRAIN-LOT-2026,8,125.0,LATENT_DRIFT,1,13.352,20.67,52.538,99.518,2.314,2.714,4.814,11.314,1.2133,1.2933,1.5433,2.0933
CMP-2026-1198,ISRO-TRAIN-LOT-2026,23,125.0,HEALTHY,0,10.087,10.417,10.675,10.692,2.63,2.696,2.677,2.704,1.2732,1.2766,1.2866,1.3103
CMP-2026-1199,ISRO-TRAIN-LOT-2026,10,125.0,HEALTHY,0,7.556,7.868,8.182,8.123,2.526,2.549,2.654,2.719,1.1369,1.1402,1.1682,1.1551
CMP-2026-1200,ISRO-TRAIN-LOT-2026,25,125.0,HEALTHY,0,12.136,12.386,12.545,12.731,2.767,2.861,2.84,2.885,1.3035,1.3113,1.3104,1.3459
CMP-2026-1201,ISRO-TRAIN-LOT-2026,15,125.0,HEALTHY,0,11.612,11.634,12.142,12.176,2.796,2.855,2.936,2.923,1.2926,1.2862,1.3117,1.3327
CMP-2026-1202,ISRO-TRAIN-LOT-2026,6,125.0,HEALTHY,0,10.562,10.777,10.924,11.079,2.31,2.347,2.439,2.325,1.1967,1.201,1.1993,1.2303
CMP-2026-1203,ISRO-TRAIN-LOT-2026,21,125.0,HEALTHY,0,11.757,11.928,12.498,12.336,2.743,2.782,2.91,2.868,1.1145,1.1142,1.1205,1.1538
CMP-2026-1204,ISRO-TRAIN-LOT-2026,21,125.0,HEALTHY,0,11.027,11.272,11.472,11.955,2.99,3.018,3.034,3.165,1.1548,1.1546,1.1724,1.1864
CMP-2026-1205,ISRO-TRAIN-LOT-2026,16,125.0,HEALTHY,0,10.445,10.588,10.67,10.375,2.623,2.651,2.695,2.768,1.2989,1.2947,1.3036,1.3318
CMP-2026-1206,ISRO-TRAIN-LOT-2026,23,125.0,HEALTHY,0,10.231,10.522,10.757,11.178,2.986,2.994,3.051,3.094,1.2396,1.2413,1.2483,1.2689
CMP-2026-1207,ISRO-TRAIN-LOT-2026,15,125.0,LATENT_DRIFT,1,12.403,19.486,52.087,98.056,2.158,2.558,4.658,11.158,1.2447,1.3247,1.5747,2.1247
CMP-2026-1208,ISRO-TRAIN-LOT-2026,9,125.0,HEALTHY,0,9.242,9.506,10.031,9.923,1.941,1.98,1.953,2.061,1.212,1.2053,1.2243,1.2405
CMP-2026-1209,ISRO-TRAIN-LOT-2026,22,125.0,HEALTHY,0,12.929,13.37,13.938,13.93,2.403,2.422,2.45,2.492,1.2034,1.2013,1.2181,1.2329
CMP-2026-1210,ISRO-TRAIN-LOT-2026,18,125.0,HEALTHY,0,12.037,12.403,12.612,13.328,2.101,2.151,2.176,2.108,1.2167,1.2177,1.2241,1.2337
CMP-2026-1211,ISRO-TRAIN-LOT-2026,16,125.0,HEALTHY,0,8.586,8.815,8.756,8.965,2.57,2.654,2.611,2.707,1.0749,1.0737,1.0878,1.0847
CMP-2026-1212,ISRO-TRAIN-LOT-2026,16,125.0,HEALTHY,0,12.53,12.613,12.539,12.595,1.912,1.954,1.987,2.064,1.1246,1.1165,1.1372,1.1626
CMP-2026-1213,ISRO-TRAIN-LOT-2026,16,125.0,HEALTHY,0,11.791,12.014,12.306,12.583,2.621,2.661,2.677,2.644,1.1434,1.145,1.1527,1.1897
CMP-2026-1214,ISRO-TRAIN-LOT-2026,11,125.0,HEALTHY,0,11.422,11.879,12.225,12.682,2.689,2.7,2.783,2.766,1.1428,1.1394,1.1447,1.1684
CMP-2026-1215,ISRO-TRAIN-LOT-2026,17,125.0,HEALTHY,0,12.401,12.488,12.375,12.87,2.518,2.602,2.624,2.512,1.168,1.1771,1.1867,1.1998
CMP-2026-1216,ISRO-TRAIN-LOT-2026,7,125.0,HEALTHY,0,9.49,9.663,9.802,10.121,2.123,2.136,2.121,2.224,1.2904,1.2915,1.3019,1.3163
CMP-2026-1217,ISRO-TRAIN-LOT-2026,13,125.0,HEALTHY,0,11.717,11.9,12.608,12.416,2.609,2.63,2.709,2.72,1.1604,1.1618,1.171,1.1898
CMP-2026-1218,ISRO-TRAIN-LOT-2026,24,125.0,HEALTHY,0,8.896,8.948,9.177,9.208,2.651,2.671,2.782,2.724,1.1501,1.1533,1.1766,1.1788
CMP-2026-1219,ISRO-TRAIN-LOT-2026,13,125.0,HEALTHY,0,8.834,9.105,9.232,9.177,2.525,2.535,2.525,2.522,1.0979,1.1,1.1196,1.12
CMP-2026-1220,ISRO-TRAIN-LOT-2026,9,125.0,HEALTHY,0,10.93,11.068,11.714,11.782,2.662,2.722,2.733,2.758,1.1717,1.1709,1.196,1.2016
CMP-2026-1221,ISRO-TRAIN-LOT-2026,11,125.0,GROSS_OUTLIER,1,55.776,62.06,81.083,105.624,32.091,35.091,40.091,48.091,3.3662,3.5662,3.9662,4.5662
CMP-2026-1222,ISRO-TRAIN-LOT-2026,10,125.0,GROSS_OUTLIER,1,69.8,72.863,89.341,118.061,30.083,33.083,38.083,46.083,2.8189,3.0189,3.4189,4.0189
CMP-2026-1223,ISRO-TRAIN-LOT-2026,10,125.0,HEALTHY,0,10.487,10.592,11.02,11.398,2.08,2.145,2.153,2.215,1.2736,1.284,1.2912,1.3042
CMP-2026-1224,ISRO-TRAIN-LOT-2026,2,125.0,HEALTHY,0,10.174,10.299,10.589,10.475,2.205,2.165,2.334,2.266,1.2034,1.2102,1.2182,1.2304
CMP-2026-1225,ISRO-TRAIN-LOT-2026,24,125.0,HEALTHY,0,10.579,10.701,10.858,10.975,2.767,2.799,2.838,2.816,1.2036,1.2093,1.2139,1.2335
CMP-2026-1226,ISRO-TRAIN-LOT-2026,3,125.0,HEALTHY,0,9.03,9.285,9.449,9.736,2.444,2.431,2.472,2.472,1.3412,1.3494,1.3439,1.3735
CMP-2026-1227,ISRO-TRAIN-LOT-2026,1,125.0,HEALTHY,0,10.648,10.993,11.265,11.48,2.611,2.676,2.696,2.725,1.1451,1.1401,1.1451,1.1625
CMP-2026-1228,ISRO-TRAIN-LOT-2026,2,125.0,HEALTHY,0,9.599,9.884,10.155,10.408,2.192,2.262,2.27,2.334,1.023,1.0304,1.0397,1.0545
CMP-2026-1229,ISRO-TRAIN-LOT-2026,12,125.0,HEALTHY,0,9.937,10.135,10.549,10.661,2.509,2.526,2.642,2.674,1.1973,1.1943,1.1909,1.2265
CMP-2026-1230,ISRO-TRAIN-LOT-2026,20,125.0,HEALTHY,0,11.7,11.904,12.004,12.187,2.782,2.824,2.872,2.791,1.1352,1.1322,1.1489,1.166
CMP-2026-1231,ISRO-TRAIN-LOT-2026,11,125.0,HEALTHY,0,10.797,10.935,10.838,11.164,2.596,2.652,2.743,2.676,1.1989,1.1961,1.2078,1.2331
CMP-2026-1232,ISRO-TRAIN-LOT-2026,10,125.0,HEALTHY,0,11.125,11.383,11.586,11.779,2.132,2.208,2.225,2.139,1.2986,1.2982,1.2905,1.335
CMP-2026-1233,ISRO-TRAIN-LOT-2026,8,125.0,HEALTHY,0,11.857,12.178,12.705,12.874,2.78,2.814,2.853,2.974,1.2579,1.2582,1.2776,1.2871
CMP-2026-1234,ISRO-TRAIN-LOT-2026,25,125.0,HEALTHY,0,10.418,10.58,10.993,11.057,2.701,2.704,2.743,2.716,1.2138,1.2163,1.2284,1.2495
CMP-2026-1235,ISRO-TRAIN-LOT-2026,24,125.0,LATENT_PAT_OUTLIER,1,40.471,41.797,43.777,46.696,8.58,9.38,10.58,12.38,1.4691,1.5191,1.5991,1.7191
CMP-2026-1236,ISRO-TRAIN-LOT-2026,17,125.0,HEALTHY,0,10.609,10.73,11.29,11.722,2.62,2.661,2.716,2.695,1.3101,1.3168,1.3186,1.3426
CMP-2026-1237,ISRO-TRAIN-LOT-2026,2,125.0,HEALTHY,0,10.163,10.226,10.344,10.606,2.729,2.77,2.79,2.793,1.2399,1.2389,1.2531,1.2604
CMP-2026-1238,ISRO-TRAIN-LOT-2026,7,125.0,HEALTHY,0,10.531,10.72,11.234,11.354,2.682,2.752,2.771,2.747,1.0661,1.0706,1.0612,1.0949
CMP-2026-1239,ISRO-TRAIN-LOT-2026,14,125.0,HEALTHY,0,10.544,10.857,11.189,11.172,2.68,2.689,2.766,2.764,1.2554,1.2574,1.2576,1.2806
CMP-2026-1240,ISRO-TRAIN-LOT-2026,7,125.0,HEALTHY,0,9.817,10.059,10.84,10.885,2.297,2.325,2.403,2.279,1.3323,1.3384,1.3459,1.3689
CMP-2026-1241,ISRO-TRAIN-LOT-2026,1,125.0,HEALTHY,0,8.892,9.149,9.179,9.104,2.699,2.721,2.798,2.737,1.3119,1.3101,1.3161,1.3484
CMP-2026-1242,ISRO-TRAIN-LOT-2026,12,125.0,HEALTHY,0,9.372,9.631,9.96,9.96,2.22,2.242,2.286,2.269,1.113,1.1155,1.1226,1.1604
CMP-2026-1243,ISRO-TRAIN-LOT-2026,15,125.0,HEALTHY,0,11.83,12.134,12.364,13.092,2.812,2.845,2.89,2.925,1.2458,1.2414,1.2537,1.2734
CMP-2026-1244,ISRO-TRAIN-LOT-2026,14,125.0,HEALTHY,0,8.803,9.003,9.405,9.704,3.118,3.171,3.17,3.251,1.2549,1.2547,1.2636,1.2792
CMP-2026-1245,ISRO-TRAIN-LOT-2026,5,125.0,HEALTHY,0,11.491,11.529,11.732,11.986,3.079,3.153,3.148,3.161,1.2327,1.2388,1.2361,1.2529
CMP-2026-1246,ISRO-TRAIN-LOT-2026,13,125.0,HEALTHY,0,11.638,11.917,12.414,12.652,3.286,3.298,3.38,3.411,1.1974,1.2082,1.2017,1.2227
CMP-2026-1247,ISRO-TRAIN-LOT-2026,10,125.0,GROSS_OUTLIER,1,71.282,80.124,95.371,114.702,21.223,24.223,29.223,37.223,3.5437,3.7437,4.1437,4.7437
CMP-2026-1248,ISRO-TRAIN-LOT-2026,6,125.0,HEALTHY,0,10.135,10.309,10.602,10.788,2.442,2.429,2.549,2.614,1.2557,1.2575,1.2693,1.2813
CMP-2026-1249,ISRO-TRAIN-LOT-2026,16,125.0,HEALTHY,0,10.125,10.311,10.72,10.766,2.191,2.186,2.3,2.317,1.2128,1.2064,1.2283,1.2455
CMP-2026-1250,ISRO-TRAIN-LOT-2026,6,125.0,HEALTHY,0,8.85,9.304,9.855,9.679,2.792,2.792,2.885,2.867,1.2345,1.239,1.2542,1.2728
CMP-2026-1251,ISRO-TRAIN-LOT-2026,7,125.0,HEALTHY,0,10.618,11.114,10.982,11.441,3.038,3.093,3.161,3.112,1.102,1.1025,1.1186,1.1317
CMP-2026-1252,ISRO-TRAIN-LOT-2026,8,125.0,HEALTHY,0,10.378,10.546,11.066,11.142,2.799,2.839,2.822,2.82,1.3167,1.3167,1.3389,1.3442
CMP-2026-1253,ISRO-TRAIN-LOT-2026,4,125.0,HEALTHY,0,10.775,10.954,11.337,11.33,2.279,2.295,2.412,2.381,1.3059,1.3189,1.3214,1.3289
CMP-2026-1254,ISRO-TRAIN-LOT-2026,19,125.0,HEALTHY,0,9.355,9.296,9.794,9.648,2.388,2.444,2.448,2.537,1.2275,1.2378,1.2386,1.2527
CMP-2026-1255,ISRO-TRAIN-LOT-2026,8,125.0,HEALTHY,0,10.597,10.695,11.308,11.251,2.512,2.558,2.566,2.59,1.1114,1.1108,1.1201,1.1424
CMP-2026-1256,ISRO-TRAIN-LOT-2026,21,125.0,HEALTHY,0,10.206,10.416,11.043,11.08,2.694,2.735,2.741,2.731,1.2763,1.2834,1.291,1.3003
CMP-2026-1257,ISRO-TRAIN-LOT-2026,10,125.0,HEALTHY,0,10.377,10.585,10.851,10.664,2.729,2.772,2.87,2.87,1.2447,1.2505,1.2575,1.2613
CMP-2026-1258,ISRO-TRAIN-LOT-2026,13,125.0,HEALTHY,0,10.511,10.661,10.835,11.053,2.485,2.509,2.516,2.574,1.3948,1.3906,1.4052,1.426
CMP-2026-1259,ISRO-TRAIN-LOT-2026,20,125.0,HEALTHY,0,10.399,10.59,11.061,11.104,2.543,2.576,2.61,2.621,1.2701,1.2757,1.2819,1.2833
CMP-2026-1260,ISRO-TRAIN-LOT-2026,25,125.0,HEALTHY,0,12.702,12.947,13.343,12.842,2.449,2.522,2.527,2.553,1.0865,1.097,1.0856,1.1131
CMP-2026-1261,ISRO-TRAIN-LOT-2026,17,125.0,HEALTHY,0,11.183,11.544,11.872,11.795,2.765,2.792,2.753,2.804,1.1999,1.1991,1.2111,1.2219
CMP-2026-1262,ISRO-TRAIN-LOT-2026,12,125.0,HEALTHY,0,9.677,9.921,10.056,10.32,2.812,2.834,2.939,3.019,1.2374,1.246,1.2587,1.2766
CMP-2026-1263,ISRO-TRAIN-LOT-2026,25,125.0,HEALTHY,0,10.885,11.195,11.683,11.618,2.829,2.855,2.867,2.958,1.2108,1.2175,1.2191,1.24
CMP-2026-1264,ISRO-TRAIN-LOT-2026,11,125.0,GROSS_OUTLIER,1,58.131,63.465,77.827,101.443,21.511,24.511,29.511,37.511,2.7898,2.9898,3.3898,3.9898
CMP-2026-1265,ISRO-TRAIN-LOT-2026,1,125.0,HEALTHY,0,9.941,10.178,10.667,10.673,2.725,2.741,2.767,2.854,1.1479,1.1511,1.154,1.1766
CMP-2026-1266,ISRO-TRAIN-LOT-2026,12,125.0,HEALTHY,0,12.06,12.47,12.854,12.875,2.428,2.5,2.529,2.52,1.2577,1.2534,1.276,1.2952
CMP-2026-1267,ISRO-TRAIN-LOT-2026,5,125.0,HEALTHY,0,10.62,10.705,10.935,10.54,2.364,2.376,2.445,2.511,1.181,1.184,1.1839,1.2063
CMP-2026-1268,ISRO-TRAIN-LOT-2026,20,125.0,HEALTHY,0,8.352,8.435,8.441,8.614,2.139,2.189,2.237,2.247,1.1906,1.1911,1.2057,1.2246
CMP-2026-1269,ISRO-TRAIN-LOT-2026,15,125.0,HEALTHY,0,9.863,10.142,10.223,10.201,2.557,2.58,2.611,2.712,1.1494,1.1557,1.1612,1.1835
CMP-2026-1270,ISRO-TRAIN-LOT-2026,13,125.0,HEALTHY,0,12.709,13.143,13.167,13.295,2.022,2.057,2.129,2.076,1.1349,1.1332,1.1481,1.1622
CMP-2026-1271,ISRO-TRAIN-LOT-2026,10,125.0,HEALTHY,0,10.347,10.567,11.079,11.334,2.675,2.699,2.722,2.752,1.22,1.2222,1.2371,1.2464
CMP-2026-1272,ISRO-TRAIN-LOT-2026,1,125.0,LATENT_PAT_OUTLIER,1,37.39,39.247,41.853,44.264,8.917,9.717,10.917,12.717,1.3732,1.4232,1.5032,1.6232
CMP-2026-1273,ISRO-TRAIN-LOT-2026,23,125.0,HEALTHY,0,10.158,10.287,10.227,10.803,2.032,2.042,2.071,2.12,1.165,1.1669,1.1916,1.1999
CMP-2026-1274,ISRO-TRAIN-LOT-2026,1,125.0,HEALTHY,0,9.907,10.028,10.387,10.422,2.342,2.313,2.388,2.545,1.2536,1.2434,1.2623,1.2588
CMP-2026-1275,ISRO-TRAIN-LOT-2026,16,125.0,HEALTHY,0,8.394,8.622,8.83,9.08,2.288,2.282,2.35,2.409,1.2709,1.2713,1.2821,1.3031
CMP-2026-1276,ISRO-TRAIN-LOT-2026,17,125.0,LATENT_DRIFT,1,12.863,19.024,46.47,85.827,2.121,2.521,4.621,11.121,1.1708,1.2508,1.5008,2.0508
CMP-2026-1277,ISRO-TRAIN-LOT-2026,15,125.0,HEALTHY,0,10.575,10.855,11.131,11.585,2.219,2.28,2.302,2.385,1.3217,1.3297,1.3247,1.3436
CMP-2026-1278,ISRO-TRAIN-LOT-2026,19,125.0,HEALTHY,0,10.729,11.136,11.27,11.463,2.306,2.311,2.415,2.372,1.1236,1.121,1.1308,1.1496
CMP-2026-1279,ISRO-TRAIN-LOT-2026,24,125.0,LATENT_DRIFT,1,13.072,19.519,49.235,92.793,2.061,2.461,4.561,11.061,1.2029,1.2829,1.5329,2.0829
CMP-2026-1280,ISRO-TRAIN-LOT-2026,7,125.0,LATENT_PAT_OUTLIER,1,43.313,45.3,48.449,52.381,7.385,8.185,9.385,11.185,1.6431,1.6931,1.7731,1.8931
CMP-2026-1281,ISRO-TRAIN-LOT-2026,16,125.0,HEALTHY,0,10.622,10.867,11.311,11.13,2.698,2.751,2.77,2.876,1.1551,1.1635,1.1581,1.1741
CMP-2026-1282,ISRO-TRAIN-LOT-2026,22,125.0,HEALTHY,0,10.427,10.653,10.81,10.753,2.506,2.561,2.597,2.634,1.1182,1.1212,1.1332,1.1455
CMP-2026-1283,ISRO-TRAIN-LOT-2026,19,125.0,HEALTHY,0,10.685,10.798,10.97,11.672,2.638,2.67,2.701,2.738,1.3256,1.3203,1.3326,1.3649
CMP-2026-1284,ISRO-TRAIN-LOT-2026,3,125.0,HEALTHY,0,10.206,10.498,10.741,10.957,2.667,2.697,2.753,2.777,1.1905,1.1963,1.1955,1.2365
CMP-2026-1285,ISRO-TRAIN-LOT-2026,15,125.0,HEALTHY,0,10.113,10.302,10.876,10.517,2.182,2.184,2.26,2.233,1.3123,1.3229,1.3194,1.3254
CMP-2026-1286,ISRO-TRAIN-LOT-2026,6,125.0,HEALTHY,0,8.812,9.179,9.284,9.322,2.688,2.706,2.756,2.847,1.1356,1.1345,1.1464,1.1604
CMP-2026-1287,ISRO-TRAIN-LOT-2026,2,125.0,HEALTHY,0,10.701,11.067,11.556,11.643,2.035,2.059,2.143,2.066,1.0926,1.0888,1.0951,1.1207
CMP-2026-1288,ISRO-TRAIN-LOT-2026,16,125.0,HEALTHY,0,10.899,11.244,11.426,11.34,2.202,2.269,2.28,2.34,1.151,1.151,1.1619,1.1827
CMP-2026-1289,ISRO-TRAIN-LOT-2026,9,125.0,HEALTHY,0,11.239,11.484,11.496,11.87,2.455,2.459,2.521,2.612,1.2955,1.2978,1.2956,1.3123
CMP-2026-1290,ISRO-TRAIN-LOT-2026,2,125.0,HEALTHY,0,10.957,11.148,11.286,11.467,2.36,2.387,2.46,2.443,1.1604,1.1592,1.1813,1.1777
CMP-2026-1291,ISRO-TRAIN-LOT-2026,11,125.0,HEALTHY,0,10.624,10.962,11.25,11.418,2.773,2.8,2.875,2.987,1.1317,1.1308,1.1419,1.1604
CMP-2026-1292,ISRO-TRAIN-LOT-2026,3,125.0,HEALTHY,0,13.109,13.382,14.237,14.109,2.088,2.141,2.182,2.164,1.1854,1.1905,1.1974,1.218
CMP-2026-1293,ISRO-TRAIN-LOT-2026,10,125.0,HEALTHY,0,9.028,9.235,9.396,9.782,2.573,2.587,2.622,2.673,1.3243,1.3208,1.3195,1.3397
CMP-2026-1294,ISRO-TRAIN-LOT-2026,15,125.0,HEALTHY,0,10.725,10.817,11.173,10.891,2.869,2.893,2.979,2.953,1.2366,1.2393,1.2643,1.2631
CMP-2026-1295,ISRO-TRAIN-LOT-2026,16,125.0,HEALTHY,0,9.879,10.191,10.336,10.429,2.534,2.576,2.609,2.644,1.2518,1.2631,1.2593,1.2818
CMP-2026-1296,ISRO-TRAIN-LOT-2026,25,125.0,LATENT_DRIFT,1,13.121,18.444,40.936,72.662,2.633,3.033,5.133,11.633,1.1975,1.2775,1.5275,2.0775
CMP-2026-1297,ISRO-TRAIN-LOT-2026,2,125.0,HEALTHY,0,12.181,12.228,12.528,12.341,2.49,2.549,2.54,2.583,1.197,1.1926,1.2065,1.234
CMP-2026-1298,ISRO-TRAIN-LOT-2026,24,125.0,HEALTHY,0,11.086,11.405,11.617,11.7,2.495,2.52,2.591,2.564,1.2387,1.2425,1.2501,1.281
CMP-2026-1299,ISRO-TRAIN-LOT-2026,10,125.0,HEALTHY,0,12.233,12.428,12.844,12.834,2.446,2.445,2.575,2.506,1.1839,1.1814,1.1899,1.2139
CMP-2026-1300,ISRO-TRAIN-LOT-2026,19,125.0,HEALTHY,0,12.375,12.493,13.041,12.727,1.742,1.763,1.814,1.886,1.1459,1.1527,1.1597,1.1928
CMP-2026-1301,ISRO-TRAIN-LOT-2026,17,125.0,HEALTHY,0,9.958,10.103,10.54,10.702,2.47,2.51,2.597,2.604,1.3698,1.3771,1.384,1.3834
CMP-2026-1302,ISRO-TRAIN-LOT-2026,15,125.0,HEALTHY,0,8.207,8.38,8.864,9.103,2.731,2.77,2.808,2.878,1.1791,1.1841,1.1945,1.2118
CMP-2026-1303,ISRO-TRAIN-LOT-2026,25,125.0,LATENT_PAT_OUTLIER,1,37.103,39.263,40.871,43.978,7.534,8.334,9.534,11.334,1.5498,1.5998,1.6798,1.7998
CMP-2026-1304,ISRO-TRAIN-LOT-2026,2,125.0,HEALTHY,0,9.446,9.61,9.926,9.913,2.265,2.245,2.42,2.365,1.0732,1.0764,1.0913,1.1199
CMP-2026-1305,ISRO-TRAIN-LOT-2026,1,125.0,HEALTHY,0,11.212,11.322,11.682,11.872,2.507,2.516,2.549,2.565,1.2311,1.2347,1.2427,1.2525
CMP-2026-1306,ISRO-TRAIN-LOT-2026,4,125.0,LATENT_PAT_OUTLIER,1,46.225,48.57,51.588,55.435,8.871,9.671,10.871,12.671,1.5502,1.6002,1.6802,1.8002
CMP-2026-1307,ISRO-TRAIN-LOT-2026,17,125.0,HEALTHY,0,9.323,9.494,9.673,9.923,2.559,2.544,2.669,2.665,1.1932,1.1977,1.2076,1.2389
CMP-2026-1308,ISRO-TRAIN-LOT-2026,4,125.0,HEALTHY,0,10.112,10.435,10.495,10.881,2.407,2.369,2.432,2.524,1.1778,1.1812,1.1886,1.2157
CMP-2026-1309,ISRO-TRAIN-LOT-2026,22,125.0,HEALTHY,0,11.105,11.282,11.611,11.899,2.265,2.326,2.322,2.276,1.2839,1.2747,1.2933,1.3062
CMP-2026-1310,ISRO-TRAIN-LOT-2026,22,125.0,LATENT_DRIFT,1,11.042,16.451,41.213,77.669,2.889,3.289,5.389,11.889,1.2363,1.3163,1.5663,2.1163
CMP-2026-1311,ISRO-TRAIN-LOT-2026,9,125.0,HEALTHY,0,9.945,10.039,10.605,10.855,2.178,2.203,2.2,2.333,1.2226,1.224,1.2427,1.2391
CMP-2026-1312,ISRO-TRAIN-LOT-2026,11,125.0,HEALTHY,0,11.737,11.98,12.374,12.738,3.055,3.079,3.181,3.183,1.2026,1.2126,1.2011,1.2257
CMP-2026-1313,ISRO-TRAIN-LOT-2026,23,125.0,HEALTHY,0,10.651,10.923,11.23,11.362,2.64,2.676,2.782,2.702,1.1441,1.1497,1.1659,1.1847
CMP-2026-1314,ISRO-TRAIN-LOT-2026,19,125.0,HEALTHY,0,11.816,11.912,12.122,11.834,2.907,2.931,3.017,2.995,1.226,1.2226,1.2338,1.2544
CMP-2026-1315,ISRO-TRAIN-LOT-2026,17,125.0,HEALTHY,0,11.088,11.242,11.382,11.932,2.006,1.992,2.095,2.082,1.1503,1.1489,1.1621,1.1614
CMP-2026-1316,ISRO-TRAIN-LOT-2026,23,125.0,HEALTHY,0,12.32,12.29,12.463,12.693,2.675,2.669,2.765,2.743,1.1437,1.1493,1.1562,1.1509
CMP-2026-1317,ISRO-TRAIN-LOT-2026,7,125.0,HEALTHY,0,9.138,9.444,9.557,9.5,2.147,2.216,2.214,2.25,1.1825,1.1808,1.1905,1.207
CMP-2026-1318,ISRO-TRAIN-LOT-2026,21,125.0,LATENT_DRIFT,1,12.492,19.421,49.663,93.801,2.658,3.058,5.158,11.658,1.1949,1.2749,1.5249,2.0749
CMP-2026-1319,ISRO-TRAIN-LOT-2026,1,125.0,HEALTHY,0,9.709,9.875,10.297,9.729,2.532,2.608,2.607,2.617,1.2965,1.2988,1.3077,1.3204
CMP-2026-1320,ISRO-TRAIN-LOT-2026,4,125.0,LATENT_PAT_OUTLIER,1,44.677,45.714,47.83,50.143,8.768,9.568,10.768,12.568,1.6868,1.7368,1.8168,1.9368
CMP-2026-1321,ISRO-TRAIN-LOT-2026,17,125.0,HEALTHY,0,10.428,10.558,10.713,10.953,2.512,2.56,2.593,2.683,1.2401,1.2399,1.2529,1.2702
CMP-2026-1322,ISRO-TRAIN-LOT-2026,18,125.0,HEALTHY,0,11.755,11.86,12.204,12.37,2.611,2.649,2.67,2.825,1.2056,1.2026,1.2117,1.2403
CMP-2026-1323,ISRO-TRAIN-LOT-2026,7,125.0,HEALTHY,0,11.321,11.531,11.742,11.503,2.274,2.336,2.362,2.365,1.266,1.2676,1.2858,1.2948
CMP-2026-1324,ISRO-TRAIN-LOT-2026,14,125.0,HEALTHY,0,11.223,11.485,11.479,11.891,2.237,2.282,2.332,2.355,1.2174,1.2184,1.231,1.2629
CMP-2026-1325,ISRO-TRAIN-LOT-2026,22,125.0,HEALTHY,0,10.719,10.942,10.791,11.491,2.285,2.303,2.349,2.362,1.0683,1.07,1.0764,1.086
CMP-2026-1326,ISRO-TRAIN-LOT-2026,18,125.0,HEALTHY,0,9.923,9.821,10.253,10.349,2.453,2.529,2.519,2.554,1.3287,1.3226,1.3481,1.363
CMP-2026-1327,ISRO-TRAIN-LOT-2026,17,125.0,HEALTHY,0,12.056,12.268,12.526,12.304,2.979,3.017,3.135,3.09,1.2768,1.29,1.2566,1.2791
CMP-2026-1328,ISRO-TRAIN-LOT-2026,8,125.0,HEALTHY,0,11.231,11.565,11.363,11.485,2.379,2.4,2.397,2.474,1.1594,1.1655,1.1821,1.1923
CMP-2026-1329,ISRO-TRAIN-LOT-2026,22,125.0,HEALTHY,0,11.368,11.633,11.749,11.663,2.368,2.437,2.42,2.387,1.2002,1.2009,1.2122,1.2328
CMP-2026-1330,ISRO-TRAIN-LOT-2026,16,125.0,HEALTHY,0,11.928,12.066,12.238,12.437,1.995,2.084,2.051,2.124,1.2222,1.2327,1.2467,1.2532
CMP-2026-1331,ISRO-TRAIN-LOT-2026,9,125.0,HEALTHY,0,10.79,11.02,11.219,10.965,2.113,2.124,2.196,2.24,1.2105,1.2183,1.2171,1.2376
CMP-2026-1332,ISRO-TRAIN-LOT-2026,25,125.0,HEALTHY,0,10.216,10.578,10.447,11.025,1.863,1.834,1.962,1.963,1.1537,1.1635,1.1662,1.1825
CMP-2026-1333,ISRO-TRAIN-LOT-2026,6,125.0,LATENT_PAT_OUTLIER,1,45.306,46.737,48.993,51.188,7.229,8.029,9.229,11.029,1.4928,1.5428,1.6228,1.7428
CMP-2026-1334,ISRO-TRAIN-LOT-2026,14,125.0,HEALTHY,0,11.131,11.419,11.806,12.196,2.479,2.58,2.581,2.62,1.0772,1.0824,1.0827,1.0935
CMP-2026-1335,ISRO-TRAIN-LOT-2026,12,125.0,HEALTHY,0,9.421,9.64,10.043,10.718,2.309,2.281,2.404,2.439,1.4114,1.4047,1.4269,1.4371
CMP-2026-1336,ISRO-TRAIN-LOT-2026,19,125.0,HEALTHY,0,13.226,13.364,13.641,13.678,2.294,2.356,2.377,2.435,1.2216,1.2191,1.2436,1.2651
CMP-2026-1337,ISRO-TRAIN-LOT-2026,2,125.0,HEALTHY,0,11.091,11.203,11.906,11.703,2.016,2.078,2.119,2.172,1.3549,1.3563,1.3459,1.3842
CMP-2026-1338,ISRO-TRAIN-LOT-2026,24,125.0,HEALTHY,0,10.25,10.322,10.452,10.366,2.682,2.706,2.802,2.743,1.0929,1.0942,1.094,1.1294
CMP-2026-1339,ISRO-TRAIN-LOT-2026,24,125.0,HEALTHY,0,11.708,11.777,12.232,12.381,2.153,2.191,2.164,2.191,1.0428,1.041,1.0473,1.0816
CMP-2026-1340,ISRO-TRAIN-LOT-2026,21,125.0,HEALTHY,0,10.343,10.395,10.858,11.075,2.444,2.507,2.565,2.548,1.2681,1.2722,1.2679,1.2977
CMP-2026-1341,ISRO-TRAIN-LOT-2026,17,125.0,HEALTHY,0,10.034,10.14,10.23,10.574,2.396,2.427,2.579,2.495,1.1927,1.1923,1.212,1.2143
CMP-2026-1342,ISRO-TRAIN-LOT-2026,8,125.0,HEALTHY,0,10.943,11.08,11.366,11.27,2.362,2.415,2.446,2.47,1.1842,1.184,1.1973,1.215
CMP-2026-1343,ISRO-TRAIN-LOT-2026,1,125.0,HEALTHY,0,10.021,10.051,10.462,10.894,2.472,2.497,2.551,2.606,1.24,1.2442,1.245,1.2638
CMP-2026-1344,ISRO-TRAIN-LOT-2026,10,125.0,HEALTHY,0,8.946,9.164,9.519,9.908,2.67,2.709,2.759,2.757,1.0552,1.0456,1.0701,1.0749
CMP-2026-1345,ISRO-TRAIN-LOT-2026,24,125.0,HEALTHY,0,10.876,11.032,11.338,11.421,2.419,2.454,2.506,2.495,1.185,1.1876,1.2136,1.224
CMP-2026-1346,ISRO-TRAIN-LOT-2026,1,125.0,HEALTHY,0,10.16,10.179,10.562,10.934,2.378,2.465,2.464,2.476,1.1517,1.155,1.1732,1.1905
CMP-2026-1347,ISRO-TRAIN-LOT-2026,2,125.0,HEALTHY,0,7.625,7.741,7.998,8.318,2.794,2.811,2.852,2.895,1.1508,1.1503,1.1575,1.185
CMP-2026-1348,ISRO-TRAIN-LOT-2026,25,125.0,HEALTHY,0,11.984,12.093,12.32,12.49,2.56,2.59,2.608,2.579,1.1267,1.1205,1.1373,1.1534
CMP-2026-1349,ISRO-TRAIN-LOT-2026,6,125.0,HEALTHY,0,9.931,10.148,10.008,10.488,2.159,2.196,2.251,2.266,1.0742,1.076,1.0703,1.1012
CMP-2026-1350,ISRO-TRAIN-LOT-2026,16,125.0,HEALTHY,0,12.329,12.607,12.827,12.844,2.664,2.653,2.659,2.784,1.0485,1.0488,1.0549,1.0737
CMP-2026-1351,ISRO-TRAIN-LOT-2026,10,125.0,HEALTHY,0,10.343,10.313,10.524,10.709,2.154,2.178,2.172,2.336,1.2369,1.2349,1.2411,1.2608
CMP-2026-1352,ISRO-TRAIN-LOT-2026,22,125.0,HEALTHY,0,10.646,11.017,11.002,11.678,2.31,2.307,2.479,2.408,1.1946,1.1942,1.2086,1.2236
CMP-2026-1353,ISRO-TRAIN-LOT-2026,4,125.0,HEALTHY,0,10.233,10.448,10.987,11.029,3.123,3.093,3.219,3.197,1.214,1.2085,1.2366,1.2385
CMP-2026-1354,ISRO-TRAIN-LOT-2026,16,125.0,HEALTHY,0,9.21,9.402,10.045,9.996,2.85,2.956,2.942,2.898,1.2994,1.3081,1.3041,1.3314
CMP-2026-1355,ISRO-TRAIN-LOT-2026,24,125.0,HEALTHY,0,10.451,10.719,11.068,11.249,2.792,2.788,2.838,2.865,1.2248,1.2163,1.2621,1.2559
CMP-2026-1356,ISRO-TRAIN-LOT-2026,24,125.0,HEALTHY,0,11.205,11.452,11.315,11.745,2.103,2.092,2.193,2.231,1.2384,1.2416,1.2488,1.2565
CMP-2026-1357,ISRO-TRAIN-LOT-2026,19,125.0,HEALTHY,0,11.335,11.673,12.18,11.935,2.368,2.382,2.523,2.452,1.2212,1.2236,1.2363,1.2612
CMP-2026-1358,ISRO-TRAIN-LOT-2026,4,125.0,HEALTHY,0,13.054,13.385,13.795,14.141,2.924,2.955,2.928,2.991,1.1521,1.1555,1.1657,1.1953
CMP-2026-1359,ISRO-TRAIN-LOT-2026,19,125.0,HEALTHY,0,10.265,10.406,10.789,10.612,2.302,2.312,2.387,2.366,1.0536,1.0584,1.0748,1.0945
CMP-2026-1360,ISRO-TRAIN-LOT-2026,22,125.0,HEALTHY,0,10.527,10.789,11.077,11.197,2.747,2.755,2.825,2.868,1.1737,1.1717,1.1926,1.2077
CMP-2026-1361,ISRO-TRAIN-LOT-2026,9,125.0,HEALTHY,0,9.552,9.747,9.931,9.849,2.476,2.478,2.52,2.679,1.2365,1.2401,1.2556,1.2448
CMP-2026-1362,ISRO-TRAIN-LOT-2026,18,125.0,HEALTHY,0,10.01,10.286,10.961,10.805,2.583,2.674,2.649,2.626,1.1381,1.1382,1.1479,1.1736
CMP-2026-1363,ISRO-TRAIN-LOT-2026,18,125.0,HEALTHY,0,11.803,12.094,12.583,12.591,2.866,2.912,2.935,3.011,1.2065,1.2081,1.2201,1.2415
CMP-2026-1364,ISRO-TRAIN-LOT-2026,24,125.0,HEALTHY,0,10.666,11.013,11.563,11.68,2.633,2.645,2.76,2.745,1.3182,1.3254,1.3181,1.3512
CMP-2026-1365,ISRO-TRAIN-LOT-2026,5,125.0,HEALTHY,0,7.974,8.061,8.294,8.321,2.624,2.661,2.673,2.663,1.1938,1.1965,1.1953,1.2334
CMP-2026-1366,ISRO-TRAIN-LOT-2026,4,125.0,LATENT_DRIFT,1,10.965,15.534,36.1,66.232,2.756,3.156,5.256,11.756,1.2062,1.2862,1.5362,2.0862
CMP-2026-1367,ISRO-TRAIN-LOT-2026,11,125.0,HEALTHY,0,9.226,9.409,10.124,9.615,2.514,2.557,2.568,2.563,1.2865,1.2884,1.2994,1.3255
CMP-2026-1368,ISRO-TRAIN-LOT-2026,13,125.0,HEALTHY,0,11.562,11.921,12.064,11.696,2.516,2.554,2.547,2.687,1.1979,1.2058,1.2105,1.2425
CMP-2026-1369,ISRO-TRAIN-LOT-2026,16,125.0,HEALTHY,0,9.467,9.8,10.358,10.232,2.143,2.192,2.227,2.275,1.3174,1.3213,1.3275,1.36
CMP-2026-1370,ISRO-TRAIN-LOT-2026,11,125.0,HEALTHY,0,10.967,10.786,11.513,11.369,3.17,3.255,3.323,3.208,1.1558,1.1583,1.1685,1.1738
CMP-2026-1371,ISRO-TRAIN-LOT-2026,23,125.0,HEALTHY,0,12.438,12.484,13.019,12.543,2.17,2.194,2.311,2.312,1.2586,1.272,1.2729,1.2959
CMP-2026-1372,ISRO-TRAIN-LOT-2026,5,125.0,HEALTHY,0,9.992,10.092,10.25,10.566,3.082,3.137,3.189,3.228,1.1908,1.1829,1.213,1.2139
CMP-2026-1373,ISRO-TRAIN-LOT-2026,8,125.0,HEALTHY,0,11.867,12.224,12.925,12.785,1.936,1.944,1.988,2.049,1.2756,1.2771,1.2832,1.3067
CMP-2026-1374,ISRO-TRAIN-LOT-2026,4,125.0,HEALTHY,0,10.012,10.382,10.69,10.772,2.847,2.888,2.939,3.091,1.3028,1.305,1.307,1.3283
CMP-2026-1375,ISRO-TRAIN-LOT-2026,2,125.0,HEALTHY,0,11.557,11.723,11.906,11.982,2.495,2.517,2.59,2.585,1.2053,1.2061,1.2191,1.2496
CMP-2026-1376,ISRO-TRAIN-LOT-2026,24,125.0,HEALTHY,0,13.254,13.577,14.163,13.979,2.522,2.531,2.628,2.699,1.147,1.1513,1.1606,1.1803
CMP-2026-1377,ISRO-TRAIN-LOT-2026,23,125.0,LATENT_DRIFT,1,11.875,19.875,56.465,108.61,2.377,2.777,4.877,11.377,1.2055,1.2855,1.5355,2.0855
CMP-2026-1378,ISRO-TRAIN-LOT-2026,8,125.0,HEALTHY,0,10.366,10.657,10.967,11.076,2.492,2.545,2.636,2.596,1.3341,1.3332,1.3566,1.3701
CMP-2026-1379,ISRO-TRAIN-LOT-2026,25,125.0,HEALTHY,0,9.846,10.147,10.721,10.636,2.852,2.893,2.914,2.979,1.3853,1.3833,1.4034,1.4256
CMP-2026-1380,ISRO-TRAIN-LOT-2026,5,125.0,HEALTHY,0,10.036,10.208,10.566,10.282,2.44,2.473,2.552,2.547,1.357,1.3569,1.3522,1.4064
CMP-2026-1381,ISRO-TRAIN-LOT-2026,13,125.0,HEALTHY,0,8.157,8.539,8.786,8.677,2.247,2.256,2.277,2.337,1.0473,1.0497,1.0697,1.0698
CMP-2026-1382,ISRO-TRAIN-LOT-2026,23,125.0,HEALTHY,0,11.484,11.731,12.15,12.174,3.069,3.127,3.177,3.216,1.2915,1.2967,1.2934,1.3279
CMP-2026-1383,ISRO-TRAIN-LOT-2026,16,125.0,HEALTHY,0,11.751,12.171,12.238,12.6,2.261,2.305,2.311,2.351,1.2412,1.2492,1.258,1.2868
CMP-2026-1384,ISRO-TRAIN-LOT-2026,25,125.0,HEALTHY,0,12.643,12.892,13.169,13.614,2.131,2.177,2.119,2.289,1.2287,1.2157,1.2359,1.2703
CMP-2026-1385,ISRO-TRAIN-LOT-2026,11,125.0,HEALTHY,0,11.983,12.455,12.742,12.616,2.358,2.397,2.479,2.553,1.0681,1.0649,1.0719,1.0853
CMP-2026-1386,ISRO-TRAIN-LOT-2026,11,125.0,HEALTHY,0,11.233,11.353,11.651,12.049,2.602,2.643,2.688,2.729,1.3127,1.3183,1.3213,1.3597
CMP-2026-1387,ISRO-TRAIN-LOT-2026,11,125.0,HEALTHY,0,9.78,10.098,10.194,10.388,2.754,2.803,2.796,2.775,1.2196,1.216,1.2244,1.249
CMP-2026-1388,ISRO-TRAIN-LOT-2026,10,125.0,HEALTHY,0,10.938,11.496,11.61,11.994,2.566,2.585,2.647,2.659,1.1708,1.1716,1.1686,1.1933
CMP-2026-1389,ISRO-TRAIN-LOT-2026,24,125.0,HEALTHY,0,11.418,11.677,12.076,12.356,2.439,2.484,2.519,2.502,1.1452,1.1526,1.1549,1.1596
CMP-2026-1390,ISRO-TRAIN-LOT-2026,15,125.0,LATENT_DRIFT,1,10.826,15.101,34.86,64.88,2.546,2.946,5.046,11.546,1.1625,1.2425,1.4925,2.0425
CMP-2026-1391,ISRO-TRAIN-LOT-2026,21,125.0,HEALTHY,0,10.244,10.619,10.877,11.518,2.332,2.339,2.46,2.482,1.1352,1.1403,1.1497,1.1647
CMP-2026-1392,ISRO-TRAIN-LOT-2026,3,125.0,HEALTHY,0,11.974,12.365,12.827,12.796,2.828,2.852,2.878,2.952,1.2999,1.2954,1.3017,1.3265
CMP-2026-1393,ISRO-TRAIN-LOT-2026,15,125.0,HEALTHY,0,10.588,11.006,11.359,11.386,2.722,2.73,2.729,2.806,1.3141,1.315,1.3159,1.3378
CMP-2026-1394,ISRO-TRAIN-LOT-2026,8,125.0,HEALTHY,0,10.759,10.954,11.079,11.527,1.851,1.84,1.85,1.877,1.31,1.3049,1.3231,1.3151
CMP-2026-1395,ISRO-TRAIN-LOT-2026,2,125.0,HEALTHY,0,9.23,9.712,9.787,9.876,2.71,2.715,2.79,2.853,1.2179,1.2218,1.2362,1.2324
CMP-2026-1396,ISRO-TRAIN-LOT-2026,22,125.0,HEALTHY,0,11.08,11.211,11.793,11.589,2.288,2.333,2.315,2.304,1.0792,1.0857,1.0889,1.1101
CMP-2026-1397,ISRO-TRAIN-LOT-2026,13,125.0,HEALTHY,0,10.602,10.87,11.245,11.157,2.778,2.828,2.859,2.802,1.1836,1.1853,1.1964,1.2227
CMP-2026-1398,ISRO-TRAIN-LOT-2026,8,125.0,HEALTHY,0,10.588,11.109,11.421,11.44,2.113,2.144,2.194,2.198,1.2063,1.2073,1.2219,1.2353
CMP-2026-1399,ISRO-TRAIN-LOT-2026,4,125.0,HEALTHY,0,11.186,11.408,11.831,11.524,2.873,2.946,3.01,3.026,1.0608,1.055,1.081,1.098
CMP-2026-1400,ISRO-TRAIN-LOT-2026,20,125.0,HEALTHY,0,9.754,10.218,10.446,10.676,2.826,2.829,2.886,3.01,1.3418,1.3427,1.3485,1.3713
CMP-2026-1401,ISRO-TRAIN-LOT-2026,2,125.0,HEALTHY,0,9.781,9.965,10.63,10.651,2.661,2.677,2.697,2.679,1.3159,1.3085,1.3259,1.3442
CMP-2026-1402,ISRO-TRAIN-LOT-2026,6,125.0,HEALTHY,0,9.797,9.875,9.945,9.981,2.437,2.425,2.478,2.616,1.2433,1.2457,1.2587,1.2937
CMP-2026-1403,ISRO-TRAIN-LOT-2026,20,125.0,HEALTHY,0,8.495,8.623,8.916,8.824,2.216,2.303,2.337,2.25,1.1271,1.1317,1.1275,1.1416
CMP-2026-1404,ISRO-TRAIN-LOT-2026,6,125.0,HEALTHY,0,9.518,9.965,9.781,10.655,2.551,2.611,2.642,2.639,1.2257,1.2261,1.234,1.2436
CMP-2026-1405,ISRO-TRAIN-LOT-2026,16,125.0,HEALTHY,0,10.781,11.101,10.967,10.924,2.286,2.253,2.393,2.308,1.2211,1.2213,1.2315,1.2465
CMP-2026-1406,ISRO-TRAIN-LOT-2026,22,125.0,HEALTHY,0,14.321,14.624,14.615,14.951,2.475,2.511,2.616,2.574,1.2105,1.2056,1.2203,1.2312
CMP-2026-1407,ISRO-TRAIN-LOT-2026,6,125.0,HEALTHY,0,9.752,10.078,10.042,10.174,1.993,2.019,2.047,2.07,1.1081,1.1127,1.1086,1.1371
CMP-2026-1408,ISRO-TRAIN-LOT-2026,6,125.0,HEALTHY,0,11.064,11.14,11.557,11.523,2.139,2.149,2.165,2.314,1.2155,1.2211,1.2231,1.2412
CMP-2026-1409,ISRO-TRAIN-LOT-2026,22,125.0,HEALTHY,0,11.297,11.407,11.37,11.545,2.647,2.699,2.656,2.735,1.3024,1.2979,1.3219,1.3229
CMP-2026-1410,ISRO-TRAIN-LOT-2026,6,125.0,HEALTHY,0,10.691,10.904,10.617,10.788,2.073,2.073,2.164,2.122,1.2128,1.2161,1.2254,1.2405
CMP-2026-1411,ISRO-TRAIN-LOT-2026,5,125.0,HEALTHY,0,10.336,10.532,10.928,11.208,2.948,2.992,3.067,3.078,1.1856,1.1845,1.2043,1.2138
CMP-2026-1412,ISRO-TRAIN-LOT-2026,14,125.0,HEALTHY,0,10.827,11.208,11.339,11.624,2.531,2.541,2.528,2.646,1.2934,1.2869,1.2968,1.3188
CMP-2026-1413,ISRO-TRAIN-LOT-2026,24,125.0,HEALTHY,0,12.006,12.118,12.445,12.395,2.791,2.791,2.867,2.89,1.2007,1.1956,1.2051,1.2338
CMP-2026-1414,ISRO-TRAIN-LOT-2026,9,125.0,HEALTHY,0,8.27,8.69,9.146,9.268,2.624,2.67,2.772,2.801,1.2007,1.2047,1.2113,1.2305
CMP-2026-1415,ISRO-TRAIN-LOT-2026,9,125.0,HEALTHY,0,11.027,11.194,11.618,12.095,2.605,2.645,2.684,2.744,1.0843,1.0874,1.0931,1.1085
CMP-2026-1416,ISRO-TRAIN-LOT-2026,18,125.0,HEALTHY,0,10.262,10.556,10.626,11.054,2.439,2.479,2.502,2.516,1.2666,1.2662,1.2801,1.283
CMP-2026-1417,ISRO-TRAIN-LOT-2026,12,125.0,HEALTHY,0,8.228,8.412,8.789,8.838,2.273,2.313,2.325,2.371,1.1293,1.1306,1.161,1.153
CMP-2026-1418,ISRO-TRAIN-LOT-2026,1,125.0,HEALTHY,0,9.164,9.32,9.845,9.698,2.378,2.424,2.452,2.548,1.3204,1.3156,1.3286,1.3451
CMP-2026-1419,ISRO-TRAIN-LOT-2026,16,125.0,HEALTHY,0,8.889,9.124,8.978,8.826,2.332,2.4,2.4,2.434,1.2863,1.2825,1.2941,1.3202
CMP-2026-1420,ISRO-TRAIN-LOT-2026,24,125.0,HEALTHY,0,10.082,10.326,11.064,11.232,2.206,2.21,2.323,2.31,1.2632,1.2678,1.2893,1.285
CMP-2026-1421,ISRO-TRAIN-LOT-2026,18,125.0,HEALTHY,0,9.953,10.32,10.69,10.744,2.59,2.626,2.719,2.743,1.3013,1.2948,1.2986,1.3119
CMP-2026-1422,ISRO-TRAIN-LOT-2026,17,125.0,HEALTHY,0,11.209,11.513,11.728,11.749,2.74,2.771,2.761,2.836,1.1793,1.1769,1.1921,1.2022
CMP-2026-1423,ISRO-TRAIN-LOT-2026,19,125.0,HEALTHY,0,11.494,11.645,11.848,12.231,2.868,2.911,3.027,3.031,1.293,1.2966,1.2973,1.3258
CMP-2026-1424,ISRO-TRAIN-LOT-2026,24,125.0,GROSS_OUTLIER,1,53.052,55.46,69.416,81.656,34.565,37.565,42.565,50.565,2.6722,2.8722,3.2722,3.8722
CMP-2026-1425,ISRO-TRAIN-LOT-2026,10,125.0,HEALTHY,0,10.015,10.332,10.648,10.445,1.808,1.891,1.839,1.99,1.1797,1.1899,1.1859,1.2159
CMP-2026-1426,ISRO-TRAIN-LOT-2026,1,125.0,GROSS_OUTLIER,1,72.991,81.103,87.529,107.128,22.683,25.683,30.683,38.683,3.9696,4.1696,4.5696,5.1696
CMP-2026-1427,ISRO-TRAIN-LOT-2026,14,125.0,LATENT_PAT_OUTLIER,1,40.516,42.765,44.448,48.015,7.057,7.857,9.057,10.857,1.6024,1.6524,1.7324,1.8524
CMP-2026-1428,ISRO-TRAIN-LOT-2026,22,125.0,HEALTHY,0,13.046,13.235,13.853,14.13,2.278,2.329,2.304,2.353,1.1978,1.1985,1.2067,1.2289
CMP-2026-1429,ISRO-TRAIN-LOT-2026,15,125.0,HEALTHY,0,9.177,9.35,9.517,9.264,2.624,2.622,2.645,2.625,1.2541,1.2547,1.2772,1.2695
CMP-2026-1430,ISRO-TRAIN-LOT-2026,9,125.0,HEALTHY,0,13.075,13.154,13.6,13.934,2.607,2.664,2.688,2.67,1.1734,1.1751,1.1932,1.1924
CMP-2026-1431,ISRO-TRAIN-LOT-2026,3,125.0,HEALTHY,0,9.193,9.501,10.196,10.369,2.788,2.8,2.786,2.845,1.1175,1.1204,1.1367,1.1654
CMP-2026-1432,ISRO-TRAIN-LOT-2026,17,125.0,HEALTHY,0,9.82,10.085,10.682,10.987,2.385,2.392,2.449,2.445,1.203,1.2041,1.2092,1.234
CMP-2026-1433,ISRO-TRAIN-LOT-2026,19,125.0,HEALTHY,0,12.185,12.175,12.527,12.406,2.233,2.231,2.248,2.38,1.2039,1.197,1.218,1.2086
CMP-2026-1434,ISRO-TRAIN-LOT-2026,16,125.0,HEALTHY,0,11.077,11.167,11.498,11.549,2.558,2.555,2.682,2.699,1.2819,1.2867,1.2882,1.3029
CMP-2026-1435,ISRO-TRAIN-LOT-2026,13,125.0,HEALTHY,0,11.075,11.257,11.875,11.885,2.398,2.42,2.47,2.536,1.1277,1.1267,1.1499,1.1616
CMP-2026-1436,ISRO-TRAIN-LOT-2026,20,125.0,HEALTHY,0,12.406,12.745,12.688,13.005,2.89,2.937,2.967,3.07,1.0998,1.0974,1.1162,1.1434
CMP-2026-1437,ISRO-TRAIN-LOT-2026,22,125.0,HEALTHY,0,10.333,10.526,10.889,10.587,2.383,2.467,2.535,2.519,1.1815,1.1828,1.1811,1.1939
CMP-2026-1438,ISRO-TRAIN-LOT-2026,2,125.0,HEALTHY,0,10.173,10.46,10.993,11.005,2.582,2.554,2.684,2.72,1.1768,1.1811,1.1817,1.1967
CMP-2026-1439,ISRO-TRAIN-LOT-2026,19,125.0,HEALTHY,0,10.859,11.304,11.335,11.679,2.584,2.62,2.717,2.704,1.2264,1.2272,1.2298,1.2458
CMP-2026-1440,ISRO-TRAIN-LOT-2026,3,125.0,LATENT_DRIFT,1,10.946,17.304,45.013,85.381,2.398,2.798,4.898,11.398,1.2372,1.3172,1.5672,2.1172
CMP-2026-1441,ISRO-TRAIN-LOT-2026,2,125.0,GROSS_OUTLIER,1,80.844,84.871,98.11,120.582,18.537,21.537,26.537,34.537,3.7046,3.9046,4.3046,4.9046
CMP-2026-1442,ISRO-TRAIN-LOT-2026,14,125.0,HEALTHY,0,10.161,10.607,11.053,11.18,2.696,2.779,2.796,2.82,1.2774,1.2783,1.2927,1.3032
CMP-2026-1443,ISRO-TRAIN-LOT-2026,11,125.0,HEALTHY,0,13.357,13.578,14.098,14.309,2.466,2.487,2.537,2.541,1.3308,1.3207,1.3381,1.3476
CMP-2026-1444,ISRO-TRAIN-LOT-2026,15,125.0,HEALTHY,0,9.88,10.066,10.305,10.366,2.216,2.221,2.308,2.279,1.2434,1.2417,1.2569,1.2882
CMP-2026-1445,ISRO-TRAIN-LOT-2026,9,125.0,HEALTHY,0,9.993,10.152,10.537,10.575,2.327,2.377,2.45,2.406,1.1171,1.1213,1.1315,1.1227
CMP-2026-1446,ISRO-TRAIN-LOT-2026,20,125.0,HEALTHY,0,10.036,10.127,10.646,10.715,2.645,2.643,2.708,2.728,1.2617,1.2692,1.2763,1.2834
CMP-2026-1447,ISRO-TRAIN-LOT-2026,18,125.0,HEALTHY,0,10.941,11.206,11.61,12.024,2.233,2.268,2.309,2.323,1.2332,1.2379,1.246,1.2827
CMP-2026-1448,ISRO-TRAIN-LOT-2026,13,125.0,HEALTHY,0,11.158,11.418,11.416,12.11,2.693,2.732,2.744,2.749,1.0308,1.0329,1.0407,1.0602
CMP-2026-1449,ISRO-TRAIN-LOT-2026,20,125.0,HEALTHY,0,11.905,12.108,12.532,12.616,2.141,2.188,2.191,2.23,1.06,1.0695,1.0547,1.0983
CMP-2026-1450,ISRO-TRAIN-LOT-2026,12,125.0,HEALTHY,0,8.84,9.046,9.515,9.239,2.558,2.565,2.609,2.699,1.1648,1.1739,1.1681,1.1866
CMP-2026-1451,ISRO-TRAIN-LOT-2026,4,125.0,HEALTHY,0,11.199,11.023,11.454,11.672,2.758,2.786,2.774,2.786,1.174,1.1819,1.1988,1.1909
CMP-2026-1452,ISRO-TRAIN-LOT-2026,4,125.0,HEALTHY,0,11.95,12.274,12.484,12.625,2.979,2.965,3.09,3.03,1.3704,1.3646,1.3693,1.4141
CMP-2026-1453,ISRO-TRAIN-LOT-2026,20,125.0,LATENT_DRIFT,1,13.44,20.026,48.8,92.495,2.795,3.195,5.295,11.795,1.2092,1.2892,1.5392,2.0892
CMP-2026-1454,ISRO-TRAIN-LOT-2026,17,125.0,HEALTHY,0,11.727,11.889,12.424,12.655,2.45,2.499,2.469,2.547,1.2114,1.214,1.2353,1.2425
CMP-2026-1455,ISRO-TRAIN-LOT-2026,1,125.0,LATENT_PAT_OUTLIER,1,40.33,41.518,43.976,46.721,6.438,7.238,8.438,10.238,1.4605,1.5105,1.5905,1.7105
CMP-2026-1456,ISRO-TRAIN-LOT-2026,25,125.0,HEALTHY,0,9.673,9.92,10.026,10.107,2.037,2.071,2.19,2.213,1.2295,1.2248,1.2442,1.2496
CMP-2026-1457,ISRO-TRAIN-LOT-2026,11,125.0,HEALTHY,0,12.287,12.423,12.869,13.006,2.564,2.522,2.641,2.604,1.2844,1.2835,1.2886,1.3235
CMP-2026-1458,ISRO-TRAIN-LOT-2026,20,125.0,HEALTHY,0,10.378,10.778,11.216,11.637,2.133,2.177,2.255,2.283,1.3758,1.3691,1.3732,1.4198
CMP-2026-1459,ISRO-TRAIN-LOT-2026,12,125.0,HEALTHY,0,11.487,11.569,12.17,12.211,3.081,3.091,3.203,3.116,1.2256,1.2226,1.2251,1.2493
CMP-2026-1460,ISRO-TRAIN-LOT-2026,25,125.0,HEALTHY,0,10.035,10.308,10.819,11.036,2.414,2.459,2.529,2.537,0.9795,0.986,0.9736,1.0087
CMP-2026-1461,ISRO-TRAIN-LOT-2026,24,125.0,HEALTHY,0,10.786,11.086,11.492,11.663,2.886,2.978,2.959,3.026,1.2997,1.2953,1.3085,1.3375
CMP-2026-1462,ISRO-TRAIN-LOT-2026,15,125.0,HEALTHY,0,9.37,9.962,10.342,10.277,2.258,2.351,2.334,2.41,1.2566,1.262,1.2812,1.3051
CMP-2026-1463,ISRO-TRAIN-LOT-2026,23,125.0,HEALTHY,0,10.383,10.629,11.024,10.889,3.222,3.278,3.334,3.281,1.2055,1.2148,1.229,1.2334
CMP-2026-1464,ISRO-TRAIN-LOT-2026,13,125.0,HEALTHY,0,10.462,10.61,10.979,10.733,2.607,2.674,2.675,2.732,1.3251,1.3379,1.3282,1.3456
CMP-2026-1465,ISRO-TRAIN-LOT-2026,22,125.0,HEALTHY,0,12.467,12.727,12.954,12.69,2.28,2.355,2.297,2.384,1.2096,1.2152,1.216,1.2477
CMP-2026-1466,ISRO-TRAIN-LOT-2026,19,125.0,LATENT_DRIFT,1,12.405,17.895,43.214,79.164,2.224,2.624,4.724,11.224,1.1253,1.2053,1.4553,2.0053
CMP-2026-1467,ISRO-TRAIN-LOT-2026,12,125.0,HEALTHY,0,10.123,10.248,10.621,10.673,2.655,2.701,2.663,2.695,1.1438,1.1483,1.1649,1.1716
CMP-2026-1468,ISRO-TRAIN-LOT-2026,11,125.0,LATENT_DRIFT,1,13.076,19.728,50.2,96.246,2.175,2.575,4.675,11.175,1.2445,1.3245,1.5745,2.1245
CMP-2026-1469,ISRO-TRAIN-LOT-2026,4,125.0,HEALTHY,0,9.926,10.309,10.793,10.636,2.547,2.597,2.651,2.671,1.1045,1.1084,1.1136,1.1311
CMP-2026-1470,ISRO-TRAIN-LOT-2026,25,125.0,LATENT_PAT_OUTLIER,1,38.413,39.71,43.14,46.476,10.068,10.868,12.068,13.868,1.6928,1.7428,1.8228,1.9428
CMP-2026-1471,ISRO-TRAIN-LOT-2026,11,125.0,HEALTHY,0,11.132,11.357,11.876,11.353,2.238,2.322,2.307,2.34,1.1214,1.1267,1.1244,1.1378
CMP-2026-1472,ISRO-TRAIN-LOT-2026,22,125.0,HEALTHY,0,11.015,11.247,11.654,11.324,2.502,2.544,2.521,2.629,1.1367,1.1291,1.1394,1.1663
CMP-2026-1473,ISRO-TRAIN-LOT-2026,13,125.0,GROSS_OUTLIER,1,67.763,73.646,79.93,105.127,20.251,23.251,28.251,36.251,3.3842,3.5842,3.9842,4.5842
CMP-2026-1474,ISRO-TRAIN-LOT-2026,17,125.0,HEALTHY,0,10.1,10.36,10.644,10.416,2.712,2.759,2.801,2.828,1.2791,1.2834,1.2727,1.3197
CMP-2026-1475,ISRO-TRAIN-LOT-2026,13,125.0,HEALTHY,0,10.139,10.538,10.865,11.047,2.175,2.168,2.25,2.263,1.2533,1.2578,1.2587,1.3039
CMP-2026-1476,ISRO-TRAIN-LOT-2026,23,125.0,HEALTHY,0,10.672,11.053,11.307,11.38,2.235,2.257,2.339,2.304,1.1114,1.1222,1.1173,1.151
CMP-2026-1477,ISRO-TRAIN-LOT-2026,24,125.0,HEALTHY,0,11.447,11.947,12.223,12.267,2.019,2.058,2.114,2.199,1.2338,1.2354,1.233,1.2798
CMP-2026-1478,ISRO-TRAIN-LOT-2026,21,125.0,HEALTHY,0,11.22,11.351,11.63,11.603,2.585,2.631,2.653,2.697,1.2222,1.2254,1.2254,1.2541
CMP-2026-1479,ISRO-TRAIN-LOT-2026,13,125.0,GROSS_OUTLIER,1,61.697,66.462,83.564,102.335,31.73,34.73,39.73,47.73,2.6552,2.8552,3.2552,3.8552
CMP-2026-1480,ISRO-TRAIN-LOT-2026,4,125.0,LATENT_DRIFT,1,10.981,17.381,47.259,90.823,2.16,2.56,4.66,11.16,1.1442,1.2242,1.4742,2.0242
CMP-2026-1481,ISRO-TRAIN-LOT-2026,4,125.0,HEALTHY,0,11.133,11.504,11.396,11.99,2.984,3.032,3.13,2.99,1.2449,1.2436,1.2576,1.2642
CMP-2026-1482,ISRO-TRAIN-LOT-2026,1,125.0,HEALTHY,0,7.505,7.559,7.713,7.837,2.342,2.383,2.446,2.497,1.1233,1.1242,1.126,1.1455
CMP-2026-1483,ISRO-TRAIN-LOT-2026,5,125.0,HEALTHY,0,9.443,9.796,9.92,10.339,2.676,2.736,2.768,2.844,1.2014,1.2068,1.2143,1.228
CMP-2026-1484,ISRO-TRAIN-LOT-2026,18,125.0,HEALTHY,0,11.699,11.976,12.311,12.731,2.442,2.472,2.535,2.49,1.2794,1.2798,1.2792,1.3147
CMP-2026-1485,ISRO-TRAIN-LOT-2026,9,125.0,HEALTHY,0,8.318,8.427,8.686,8.621,2.013,2.067,2.092,2.136,1.1284,1.1227,1.1395,1.1625
CMP-2026-1486,ISRO-TRAIN-LOT-2026,12,125.0,HEALTHY,0,11.89,12.222,12.621,12.532,2.721,2.727,2.833,2.851,1.2797,1.2903,1.2845,1.2986
CMP-2026-1487,ISRO-TRAIN-LOT-2026,23,125.0,HEALTHY,0,10.679,10.777,11.499,11.468,2.605,2.65,2.64,2.739,1.2514,1.2572,1.25,1.2999
CMP-2026-1488,ISRO-TRAIN-LOT-2026,3,125.0,HEALTHY,0,10.156,10.418,11.023,10.715,3.142,3.175,3.281,3.22,1.2415,1.241,1.2346,1.2719
CMP-2026-1489,ISRO-TRAIN-LOT-2026,9,125.0,HEALTHY,0,11.277,11.573,12.046,12.177,2.539,2.584,2.595,2.65,1.1187,1.1169,1.1231,1.142
CMP-2026-1490,ISRO-TRAIN-LOT-2026,12,125.0,HEALTHY,0,11.283,11.498,11.764,11.96,2.354,2.408,2.336,2.501,1.3004,1.2972,1.3253,1.3323
CMP-2026-1491,ISRO-TRAIN-LOT-2026,12,125.0,HEALTHY,0,11.691,11.956,12.297,12.569,2.152,2.159,2.15,2.276,1.137,1.1395,1.1506,1.1761
CMP-2026-1492,ISRO-TRAIN-LOT-2026,6,125.0,HEALTHY,0,10.529,10.856,11.204,10.942,2.453,2.476,2.551,2.507,1.2919,1.296,1.3061,1.3224
CMP-2026-1493,ISRO-TRAIN-LOT-2026,3,125.0,HEALTHY,0,9.233,9.644,9.843,9.907,2.245,2.284,2.25,2.378,1.1264,1.1333,1.1366,1.1502
CMP-2026-1494,ISRO-TRAIN-LOT-2026,1,125.0,HEALTHY,0,9.89,9.977,10.128,9.884,2.292,2.315,2.397,2.392,1.233,1.2342,1.2498,1.2599
CMP-2026-1495,ISRO-TRAIN-LOT-2026,13,125.0,HEALTHY,0,9.992,10.151,10.401,10.472,2.549,2.599,2.584,2.56,1.2128,1.2112,1.2241,1.2319
CMP-2026-1496,ISRO-TRAIN-LOT-2026,4,125.0,HEALTHY,0,7.998,8.227,8.388,8.384,2.533,2.559,2.684,2.679,1.175,1.1763,1.1677,1.1933
CMP-2026-1497,ISRO-TRAIN-LOT-2026,1,125.0,HEALTHY,0,10.063,10.233,10.578,10.778,1.71,1.725,1.798,1.787,1.1013,1.1032,1.1144,1.1171
CMP-2026-1498,ISRO-TRAIN-LOT-2026,24,125.0,HEALTHY,0,9.164,9.305,9.483,9.786,2.489,2.567,2.518,2.546,1.275,1.2805,1.2784,1.3057
CMP-2026-1499,ISRO-TRAIN-LOT-2026,6,125.0,HEALTHY,0,10.663,10.951,11.335,11.715,2.439,2.443,2.505,2.499,1.194,1.193,1.2005,1.2133
CMP-2026-1500,ISRO-TRAIN-LOT-2026,18,125.0,HEALTHY,0,10.621,10.841,11.05,10.995,2.559,2.575,2.584,2.619,1.1958,1.1975,1.2004,1.2236
CMP-2026-1501,ISRO-TRAIN-LOT-2026,9,125.0,HEALTHY,0,11.366,11.689,12.437,12.382,2.485,2.471,2.555,2.592,1.1741,1.1787,1.1813,1.1991
CMP-2026-1502,ISRO-TRAIN-LOT-2026,16,125.0,HEALTHY,0,12.206,12.403,12.778,12.793,3.262,3.319,3.319,3.42,1.1718,1.1692,1.1807,1.2056
CMP-2026-1503,ISRO-TRAIN-LOT-2026,9,125.0,HEALTHY,0,9.272,9.239,9.733,9.514,2.558,2.642,2.602,2.626,1.0594,1.0668,1.072,1.092
CMP-2026-1504,ISRO-TRAIN-LOT-2026,19,125.0,HEALTHY,0,11.04,11.149,11.447,11.835,2.193,2.255,2.292,2.347,1.1717,1.1661,1.172,1.2044
CMP-2026-1505,ISRO-TRAIN-LOT-2026,14,125.0,HEALTHY,0,8.613,8.731,9.177,9.06,2.556,2.614,2.596,2.713,1.0879,1.0915,1.0996,1.1192
CMP-2026-1506,ISRO-TRAIN-LOT-2026,13,125.0,HEALTHY,0,9.808,10.16,10.42,11.019,2.645,2.63,2.73,2.709,1.1078,1.1087,1.1105,1.1409
CMP-2026-1507,ISRO-TRAIN-LOT-2026,5,125.0,HEALTHY,0,11.49,11.743,11.987,12.412,2.838,2.852,2.919,2.873,1.2561,1.268,1.2634,1.2878
CMP-2026-1508,ISRO-TRAIN-LOT-2026,17,125.0,HEALTHY,0,10.804,10.867,11.396,11.717,2.758,2.868,2.817,2.889,1.2346,1.2335,1.2492,1.2612
CMP-2026-1509,ISRO-TRAIN-LOT-2026,20,125.0,HEALTHY,0,8.17,8.55,8.929,9.533,2.169,2.22,2.237,2.408,1.196,1.1966,1.2169,1.2284
CMP-2026-1510,ISRO-TRAIN-LOT-2026,17,125.0,HEALTHY,0,9.523,9.66,10.151,10.249,2.309,2.344,2.373,2.353,1.2632,1.2637,1.2725,1.2889
CMP-2026-1511,ISRO-TRAIN-LOT-2026,17,125.0,HEALTHY,0,12.013,12.158,12.48,12.698,2.593,2.591,2.706,2.674,1.2507,1.249,1.2705,1.2873
CMP-2026-1512,ISRO-TRAIN-LOT-2026,3,125.0,HEALTHY,0,12.032,12.267,12.366,12.798,2.405,2.433,2.476,2.534,1.1675,1.1634,1.1893,1.1912
CMP-2026-1513,ISRO-TRAIN-LOT-2026,23,125.0,HEALTHY,0,10.833,10.923,11.281,11.333,2.36,2.372,2.417,2.373,1.2328,1.236,1.2541,1.2514
CMP-2026-1514,ISRO-TRAIN-LOT-2026,12,125.0,HEALTHY,0,10.607,10.738,10.685,11.112,2.517,2.548,2.602,2.649,1.0816,1.08,1.0904,1.1069
CMP-2026-1515,ISRO-TRAIN-LOT-2026,8,125.0,HEALTHY,0,8.54,8.862,9.255,9.898,2.592,2.625,2.716,2.731,1.1873,1.201,1.2052,1.214
CMP-2026-1516,ISRO-TRAIN-LOT-2026,21,125.0,HEALTHY,0,8.957,9.12,9.553,10.15,2.695,2.787,2.717,2.91,1.3315,1.3285,1.3408,1.3729
CMP-2026-1517,ISRO-TRAIN-LOT-2026,14,125.0,HEALTHY,0,8.897,9.073,9.483,10.053,2.51,2.532,2.558,2.598,1.1627,1.1562,1.1691,1.1929
CMP-2026-1518,ISRO-TRAIN-LOT-2026,9,125.0,HEALTHY,0,10.508,10.584,10.91,10.662,2.945,2.949,3.058,3.038,1.0647,1.0652,1.0582,1.1025
CMP-2026-1519,ISRO-TRAIN-LOT-2026,13,125.0,HEALTHY,0,9.455,9.637,9.885,10.016,2.483,2.525,2.506,2.581,1.1095,1.0993,1.1296,1.1338
CMP-2026-1520,ISRO-TRAIN-LOT-2026,21,125.0,HEALTHY,0,10.892,11.258,11.672,12.212,2.889,2.969,2.979,2.933,1.3141,1.3105,1.3297,1.3405
CMP-2026-1521,ISRO-TRAIN-LOT-2026,17,125.0,HEALTHY,0,13.532,13.878,14.445,14.354,2.398,2.446,2.527,2.54,1.2194,1.2268,1.2341,1.245
CMP-2026-1522,ISRO-TRAIN-LOT-2026,14,125.0,HEALTHY,0,9.067,9.319,9.829,9.682,2.639,2.707,2.704,2.727,1.2376,1.2372,1.2548,1.2577
CMP-2026-1523,ISRO-TRAIN-LOT-2026,19,125.0,HEALTHY,0,12.179,12.357,12.753,12.732,2.484,2.518,2.524,2.638,1.1552,1.1556,1.1627,1.1679
CMP-2026-1524,ISRO-TRAIN-LOT-2026,23,125.0,HEALTHY,0,10.436,10.646,11.089,11.021,2.035,2.066,2.06,2.095,1.3374,1.3418,1.3409,1.3727
CMP-2026-1525,ISRO-TRAIN-LOT-2026,10,125.0,HEALTHY,0,9.159,9.339,9.826,9.507,2.29,2.319,2.449,2.411,1.15,1.147,1.1541,1.172
CMP-2026-1526,ISRO-TRAIN-LOT-2026,19,125.0,GROSS_OUTLIER,1,60.757,69.345,83.743,96.398,22.92,25.92,30.92,38.92,2.9888,3.1888,3.5888,4.1888
CMP-2026-1527,ISRO-TRAIN-LOT-2026,14,125.0,HEALTHY,0,10.54,10.715,11.092,11.334,2.13,2.108,2.213,2.189,1.2982,1.2937,1.3025,1.3375
CMP-2026-1528,ISRO-TRAIN-LOT-2026,1,125.0,HEALTHY,0,11.025,11.401,11.894,11.732,2.072,2.17,2.116,2.079,1.2781,1.2883,1.287,1.309
CMP-2026-1529,ISRO-TRAIN-LOT-2026,24,125.0,HEALTHY,0,12.65,12.829,13.389,13.362,2.904,2.955,2.969,3.045,1.2326,1.2422,1.2555,1.2788
CMP-2026-1530,ISRO-TRAIN-LOT-2026,15,125.0,HEALTHY,0,10.858,11.083,11.209,11.489,2.54,2.522,2.608,2.709,1.231,1.2226,1.2454,1.2611
CMP-2026-1531,ISRO-TRAIN-LOT-2026,25,125.0,HEALTHY,0,10.194,10.472,10.972,11.075,2.281,2.304,2.318,2.411,1.2418,1.2402,1.2582,1.2682
CMP-2026-1532,ISRO-TRAIN-LOT-2026,14,125.0,HEALTHY,0,8.224,8.388,8.695,8.834,2.599,2.615,2.641,2.699,1.2424,1.2456,1.2485,1.2738
CMP-2026-1533,ISRO-TRAIN-LOT-2026,22,125.0,HEALTHY,0,11.001,11.242,11.783,11.851,2.398,2.42,2.509,2.498,1.2979,1.2965,1.3095,1.3037
CMP-2026-1534,ISRO-TRAIN-LOT-2026,20,125.0,HEALTHY,0,10.534,10.752,11.379,11.399,2.299,2.367,2.43,2.332,1.2155,1.2159,1.2324,1.2367
CMP-2026-1535,ISRO-TRAIN-LOT-2026,19,125.0,HEALTHY,0,11.096,11.289,11.939,12.085,2.542,2.608,2.617,2.616,1.1673,1.1682,1.1776,1.1951
CMP-2026-1536,ISRO-TRAIN-LOT-2026,25,125.0,HEALTHY,0,12.739,12.789,13.489,13.449,2.94,3.013,2.986,3.106,1.1665,1.1657,1.1806,1.1762
CMP-2026-1537,ISRO-TRAIN-LOT-2026,20,125.0,HEALTHY,0,12.334,12.507,13.088,13.005,2.537,2.568,2.595,2.63,1.2616,1.2607,1.278,1.2854
CMP-2026-1538,ISRO-TRAIN-LOT-2026,15,125.0,HEALTHY,0,9.392,9.597,10.051,10.099,2.059,2.029,2.099,2.117,1.284,1.2907,1.3103,1.323
CMP-2026-1539,ISRO-TRAIN-LOT-2026,21,125.0,HEALTHY,0,13.588,13.775,14.564,14.74,2.297,2.337,2.319,2.374,1.1675,1.1641,1.1904,1.1979
CMP-2026-1540,ISRO-TRAIN-LOT-2026,24,125.0,HEALTHY,0,12.858,13.063,13.304,13.253,2.52,2.584,2.664,2.587,1.2867,1.2886,1.3006,1.3336
CMP-2026-1541,ISRO-TRAIN-LOT-2026,22,125.0,HEALTHY,0,11.24,11.382,11.678,11.769,2.635,2.65,2.689,2.798,1.0778,1.0769,1.0808,1.1021
CMP-2026-1542,ISRO-TRAIN-LOT-2026,1,125.0,HEALTHY,0,11.603,11.889,12.344,12.178,1.369,1.404,1.444,1.421,1.0718,1.0719,1.0855,1.0977
CMP-2026-1543,ISRO-TRAIN-LOT-2026,25,125.0,HEALTHY,0,10.347,10.669,10.762,11.383,2.845,2.893,2.915,2.883,1.1721,1.1705,1.1835,1.2031
CMP-2026-1544,ISRO-TRAIN-LOT-2026,20,125.0,HEALTHY,0,12.794,13.06,13.325,13.776,2.4,2.425,2.491,2.451,1.1266,1.1259,1.1504,1.1612
CMP-2026-1545,ISRO-TRAIN-LOT-2026,2,125.0,HEALTHY,0,9.357,9.436,9.491,9.935,2.798,2.875,2.912,2.899,1.1513,1.1527,1.1653,1.1792
CMP-2026-1546,ISRO-TRAIN-LOT-2026,4,125.0,HEALTHY,0,10.244,10.517,11.092,11.395,2.871,2.912,2.948,2.952,1.3997,1.4028,1.4148,1.4115
CMP-2026-1547,ISRO-TRAIN-LOT-2026,6,125.0,HEALTHY,0,10.056,10.297,10.583,10.374,2.824,2.872,2.867,3.03,1.2563,1.2575,1.2581,1.2846
CMP-2026-1548,ISRO-TRAIN-LOT-2026,11,125.0,HEALTHY,0,11.243,11.627,12.12,11.954,2.969,2.965,3.073,2.985,1.1776,1.1847,1.1902,1.2161
CMP-2026-1549,ISRO-TRAIN-LOT-2026,11,125.0,HEALTHY,0,11.122,11.413,11.63,11.919,2.319,2.333,2.348,2.444,1.208,1.2009,1.2108,1.2304
CMP-2026-1550,ISRO-TRAIN-LOT-2026,11,125.0,HEALTHY,0,9.931,10.023,10.75,10.822,2.347,2.39,2.375,2.43,1.1895,1.1833,1.2065,1.2237
CMP-2026-1551,ISRO-TRAIN-LOT-2026,13,125.0,HEALTHY,0,9.844,10.127,10.519,10.612,2.681,2.741,2.698,2.765,1.0942,1.0918,1.1001,1.1271
CMP-2026-1552,ISRO-TRAIN-LOT-2026,21,125.0,HEALTHY,0,11.238,11.678,11.848,12.235,2.548,2.552,2.576,2.622,1.2043,1.2016,1.2133,1.2419
CMP-2026-1553,ISRO-TRAIN-LOT-2026,8,125.0,HEALTHY,0,8.193,8.095,8.503,8.844,2.238,2.284,2.255,2.38,1.2571,1.2599,1.2728,1.2798
CMP-2026-1554,ISRO-TRAIN-LOT-2026,5,125.0,HEALTHY,0,12.327,12.621,12.656,13.045,2.673,2.706,2.725,2.739,1.1102,1.1111,1.1222,1.1213
CMP-2026-1555,ISRO-TRAIN-LOT-2026,24,125.0,HEALTHY,0,10.96,11.273,11.384,11.583,2.182,2.195,2.216,2.343,1.1329,1.1301,1.1334,1.1705
CMP-2026-1556,ISRO-TRAIN-LOT-2026,10,125.0,HEALTHY,0,11.283,11.564,11.635,12.456,2.683,2.739,2.757,2.856,1.0024,1.0053,1.0172,1.0418
CMP-2026-1557,ISRO-TRAIN-LOT-2026,18,125.0,HEALTHY,0,10.921,11.167,11.436,11.506,3.162,3.223,3.293,3.33,1.1402,1.1456,1.1539,1.1631
CMP-2026-1558,ISRO-TRAIN-LOT-2026,23,125.0,HEALTHY,0,11.349,11.655,11.741,11.815,2.785,2.821,2.898,2.881,1.1442,1.1421,1.1654,1.1487
CMP-2026-1559,ISRO-TRAIN-LOT-2026,5,125.0,HEALTHY,0,10.647,10.767,11.299,11.416,2.287,2.345,2.344,2.464,1.2296,1.2232,1.2494,1.2525
CMP-2026-1560,ISRO-TRAIN-LOT-2026,10,125.0,HEALTHY,0,10.015,10.185,10.451,10.84,2.586,2.645,2.709,2.712,1.139,1.1431,1.1552,1.1633
CMP-2026-1561,ISRO-TRAIN-LOT-2026,23,125.0,HEALTHY,0,9.868,10.117,10.694,10.292,1.879,1.918,1.947,1.943,1.1906,1.1946,1.2042,1.2255
CMP-2026-1562,ISRO-TRAIN-LOT-2026,17,125.0,HEALTHY,0,8.197,8.397,8.675,9.347,2.153,2.177,2.266,2.164,1.2927,1.2972,1.3052,1.3286
CMP-2026-1563,ISRO-TRAIN-LOT-2026,18,125.0,HEALTHY,0,12.133,12.307,12.791,12.96,2.717,2.792,2.771,2.823,1.3525,1.343,1.3588,1.387
CMP-2026-1564,ISRO-TRAIN-LOT-2026,12,125.0,HEALTHY,0,10.942,11.018,11.047,11.452,2.595,2.624,2.662,2.694,1.1171,1.1162,1.1315,1.1532
CMP-2026-1565,ISRO-TRAIN-LOT-2026,14,125.0,HEALTHY,0,9.692,9.862,10.103,10.319,1.967,1.979,2.053,2.139,1.0994,1.0955,1.1019,1.1301
CMP-2026-1566,ISRO-TRAIN-LOT-2026,2,125.0,HEALTHY,0,7.986,8.194,8.448,8.923,1.971,2.032,2.049,2.005,1.2892,1.2898,1.2964,1.3215
CMP-2026-1567,ISRO-TRAIN-LOT-2026,24,125.0,HEALTHY,0,8.705,8.862,8.915,8.984,2.791,2.821,2.883,2.942,1.1485,1.1548,1.1624,1.1877
CMP-2026-1568,ISRO-TRAIN-LOT-2026,24,125.0,HEALTHY,0,10.941,11.234,11.433,11.469,2.482,2.501,2.525,2.548,1.1414,1.1448,1.1622,1.1849
CMP-2026-1569,ISRO-TRAIN-LOT-2026,3,125.0,HEALTHY,0,11.553,11.836,11.87,11.704,2.95,3.005,3.065,3.017,1.3292,1.3256,1.3316,1.3586
CMP-2026-1570,ISRO-TRAIN-LOT-2026,20,125.0,HEALTHY,0,10.67,11.045,11.637,11.489,2.456,2.45,2.506,2.549,1.2308,1.2313,1.2472,1.2654
CMP-2026-1571,ISRO-TRAIN-LOT-2026,6,125.0,HEALTHY,0,11.678,11.78,11.999,12.123,2.866,2.82,2.941,2.944,1.2175,1.2184,1.2341,1.2438
CMP-2026-1572,ISRO-TRAIN-LOT-2026,24,125.0,HEALTHY,0,12.358,12.728,12.745,13.218,1.996,2.026,2.118,2.164,1.1732,1.1738,1.1775,1.2024
CMP-2026-1573,ISRO-TRAIN-LOT-2026,7,125.0,HEALTHY,0,10.146,10.47,10.874,11.189,2.442,2.53,2.456,2.498,1.2471,1.2434,1.2536,1.263
CMP-2026-1574,ISRO-TRAIN-LOT-2026,24,125.0,HEALTHY,0,11.5,11.835,12.349,12.372,2.649,2.647,2.776,2.771,1.2382,1.2373,1.2536,1.2659
CMP-2026-1575,ISRO-TRAIN-LOT-2026,23,125.0,HEALTHY,0,11.455,11.666,11.762,12.242,2.494,2.576,2.608,2.584,1.2498,1.2462,1.256,1.299
CMP-2026-1576,ISRO-TRAIN-LOT-2026,13,125.0,HEALTHY,0,11.259,11.371,11.665,11.989,2.614,2.656,2.681,2.74,1.2432,1.2397,1.259,1.2774
CMP-2026-1577,ISRO-TRAIN-LOT-2026,14,125.0,HEALTHY,0,10.704,10.88,11.005,11.252,2.301,2.29,2.358,2.385,1.3403,1.3443,1.3536,1.3769
CMP-2026-1578,ISRO-TRAIN-LOT-2026,16,125.0,HEALTHY,0,10.585,10.517,10.899,11.143,2.576,2.595,2.645,2.679,1.3727,1.3695,1.3871,1.3968
CMP-2026-1579,ISRO-TRAIN-LOT-2026,14,125.0,HEALTHY,0,9.955,10.189,10.067,10.041,2.349,2.383,2.4,2.442,1.2996,1.3101,1.311,1.3375
CMP-2026-1580,ISRO-TRAIN-LOT-2026,12,125.0,HEALTHY,0,11.247,11.469,11.809,11.668,2.686,2.733,2.754,2.779,1.2409,1.2377,1.2453,1.2742
CMP-2026-1581,ISRO-TRAIN-LOT-2026,6,125.0,HEALTHY,0,10.013,10.379,10.65,10.794,2.481,2.508,2.572,2.615,1.1816,1.1784,1.1884,1.22
CMP-2026-1582,ISRO-TRAIN-LOT-2026,23,125.0,HEALTHY,0,11.179,11.392,11.598,11.826,2.331,2.332,2.397,2.428,1.1952,1.2004,1.2075,1.2199
CMP-2026-1583,ISRO-TRAIN-LOT-2026,23,125.0,HEALTHY,0,12.347,12.503,13.001,12.755,2.579,2.621,2.647,2.812,1.1165,1.1144,1.1361,1.1316
CMP-2026-1584,ISRO-TRAIN-LOT-2026,1,125.0,HEALTHY,0,9.413,9.668,9.926,10.335,2.883,2.919,2.867,2.99,1.1722,1.169,1.1942,1.2073
CMP-2026-1585,ISRO-TRAIN-LOT-2026,17,125.0,HEALTHY,0,8.982,9.204,9.637,10.062,2.4,2.425,2.441,2.399,1.1431,1.1483,1.1591,1.2003
CMP-2026-1586,ISRO-TRAIN-LOT-2026,6,125.0,HEALTHY,0,9.087,9.259,9.558,9.309,2.738,2.814,2.798,2.862,1.0808,1.0825,1.1095,1.1137
CMP-2026-1587,ISRO-TRAIN-LOT-2026,25,125.0,HEALTHY,0,9.837,10.252,10.269,10.833,2.267,2.308,2.337,2.434,1.0038,1.0046,1.0263,1.0299
CMP-2026-1588,ISRO-TRAIN-LOT-2026,4,125.0,HEALTHY,0,10.025,10.191,10.177,10.24,2.831,2.843,2.902,2.913,1.0844,1.0943,1.0885,1.105
CMP-2026-1589,ISRO-TRAIN-LOT-2026,10,125.0,HEALTHY,0,11.983,12.168,12.054,12.295,2.897,2.902,3.029,2.957,1.0816,1.0837,1.0915,1.1221
CMP-2026-1590,ISRO-TRAIN-LOT-2026,5,125.0,HEALTHY,0,10.638,10.599,10.931,11.248,2.209,2.256,2.319,2.383,1.2304,1.2366,1.235,1.263
CMP-2026-1591,ISRO-TRAIN-LOT-2026,21,125.0,HEALTHY,0,11.113,11.126,11.357,11.602,2.795,2.797,2.888,2.801,1.2608,1.2617,1.2605,1.2903
CMP-2026-1592,ISRO-TRAIN-LOT-2026,17,125.0,HEALTHY,0,11.311,11.655,12.063,12.331,2.263,2.31,2.327,2.278,1.2636,1.265,1.2763,1.293
CMP-2026-1593,ISRO-TRAIN-LOT-2026,10,125.0,HEALTHY,0,11.811,12.106,12.509,12.325,2.547,2.607,2.693,2.682,1.22,1.2196,1.2301,1.2467
CMP-2026-1594,ISRO-TRAIN-LOT-2026,12,125.0,HEALTHY,0,10.215,10.34,10.759,11.201,2.917,2.947,2.975,3.045,1.2272,1.2291,1.2292,1.2597
CMP-2026-1595,ISRO-TRAIN-LOT-2026,16,125.0,HEALTHY,0,8.935,9.101,9.519,9.675,2.017,2.054,2.087,2.106,1.1123,1.1235,1.1282,1.1431
CMP-2026-1596,ISRO-TRAIN-LOT-2026,22,125.0,HEALTHY,0,12.5,12.781,12.77,12.754,2.669,2.71,2.726,2.819,1.2344,1.2296,1.253,1.2464
CMP-2026-1597,ISRO-TRAIN-LOT-2026,6,125.0,LATENT_PAT_OUTLIER,1,41.088,43.513,45.834,47.845,8.059,8.859,10.059,11.859,1.5964,1.6464,1.7264,1.8464
CMP-2026-1598,ISRO-TRAIN-LOT-2026,1,125.0,HEALTHY,0,8.873,9.289,9.651,10.286,2.567,2.6,2.597,2.645,1.1887,1.1925,1.2085,1.2124
CMP-2026-1599,ISRO-TRAIN-LOT-2026,18,125.0,HEALTHY,0,10.538,10.959,11.25,11.351,2.907,2.961,3.018,3.106,1.2766,1.2729,1.2898,1.3088
CMP-2026-1600,ISRO-TRAIN-LOT-2026,7,125.0,HEALTHY,0,10.142,10.62,10.784,11.236,2.394,2.37,2.461,2.43,1.1712,1.174,1.1755,1.2235
CMP-2026-1601,ISRO-TRAIN-LOT-2026,6,125.0,HEALTHY,0,8.726,9.246,9.497,9.508,2.079,2.098,2.153,2.123,1.0824,1.077,1.0955,1.1123
CMP-2026-1602,ISRO-TRAIN-LOT-2026,1,125.0,HEALTHY,0,8.526,8.866,9.188,9.638,2.281,2.323,2.356,2.341,1.1748,1.1772,1.1962,1.2092
CMP-2026-1603,ISRO-TRAIN-LOT-2026,9,125.0,LATENT_DRIFT,1,11.899,15.882,35.929,64.533,2.864,3.264,5.364,11.864,1.2127,1.2927,1.5427,2.0927
CMP-2026-1604,ISRO-TRAIN-LOT-2026,24,125.0,HEALTHY,0,10.868,11.027,11.669,12.121,1.959,2.0,1.972,2.075,1.1438,1.1432,1.161,1.1815
CMP-2026-1605,ISRO-TRAIN-LOT-2026,2,125.0,HEALTHY,0,10.215,10.409,10.633,10.442,2.503,2.499,2.597,2.581,1.3998,1.3949,1.4147,1.4291
CMP-2026-1606,ISRO-TRAIN-LOT-2026,18,125.0,HEALTHY,0,12.301,12.5,12.813,12.63,2.368,2.403,2.529,2.456,1.1624,1.1714,1.1702,1.1829
CMP-2026-1607,ISRO-TRAIN-LOT-2026,16,125.0,LATENT_PAT_OUTLIER,1,41.156,43.191,45.174,49.337,6.824,7.624,8.824,10.624,1.4895,1.5395,1.6195,1.7395
CMP-2026-1608,ISRO-TRAIN-LOT-2026,24,125.0,HEALTHY,0,10.873,11.132,11.471,11.555,2.579,2.628,2.632,2.801,1.1355,1.1346,1.1468,1.1675
CMP-2026-1609,ISRO-TRAIN-LOT-2026,5,125.0,HEALTHY,0,9.924,10.12,10.57,10.38,2.628,2.679,2.703,2.689,1.3376,1.3321,1.3402,1.3506
CMP-2026-1610,ISRO-TRAIN-LOT-2026,14,125.0,HEALTHY,0,10.591,10.78,11.216,11.332,3.021,3.048,3.178,3.109,1.239,1.2434,1.2491,1.2788
CMP-2026-1611,ISRO-TRAIN-LOT-2026,20,125.0,HEALTHY,0,10.745,11.047,11.292,11.985,3.408,3.445,3.5,3.552,1.2612,1.2622,1.272,1.2925
CMP-2026-1612,ISRO-TRAIN-LOT-2026,16,125.0,HEALTHY,0,10.653,10.828,10.922,10.744,2.524,2.566,2.601,2.662,1.174,1.1768,1.2089,1.1981
CMP-2026-1613,ISRO-TRAIN-LOT-2026,21,125.0,HEALTHY,0,11.786,11.734,12.231,12.356,2.305,2.324,2.356,2.445,1.2309,1.2215,1.2407,1.2607
CMP-2026-1614,ISRO-TRAIN-LOT-2026,11,125.0,HEALTHY,0,8.674,8.989,9.284,9.147,2.426,2.422,2.506,2.537,1.2319,1.2253,1.2377,1.2635
CMP-2026-1615,ISRO-TRAIN-LOT-2026,21,125.0,HEALTHY,0,10.56,10.845,11.24,11.059,2.767,2.822,2.883,2.84,1.3162,1.3106,1.3382,1.3441
CMP-2026-1616,ISRO-TRAIN-LOT-2026,14,125.0,HEALTHY,0,9.325,9.567,9.955,9.839,2.343,2.354,2.491,2.447,1.1534,1.149,1.1673,1.1885
CMP-2026-1617,ISRO-TRAIN-LOT-2026,17,125.0,HEALTHY,0,12.661,13.121,13.777,13.952,2.866,2.847,2.964,2.927,1.3897,1.3905,1.3999,1.4225
CMP-2026-1618,ISRO-TRAIN-LOT-2026,12,125.0,HEALTHY,0,10.905,11.141,11.014,11.271,2.479,2.503,2.54,2.595,1.274,1.2791,1.2942,1.2988
CMP-2026-1619,ISRO-TRAIN-LOT-2026,1,125.0,HEALTHY,0,9.575,9.59,10.126,9.988,2.5,2.528,2.593,2.635,1.0851,1.0893,1.0954,1.09
CMP-2026-1620,ISRO-TRAIN-LOT-2026,23,125.0,HEALTHY,0,11.74,11.967,12.277,12.294,2.626,2.676,2.656,2.771,1.2462,1.248,1.2377,1.2659
CMP-2026-1621,ISRO-TRAIN-LOT-2026,10,125.0,HEALTHY,0,10.996,11.153,11.319,12.078,2.642,2.704,2.737,2.754,1.3554,1.3622,1.3629,1.3769
CMP-2026-1622,ISRO-TRAIN-LOT-2026,22,125.0,HEALTHY,0,9.672,9.897,10.636,10.137,2.368,2.369,2.434,2.412,1.1796,1.1853,1.1877,1.1937
CMP-2026-1623,ISRO-TRAIN-LOT-2026,19,125.0,LATENT_DRIFT,1,10.581,17.872,51.045,100.429,2.373,2.773,4.873,11.373,1.1486,1.2286,1.4786,2.0286
CMP-2026-1624,ISRO-TRAIN-LOT-2026,20,125.0,HEALTHY,0,11.323,11.637,11.769,12.011,2.378,2.387,2.498,2.486,1.1969,1.198,1.2083,1.212
CMP-2026-1625,ISRO-TRAIN-LOT-2026,11,125.0,HEALTHY,0,8.901,9.109,9.379,9.026,2.723,2.769,2.841,2.798,1.2942,1.3001,1.3069,1.3332
CMP-2026-1626,ISRO-TRAIN-LOT-2026,25,125.0,HEALTHY,0,12.35,12.531,12.979,13.103,2.005,2.074,2.045,2.207,1.1017,1.1031,1.1108,1.1237
CMP-2026-1627,ISRO-TRAIN-LOT-2026,2,125.0,HEALTHY,0,9.596,9.708,9.891,9.888,2.93,2.888,3.008,2.996,1.1945,1.1965,1.2215,1.2164
CMP-2026-1628,ISRO-TRAIN-LOT-2026,5,125.0,HEALTHY,0,10.668,10.88,11.439,11.123,2.345,2.399,2.383,2.487,1.1242,1.1276,1.1321,1.1368
CMP-2026-1629,ISRO-TRAIN-LOT-2026,22,125.0,HEALTHY,0,10.618,10.743,10.811,11.019,2.52,2.622,2.619,2.552,1.2841,1.2904,1.2836,1.2964
CMP-2026-1630,ISRO-TRAIN-LOT-2026,19,125.0,HEALTHY,0,9.83,10.319,10.562,10.681,2.598,2.614,2.595,2.615,1.2314,1.2375,1.2575,1.2519
CMP-2026-1631,ISRO-TRAIN-LOT-2026,14,125.0,HEALTHY,0,9.82,9.94,10.357,10.435,2.649,2.652,2.693,2.688,1.2758,1.2783,1.2908,1.3138
CMP-2026-1632,ISRO-TRAIN-LOT-2026,25,125.0,HEALTHY,0,10.071,10.246,10.616,10.382,2.615,2.652,2.685,2.726,1.2022,1.1988,1.2132,1.2293
CMP-2026-1633,ISRO-TRAIN-LOT-2026,24,125.0,HEALTHY,0,12.515,12.577,12.979,13.113,2.423,2.475,2.521,2.484,1.2321,1.2362,1.242,1.2506
CMP-2026-1634,ISRO-TRAIN-LOT-2026,7,125.0,HEALTHY,0,9.083,9.298,9.211,9.34,2.506,2.541,2.643,2.643,1.1305,1.1353,1.1315,1.166
CMP-2026-1635,ISRO-TRAIN-LOT-2026,19,125.0,LATENT_PAT_OUTLIER,1,37.596,38.826,41.143,43.794,6.841,7.641,8.841,10.641,1.5387,1.5887,1.6687,1.7887
CMP-2026-1636,ISRO-TRAIN-LOT-2026,9,125.0,HEALTHY,0,9.033,9.317,9.464,9.429,2.492,2.575,2.575,2.54,1.2074,1.2111,1.2135,1.2184
CMP-2026-1637,ISRO-TRAIN-LOT-2026,23,125.0,HEALTHY,0,11.735,12.004,12.441,12.864,2.428,2.457,2.502,2.561,1.1866,1.1819,1.2147,1.2306
CMP-2026-1638,ISRO-TRAIN-LOT-2026,5,125.0,HEALTHY,0,12.616,12.863,13.445,13.748,2.824,2.855,2.911,2.935,1.0703,1.073,1.0837,1.0966
CMP-2026-1639,ISRO-TRAIN-LOT-2026,12,125.0,HEALTHY,0,8.76,9.004,9.462,9.821,2.315,2.367,2.327,2.439,1.2011,1.1939,1.2092,1.2232
CMP-2026-1640,ISRO-TRAIN-LOT-2026,7,125.0,HEALTHY,0,12.876,13.107,12.946,12.915,2.025,2.044,2.064,2.09,1.2875,1.2847,1.2883,1.3335
CMP-2026-1641,ISRO-TRAIN-LOT-2026,2,125.0,HEALTHY,0,7.942,8.208,8.389,8.844,2.426,2.42,2.569,2.522,1.1731,1.1843,1.192,1.2119
CMP-2026-1642,ISRO-TRAIN-LOT-2026,5,125.0,HEALTHY,0,11.077,11.421,11.466,11.817,2.609,2.638,2.743,2.58,1.2261,1.233,1.2386,1.2587
CMP-2026-1643,ISRO-TRAIN-LOT-2026,3,125.0,HEALTHY,0,9.861,10.157,10.351,10.567,2.441,2.42,2.528,2.594,1.2283,1.2259,1.2326,1.2689
CMP-2026-1644,ISRO-TRAIN-LOT-2026,20,125.0,HEALTHY,0,11.656,12.185,12.45,12.55,2.25,2.248,2.31,2.259,1.0365,1.0432,1.053,1.0882
CMP-2026-1645,ISRO-TRAIN-LOT-2026,19,125.0,HEALTHY,0,12.802,13.063,13.572,13.344,2.724,2.784,2.774,2.808,1.1628,1.1624,1.171,1.1831
CMP-2026-1646,ISRO-TRAIN-LOT-2026,21,125.0,HEALTHY,0,11.272,11.471,11.639,11.674,2.589,2.596,2.687,2.634,1.2633,1.2621,1.28,1.2887
CMP-2026-1647,ISRO-TRAIN-LOT-2026,23,125.0,HEALTHY,0,11.559,11.751,11.779,12.242,2.07,2.079,2.095,2.175,1.2373,1.231,1.2532,1.2498
CMP-2026-1648,ISRO-TRAIN-LOT-2026,14,125.0,HEALTHY,0,10.484,10.769,10.911,11.102,2.277,2.301,2.4,2.371,1.1195,1.1193,1.1391,1.1341
CMP-2026-1649,ISRO-TRAIN-LOT-2026,25,125.0,HEALTHY,0,11.783,11.875,12.345,12.339,2.093,2.133,2.089,2.162,1.2448,1.2505,1.2666,1.2755
CMP-2026-1650,ISRO-TRAIN-LOT-2026,15,125.0,LATENT_PAT_OUTLIER,1,43.729,46.16,48.34,50.571,9.37,10.17,11.37,13.17,1.6932,1.7432,1.8232,1.9432
CMP-2026-1651,ISRO-TRAIN-LOT-2026,12,125.0,HEALTHY,0,9.832,10.199,10.403,10.524,2.601,2.655,2.659,2.735,1.262,1.2697,1.2658,1.2969
CMP-2026-1652,ISRO-TRAIN-LOT-2026,18,125.0,HEALTHY,0,10.035,10.374,10.67,10.987,2.039,2.039,2.074,2.076,1.1433,1.1477,1.1619,1.17
CMP-2026-1653,ISRO-TRAIN-LOT-2026,8,125.0,HEALTHY,0,11.402,11.541,11.926,11.845,2.619,2.651,2.738,2.706,1.2076,1.2079,1.2162,1.2305
CMP-2026-1654,ISRO-TRAIN-LOT-2026,14,125.0,HEALTHY,0,11.61,11.766,11.991,11.795,2.203,2.275,2.256,2.264,1.2406,1.2385,1.2485,1.2554
CMP-2026-1655,ISRO-TRAIN-LOT-2026,25,125.0,HEALTHY,0,10.168,10.177,10.562,11.088,2.208,2.232,2.243,2.307,1.0136,1.0148,1.0242,1.0542
CMP-2026-1656,ISRO-TRAIN-LOT-2026,13,125.0,HEALTHY,0,10.119,10.336,10.534,10.584,2.232,2.229,2.327,2.317,1.3537,1.3559,1.3647,1.3825
CMP-2026-1657,ISRO-TRAIN-LOT-2026,4,125.0,HEALTHY,0,11.738,11.981,12.177,12.546,2.466,2.519,2.557,2.462,1.1497,1.1394,1.1513,1.1943
CMP-2026-1658,ISRO-TRAIN-LOT-2026,9,125.0,HEALTHY,0,11.067,11.214,11.44,11.761,1.987,2.031,2.029,2.125,1.2616,1.2642,1.2828,1.2732
CMP-2026-1659,ISRO-TRAIN-LOT-2026,1,125.0,HEALTHY,0,9.052,9.363,9.661,10.008,3.125,3.142,3.225,3.235,1.1221,1.1347,1.1416,1.1529
CMP-2026-1660,ISRO-TRAIN-LOT-2026,1,125.0,HEALTHY,0,9.466,9.598,9.644,9.66,2.53,2.5,2.579,2.688,1.234,1.2309,1.2342,1.2586
CMP-2026-1661,ISRO-TRAIN-LOT-2026,4,125.0,LATENT_PAT_OUTLIER,1,39.106,41.145,42.771,45.389,8.167,8.967,10.167,11.967,1.5713,1.6213,1.7013,1.8213
CMP-2026-1662,ISRO-TRAIN-LOT-2026,14,125.0,HEALTHY,0,8.673,8.916,8.944,9.266,2.512,2.595,2.611,2.612,1.189,1.1844,1.2155,1.1988
CMP-2026-1663,ISRO-TRAIN-LOT-2026,4,125.0,HEALTHY,0,9.137,9.455,9.554,9.613,2.307,2.318,2.372,2.521,1.2216,1.223,1.2369,1.2495
CMP-2026-1664,ISRO-TRAIN-LOT-2026,7,125.0,HEALTHY,0,10.965,11.18,11.719,11.449,2.499,2.515,2.616,2.657,1.0964,1.0976,1.1123,1.1238
CMP-2026-1665,ISRO-TRAIN-LOT-2026,3,125.0,LATENT_PAT_OUTLIER,1,38.797,40.497,43.332,45.433,9.249,10.049,11.249,13.049,1.5355,1.5855,1.6655,1.7855
CMP-2026-1666,ISRO-TRAIN-LOT-2026,2,125.0,LATENT_DRIFT,1,9.651,18.178,55.43,111.163,2.491,2.891,4.991,11.491,1.2756,1.3556,1.6056,2.1556
CMP-2026-1667,ISRO-TRAIN-LOT-2026,9,125.0,HEALTHY,0,11.815,12.238,12.479,12.569,2.755,2.815,2.793,2.771,1.3129,1.3178,1.3382,1.3483
CMP-2026-1668,ISRO-TRAIN-LOT-2026,13,125.0,HEALTHY,0,12.53,12.928,13.267,13.041,2.36,2.376,2.432,2.455,1.1881,1.1919,1.2011,1.2163
CMP-2026-1669,ISRO-TRAIN-LOT-2026,23,125.0,HEALTHY,0,8.238,8.468,8.988,9.165,2.089,2.143,2.153,2.191,1.1507,1.1545,1.1569,1.1763
CMP-2026-1670,ISRO-TRAIN-LOT-2026,17,125.0,HEALTHY,0,11.441,11.682,12.097,12.33,2.71,2.725,2.717,2.746,1.2404,1.2409,1.2463,1.2798
CMP-2026-1671,ISRO-TRAIN-LOT-2026,25,125.0,HEALTHY,0,11.418,11.674,11.798,12.142,2.907,2.915,3.035,3.046,1.1863,1.1888,1.1964,1.2025
CMP-2026-1672,ISRO-TRAIN-LOT-2026,6,125.0,HEALTHY,0,8.942,9.2,9.294,9.806,2.893,2.872,2.942,2.951,1.1991,1.199,1.2064,1.2398
CMP-2026-1673,ISRO-TRAIN-LOT-2026,25,125.0,HEALTHY,0,11.906,12.159,12.117,12.619,2.266,2.303,2.315,2.37,1.1421,1.1451,1.1693,1.1828
CMP-2026-1674,ISRO-TRAIN-LOT-2026,3,125.0,HEALTHY,0,11.154,11.317,11.7,11.663,2.592,2.617,2.654,2.737,1.1848,1.1904,1.1932,1.2166
CMP-2026-1675,ISRO-TRAIN-LOT-2026,21,125.0,LATENT_DRIFT,1,12.773,17.333,38.096,69.204,2.198,2.598,4.698,11.198,1.2089,1.2889,1.5389,2.0889
CMP-2026-1676,ISRO-TRAIN-LOT-2026,6,125.0,HEALTHY,0,9.681,9.861,10.121,10.1,2.543,2.598,2.646,2.651,1.3001,1.302,1.3159,1.3324
CMP-2026-1677,ISRO-TRAIN-LOT-2026,20,125.0,HEALTHY,0,11.533,11.562,11.94,12.262,2.072,2.172,2.147,2.231,1.2399,1.24,1.2418,1.262
CMP-2026-1678,ISRO-TRAIN-LOT-2026,19,125.0,HEALTHY,0,11.438,11.691,11.964,12.181,2.729,2.746,2.842,2.776,1.2785,1.2744,1.2859,1.3101
CMP-2026-1679,ISRO-TRAIN-LOT-2026,14,125.0,HEALTHY,0,12.312,12.627,13.053,13.215,2.469,2.486,2.611,2.582,1.1172,1.1202,1.1117,1.1709
CMP-2026-1680,ISRO-TRAIN-LOT-2026,22,125.0,HEALTHY,0,12.62,12.888,13.237,13.401,2.062,2.112,2.129,2.216,1.028,1.0327,1.037,1.0545
CMP-2026-1681,ISRO-TRAIN-LOT-2026,4,125.0,HEALTHY,0,11.838,12.132,12.664,12.672,2.426,2.53,2.466,2.503,1.1316,1.1375,1.1378,1.1785
CMP-2026-1682,ISRO-TRAIN-LOT-2026,17,125.0,HEALTHY,0,10.619,10.682,11.183,10.978,2.778,2.802,2.916,2.853,1.1951,1.1937,1.2076,1.2374
CMP-2026-1683,ISRO-TRAIN-LOT-2026,4,125.0,LATENT_DRIFT,1,10.711,17.667,49.672,95.692,2.342,2.742,4.842,11.342,1.2099,1.2899,1.5399,2.0899
CMP-2026-1684,ISRO-TRAIN-LOT-2026,24,125.0,HEALTHY,0,11.053,11.112,11.621,11.592,2.17,2.157,2.233,2.217,1.0794,1.0777,1.0949,1.1139
CMP-2026-1685,ISRO-TRAIN-LOT-2026,24,125.0,HEALTHY,0,10.988,11.243,11.471,11.446,2.823,2.843,2.954,2.92,1.2437,1.2501,1.2513,1.2704
CMP-2026-1686,ISRO-TRAIN-LOT-2026,23,125.0,LATENT_PAT_OUTLIER,1,41.3,42.401,44.231,48.268,7.718,8.518,9.718,11.518,1.6929,1.7429,1.8229,1.9429
CMP-2026-1687,ISRO-TRAIN-LOT-2026,7,125.0,HEALTHY,0,11.038,11.342,11.546,11.752,2.549,2.582,2.613,2.753,1.0681,1.0713,1.0671,1.1132
CMP-2026-1688,ISRO-TRAIN-LOT-2026,9,125.0,HEALTHY,0,11.401,11.795,11.975,12.353,2.228,2.267,2.305,2.32,1.2126,1.217,1.2219,1.2363
CMP-2026-1689,ISRO-TRAIN-LOT-2026,15,125.0,HEALTHY,0,9.91,10.151,10.681,10.696,2.337,2.312,2.405,2.462,1.3006,1.306,1.3096,1.3323
CMP-2026-1690,ISRO-TRAIN-LOT-2026,17,125.0,HEALTHY,0,11.86,11.878,12.307,12.033,2.678,2.737,2.765,2.861,1.1588,1.165,1.1725,1.1899
CMP-2026-1691,ISRO-TRAIN-LOT-2026,11,125.0,LATENT_DRIFT,1,14.084,19.385,42.648,75.56,2.327,2.727,4.827,11.327,1.1823,1.2623,1.5123,2.0623
CMP-2026-1692,ISRO-TRAIN-LOT-2026,3,125.0,HEALTHY,0,8.053,8.36,8.289,8.479,2.355,2.38,2.489,2.466,1.1117,1.118,1.1166,1.1478
CMP-2026-1693,ISRO-TRAIN-LOT-2026,24,125.0,HEALTHY,0,10.619,10.959,11.416,11.462,2.841,2.876,2.951,3.022,1.1221,1.1181,1.1376,1.158
CMP-2026-1694,ISRO-TRAIN-LOT-2026,24,125.0,HEALTHY,0,10.551,10.877,11.131,11.348,2.549,2.598,2.628,2.651,1.2415,1.2371,1.2519,1.293
CMP-2026-1695,ISRO-TRAIN-LOT-2026,9,125.0,HEALTHY,0,11.3,11.535,11.958,12.15,2.162,2.177,2.236,2.269,0.9968,1.0096,1.0039,1.0102
CMP-2026-1696,ISRO-TRAIN-LOT-2026,6,125.0,HEALTHY,0,12.053,12.309,12.811,13.154,2.431,2.474,2.557,2.449,1.123,1.1293,1.1331,1.1608
CMP-2026-1697,ISRO-TRAIN-LOT-2026,20,125.0,HEALTHY,0,11.725,11.996,12.531,12.536,2.683,2.692,2.814,2.71,1.2153,1.2236,1.2255,1.2435
CMP-2026-1698,ISRO-TRAIN-LOT-2026,14,125.0,HEALTHY,0,11.945,12.215,12.37,12.709,3.22,3.264,3.337,3.359,1.0314,1.0295,1.0452,1.0624
CMP-2026-1699,ISRO-TRAIN-LOT-2026,15,125.0,HEALTHY,0,9.894,10.174,10.24,10.498,2.611,2.649,2.667,2.719,1.2205,1.2183,1.235,1.268
CMP-2026-1700,ISRO-TRAIN-LOT-2026,10,125.0,HEALTHY,0,10.601,10.727,11.179,11.154,2.671,2.728,2.678,2.827,1.2641,1.2707,1.2788,1.299
CMP-2026-1701,ISRO-TRAIN-LOT-2026,19,125.0,HEALTHY,0,10.179,10.357,10.557,10.784,2.151,2.212,2.225,2.27,1.1171,1.1253,1.1237,1.1552
CMP-2026-1702,ISRO-TRAIN-LOT-2026,24,125.0,HEALTHY,0,10.721,11.123,11.649,11.631,2.816,2.87,2.938,2.948,1.1962,1.2094,1.2194,1.2318
CMP-2026-1703,ISRO-TRAIN-LOT-2026,22,125.0,HEALTHY,0,11.143,11.456,11.556,11.999,2.697,2.765,2.813,2.832,1.158,1.1581,1.1636,1.1818
CMP-2026-1704,ISRO-TRAIN-LOT-2026,22,125.0,HEALTHY,0,10.786,11.198,11.182,11.258,1.911,1.981,1.984,2.124,1.3865,1.3842,1.3973,1.4238
CMP-2026-1705,ISRO-TRAIN-LOT-2026,16,125.0,HEALTHY,0,9.076,9.129,9.629,9.709,3.052,3.092,3.125,3.125,1.3475,1.355,1.3579,1.3644
CMP-2026-1706,ISRO-TRAIN-LOT-2026,8,125.0,HEALTHY,0,10.709,10.839,11.314,11.524,2.286,2.322,2.346,2.368,1.1763,1.1761,1.1997,1.2018
CMP-2026-1707,ISRO-TRAIN-LOT-2026,2,125.0,HEALTHY,0,9.171,9.442,9.551,9.848,2.137,2.241,2.203,2.177,1.1327,1.1417,1.1474,1.1786
CMP-2026-1708,ISRO-TRAIN-LOT-2026,3,125.0,HEALTHY,0,8.957,9.096,9.695,10.037,2.916,2.987,2.984,2.941,1.276,1.279,1.288,1.3051
CMP-2026-1709,ISRO-TRAIN-LOT-2026,2,125.0,HEALTHY,0,9.853,9.943,10.079,10.144,2.664,2.671,2.77,2.826,1.1549,1.1626,1.1708,1.1894
CMP-2026-1710,ISRO-TRAIN-LOT-2026,4,125.0,HEALTHY,0,12.491,12.984,13.293,13.742,3.08,3.128,3.172,3.18,1.288,1.292,1.3036,1.3142
CMP-2026-1711,ISRO-TRAIN-LOT-2026,20,125.0,HEALTHY,0,8.721,8.849,9.135,8.963,2.564,2.642,2.698,2.686,1.1935,1.1911,1.2207,1.2262
CMP-2026-1712,ISRO-TRAIN-LOT-2026,16,125.0,HEALTHY,0,9.424,9.481,9.683,10.066,2.436,2.513,2.508,2.388,1.1591,1.1674,1.1695,1.1642
CMP-2026-1713,ISRO-TRAIN-LOT-2026,18,125.0,HEALTHY,0,10.714,10.826,11.118,11.012,2.782,2.792,2.798,2.901,1.2882,1.2941,1.3042,1.3071
CMP-2026-1714,ISRO-TRAIN-LOT-2026,4,125.0,HEALTHY,0,8.908,9.295,9.693,10.197,2.74,2.775,2.875,2.75,1.271,1.2754,1.2962,1.296
CMP-2026-1715,ISRO-TRAIN-LOT-2026,7,125.0,HEALTHY,0,11.836,12.006,12.705,12.643,2.626,2.653,2.685,2.774,1.1895,1.1932,1.2065,1.2148
CMP-2026-1716,ISRO-TRAIN-LOT-2026,5,125.0,HEALTHY,0,12.782,13.111,13.506,13.81,3.176,3.221,3.232,3.248,1.11,1.1038,1.1285,1.1419
CMP-2026-1717,ISRO-TRAIN-LOT-2026,3,125.0,HEALTHY,0,10.29,10.48,10.876,10.939,2.209,2.308,2.261,2.342,1.2748,1.282,1.2845,1.3032
CMP-2026-1718,ISRO-TRAIN-LOT-2026,22,125.0,HEALTHY,0,11.145,11.165,11.657,11.565,2.387,2.425,2.469,2.422,1.2361,1.2299,1.2536,1.254
CMP-2026-1719,ISRO-TRAIN-LOT-2026,6,125.0,HEALTHY,0,10.286,10.555,10.876,11.014,2.608,2.727,2.652,2.779,1.1769,1.1763,1.1926,1.215
CMP-2026-1720,ISRO-TRAIN-LOT-2026,24,125.0,HEALTHY,0,10.952,11.331,11.733,11.57,2.154,2.178,2.212,2.294,1.0825,1.0811,1.1001,1.121
CMP-2026-1721,ISRO-TRAIN-LOT-2026,13,125.0,HEALTHY,0,11.977,12.088,12.442,12.597,2.561,2.619,2.594,2.663,1.1877,1.1836,1.1948,1.2072
CMP-2026-1722,ISRO-TRAIN-LOT-2026,20,125.0,HEALTHY,0,8.943,9.15,9.261,9.284,2.354,2.38,2.369,2.425,1.2636,1.2626,1.2633,1.2865
CMP-2026-1723,ISRO-TRAIN-LOT-2026,8,125.0,HEALTHY,0,8.751,8.922,8.916,8.863,2.35,2.38,2.449,2.419,1.1172,1.1121,1.131,1.1382
CMP-2026-1724,ISRO-TRAIN-LOT-2026,11,125.0,HEALTHY,0,12.348,12.637,12.722,13.177,2.006,1.944,2.104,2.121,1.0678,1.063,1.0768,1.1018
CMP-2026-1725,ISRO-TRAIN-LOT-2026,9,125.0,HEALTHY,0,11.81,12.022,12.165,12.589,2.626,2.653,2.65,2.725,1.1521,1.1516,1.1567,1.163
CMP-2026-1726,ISRO-TRAIN-LOT-2026,2,125.0,HEALTHY,0,9.532,9.766,10.028,10.327,2.311,2.427,2.354,2.36,1.3404,1.349,1.3472,1.3609
CMP-2026-1727,ISRO-TRAIN-LOT-2026,19,125.0,HEALTHY,0,10.259,10.394,10.8,11.232,2.278,2.311,2.354,2.46,1.1846,1.1803,1.1944,1.2203
CMP-2026-1728,ISRO-TRAIN-LOT-2026,21,125.0,HEALTHY,0,12.276,12.67,12.643,13.024,2.756,2.798,2.946,2.858,1.1926,1.1911,1.1968,1.2257
CMP-2026-1729,ISRO-TRAIN-LOT-2026,19,125.0,HEALTHY,0,11.626,11.882,12.219,12.412,2.672,2.686,2.709,2.848,1.2039,1.2014,1.2155,1.2314
CMP-2026-1730,ISRO-TRAIN-LOT-2026,6,125.0,GROSS_OUTLIER,1,57.797,60.962,67.387,78.007,20.134,23.134,28.134,36.134,3.5586,3.7586,4.1586,4.7586
CMP-2026-1731,ISRO-TRAIN-LOT-2026,18,125.0,HEALTHY,0,10.77,10.986,11.209,11.335,2.199,2.241,2.302,2.285,1.2191,1.2205,1.2288,1.2394
CMP-2026-1732,ISRO-TRAIN-LOT-2026,10,125.0,HEALTHY,0,11.997,12.281,12.473,12.7,2.31,2.376,2.377,2.384,1.2285,1.2405,1.2267,1.2608
CMP-2026-1733,ISRO-TRAIN-LOT-2026,15,125.0,LATENT_DRIFT,1,12.091,18.732,48.039,92.671,2.732,3.132,5.232,11.732,1.0909,1.1709,1.4209,1.9709
CMP-2026-1734,ISRO-TRAIN-LOT-2026,23,125.0,HEALTHY,0,9.306,9.704,9.714,10.274,2.583,2.635,2.622,2.568,1.2843,1.2827,1.2934,1.2977
CMP-2026-1735,ISRO-TRAIN-LOT-2026,22,125.0,HEALTHY,0,10.036,10.317,10.739,10.957,3.538,3.559,3.611,3.679,1.1577,1.1456,1.1767,1.192
CMP-2026-1736,ISRO-TRAIN-LOT-2026,3,125.0,HEALTHY,0,12.317,12.389,12.535,13.255,2.395,2.402,2.461,2.454,1.1374,1.1375,1.1419,1.1635
CMP-2026-1737,ISRO-TRAIN-LOT-2026,8,125.0,LATENT_PAT_OUTLIER,1,43.253,45.477,47.239,50.085,6.148,6.948,8.148,9.948,1.4839,1.5339,1.6139,1.7339
CMP-2026-1738,ISRO-TRAIN-LOT-2026,1,125.0,HEALTHY,0,9.306,9.612,10.016,10.249,2.433,2.524,2.588,2.528,1.0927,1.092,1.1237,1.1219
CMP-2026-1739,ISRO-TRAIN-LOT-2026,7,125.0,HEALTHY,0,10.83,11.227,11.483,11.558,2.124,2.166,2.233,2.3,1.3101,1.3124,1.3253,1.3408
CMP-2026-1740,ISRO-TRAIN-LOT-2026,8,125.0,LATENT_DRIFT,1,11.994,18.047,44.11,84.681,2.109,2.509,4.609,11.109,1.1257,1.2057,1.4557,2.0057
CMP-2026-1741,ISRO-TRAIN-LOT-2026,13,125.0,HEALTHY,0,11.12,11.2,11.62,11.541,2.3,2.399,2.38,2.431,1.3622,1.3564,1.3608,1.4012
CMP-2026-1742,ISRO-TRAIN-LOT-2026,3,125.0,HEALTHY,0,10.279,10.51,10.708,10.817,2.614,2.631,2.729,2.726,1.3151,1.3213,1.3208,1.3302
CMP-2026-1743,ISRO-TRAIN-LOT-2026,15,125.0,HEALTHY,0,10.097,10.276,10.709,11.177,2.639,2.7,2.635,2.766,1.1496,1.1445,1.1519,1.1678
CMP-2026-1744,ISRO-TRAIN-LOT-2026,20,125.0,HEALTHY,0,10.493,10.696,10.9,11.286,2.63,2.622,2.696,2.736,1.2522,1.2543,1.2592,1.29
CMP-2026-1745,ISRO-TRAIN-LOT-2026,3,125.0,HEALTHY,0,8.631,8.83,9.123,8.795,2.423,2.514,2.492,2.543,1.1385,1.1415,1.1455,1.174
CMP-2026-1746,ISRO-TRAIN-LOT-2026,25,125.0,LATENT_PAT_OUTLIER,1,44.825,46.378,49.023,53.334,6.392,7.192,8.392,10.192,1.6019,1.6519,1.7319,1.8519
CMP-2026-1747,ISRO-TRAIN-LOT-2026,16,125.0,HEALTHY,0,11.081,11.059,11.374,11.247,2.363,2.39,2.396,2.48,1.1878,1.193,1.1988,1.2031
CMP-2026-1748,ISRO-TRAIN-LOT-2026,22,125.0,HEALTHY,0,11.282,11.708,12.107,12.067,2.955,3.036,3.007,3.114,1.2314,1.2356,1.246,1.2573
CMP-2026-1749,ISRO-TRAIN-LOT-2026,13,125.0,HEALTHY,0,13.074,13.39,13.295,13.628,2.181,2.218,2.256,2.315,1.1394,1.1366,1.1509,1.1713
CMP-2026-1750,ISRO-TRAIN-LOT-2026,18,125.0,HEALTHY,0,12.844,13.156,13.628,14.116,2.372,2.401,2.502,2.581,1.2895,1.2943,1.2855,1.3333
CMP-2026-1751,ISRO-TRAIN-LOT-2026,25,125.0,HEALTHY,0,10.509,10.72,11.009,10.474,2.948,2.97,3.031,3.078,1.1741,1.1861,1.1879,1.2056
CMP-2026-1752,ISRO-TRAIN-LOT-2026,4,125.0,HEALTHY,0,11.604,12.093,12.293,12.359,2.306,2.344,2.378,2.401,1.2818,1.2865,1.3002,1.3062
CMP-2026-1753,ISRO-TRAIN-LOT-2026,25,125.0,HEALTHY,0,9.899,10.32,10.15,10.418,1.996,2.014,2.173,2.14,1.2196,1.216,1.2213,1.2507
CMP-2026-1754,ISRO-TRAIN-LOT-2026,11,125.0,HEALTHY,0,10.488,10.745,10.841,10.811,2.312,2.375,2.443,2.424,1.1453,1.1503,1.1608,1.162
CMP-2026-1755,ISRO-TRAIN-LOT-2026,9,125.0,HEALTHY,0,9.763,9.911,10.275,10.484,2.678,2.735,2.728,2.795,1.3049,1.3094,1.3282,1.3477
CMP-2026-1756,ISRO-TRAIN-LOT-2026,23,125.0,HEALTHY,0,10.679,10.911,11.105,11.212,2.47,2.536,2.574,2.486,1.2092,1.2061,1.2249,1.235
CMP-2026-1757,ISRO-TRAIN-LOT-2026,5,125.0,HEALTHY,0,10.366,10.82,11.027,11.425,2.629,2.668,2.785,2.757,1.1726,1.1783,1.194,1.1999
CMP-2026-1758,ISRO-TRAIN-LOT-2026,13,125.0,HEALTHY,0,12.266,12.495,12.982,12.864,2.279,2.317,2.324,2.407,1.1899,1.1941,1.1874,1.2159
CMP-2026-1759,ISRO-TRAIN-LOT-2026,7,125.0,HEALTHY,0,12.157,12.314,12.705,12.357,2.372,2.37,2.455,2.49,1.17,1.1763,1.1691,1.1911
CMP-2026-1760,ISRO-TRAIN-LOT-2026,9,125.0,HEALTHY,0,8.838,9.059,9.404,9.472,1.891,1.917,1.944,1.929,1.1766,1.1784,1.19,1.1942
CMP-2026-1761,ISRO-TRAIN-LOT-2026,20,125.0,LATENT_DRIFT,1,12.145,19.914,55.134,108.391,2.727,3.127,5.227,11.727,1.1536,1.2336,1.4836,2.0336
CMP-2026-1762,ISRO-TRAIN-LOT-2026,3,125.0,HEALTHY,0,8.616,8.92,9.233,9.413,2.27,2.267,2.324,2.367,1.3403,1.3419,1.3641,1.3778
CMP-2026-1763,ISRO-TRAIN-LOT-2026,17,125.0,HEALTHY,0,11.252,11.539,11.999,12.002,2.248,2.265,2.358,2.357,1.1836,1.1837,1.198,1.2153
CMP-2026-1764,ISRO-TRAIN-LOT-2026,6,125.0,HEALTHY,0,11.36,11.634,12.141,12.231,2.641,2.703,2.764,2.713,1.1653,1.1688,1.1957,1.1954
CMP-2026-1765,ISRO-TRAIN-LOT-2026,19,125.0,HEALTHY,0,11.181,11.426,12.008,12.33,2.597,2.589,2.657,2.702,1.1876,1.199,1.1933,1.2145
CMP-2026-1766,ISRO-TRAIN-LOT-2026,21,125.0,HEALTHY,0,10.425,10.66,10.885,11.201,2.607,2.661,2.579,2.747,1.055,1.0601,1.0688,1.0755
CMP-2026-1767,ISRO-TRAIN-LOT-2026,24,125.0,HEALTHY,0,11.679,11.838,12.046,12.114,2.46,2.492,2.554,2.581,1.2634,1.2604,1.2715,1.2954
CMP-2026-1768,ISRO-TRAIN-LOT-2026,23,125.0,HEALTHY,0,10.272,10.513,11.07,11.066,2.384,2.39,2.474,2.522,1.0967,1.1048,1.1184,1.1281
CMP-2026-1769,ISRO-TRAIN-LOT-2026,23,125.0,HEALTHY,0,11.644,11.777,11.846,11.975,2.731,2.76,2.844,2.815,1.1706,1.1687,1.1951,1.199
CMP-2026-1770,ISRO-TRAIN-LOT-2026,21,125.0,LATENT_DRIFT,1,13.142,21.053,58.265,113.364,2.303,2.703,4.803,11.303,1.3573,1.4373,1.6873,2.2373
CMP-2026-1771,ISRO-TRAIN-LOT-2026,17,125.0,HEALTHY,0,11.406,11.515,11.741,12.248,2.188,2.234,2.225,2.342,1.0649,1.0545,1.0669,1.1036
CMP-2026-1772,ISRO-TRAIN-LOT-2026,8,125.0,LATENT_PAT_OUTLIER,1,39.125,40.166,42.684,45.169,6.619,7.419,8.619,10.419,1.5378,1.5878,1.6678,1.7878
CMP-2026-1773,ISRO-TRAIN-LOT-2026,11,125.0,HEALTHY,0,11.378,11.662,11.975,12.328,2.61,2.634,2.753,2.764,1.3092,1.3064,1.3142,1.3383
CMP-2026-1774,ISRO-TRAIN-LOT-2026,8,125.0,HEALTHY,0,8.573,8.778,9.088,9.063,2.695,2.708,2.665,2.828,1.3495,1.3545,1.3592,1.3955
CMP-2026-1775,ISRO-TRAIN-LOT-2026,9,125.0,HEALTHY,0,9.129,9.281,9.451,9.691,2.937,2.941,3.033,3.063,1.1817,1.1769,1.1896,1.2018
CMP-2026-1776,ISRO-TRAIN-LOT-2026,19,125.0,HEALTHY,0,9.533,9.766,9.865,10.238,1.878,1.931,1.917,2.023,1.197,1.189,1.2104,1.2217
CMP-2026-1777,ISRO-TRAIN-LOT-2026,7,125.0,HEALTHY,0,11.341,11.515,11.824,12.022,2.236,2.256,2.297,2.26,1.2286,1.2301,1.2346,1.2715
CMP-2026-1778,ISRO-TRAIN-LOT-2026,15,125.0,HEALTHY,0,11.879,12.217,12.564,12.685,2.391,2.394,2.419,2.519,1.4071,1.4104,1.4261,1.4424
CMP-2026-1779,ISRO-TRAIN-LOT-2026,4,125.0,HEALTHY,0,10.98,11.41,11.559,11.805,2.135,2.191,2.198,2.169,1.159,1.1559,1.1708,1.1922
CMP-2026-1780,ISRO-TRAIN-LOT-2026,13,125.0,HEALTHY,0,9.853,10.309,10.478,10.787,2.174,2.214,2.272,2.317,1.116,1.1106,1.1207,1.1519
CMP-2026-1781,ISRO-TRAIN-LOT-2026,5,125.0,HEALTHY,0,8.999,9.115,9.33,9.622,1.918,1.987,1.942,2.026,1.2702,1.2735,1.2845,1.2907
CMP-2026-1782,ISRO-TRAIN-LOT-2026,6,125.0,HEALTHY,0,10.895,11.03,11.456,11.685,2.053,2.114,2.096,2.175,1.2333,1.2326,1.2578,1.2587
CMP-2026-1783,ISRO-TRAIN-LOT-2026,2,125.0,HEALTHY,0,8.365,8.756,8.874,9.237,2.75,2.735,2.912,2.914,1.1454,1.1393,1.1594,1.2086
CMP-2026-1784,ISRO-TRAIN-LOT-2026,15,125.0,LATENT_DRIFT,1,11.682,18.578,49.314,93.175,2.395,2.795,4.895,11.395,1.0692,1.1492,1.3992,1.9492
CMP-2026-1785,ISRO-TRAIN-LOT-2026,14,125.0,HEALTHY,0,9.627,9.987,10.464,10.417,2.132,2.115,2.163,2.254,1.1869,1.1924,1.1981,1.2048
CMP-2026-1786,ISRO-TRAIN-LOT-2026,18,125.0,HEALTHY,0,11.442,11.763,11.838,12.141,2.331,2.359,2.439,2.463,1.2598,1.2578,1.2696,1.2996
CMP-2026-1787,ISRO-TRAIN-LOT-2026,19,125.0,HEALTHY,0,11.292,11.399,11.7,12.053,2.589,2.586,2.672,2.735,1.0863,1.0758,1.0951,1.1142
CMP-2026-1788,ISRO-TRAIN-LOT-2026,15,125.0,HEALTHY,0,10.869,11.149,10.999,11.569,2.436,2.469,2.574,2.59,1.1505,1.1522,1.1638,1.1847
CMP-2026-1789,ISRO-TRAIN-LOT-2026,24,125.0,HEALTHY,0,10.421,10.574,10.637,11.126,2.201,2.227,2.305,2.318,1.1512,1.151,1.1548,1.17
CMP-2026-1790,ISRO-TRAIN-LOT-2026,18,125.0,HEALTHY,0,10.673,10.796,11.221,11.444,2.599,2.642,2.701,2.715,1.1454,1.1354,1.1654,1.1754
CMP-2026-1791,ISRO-TRAIN-LOT-2026,21,125.0,HEALTHY,0,11.528,11.754,12.032,11.996,2.542,2.556,2.596,2.633,1.1785,1.1817,1.1817,1.2
CMP-2026-1792,ISRO-TRAIN-LOT-2026,13,125.0,HEALTHY,0,11.559,11.929,12.102,12.304,2.555,2.586,2.634,2.621,1.4214,1.4168,1.4299,1.4515
CMP-2026-1793,ISRO-TRAIN-LOT-2026,5,125.0,LATENT_DRIFT,1,12.235,18.264,45.161,84.735,1.827,2.227,4.327,10.827,1.1892,1.2692,1.5192,2.0692
CMP-2026-1794,ISRO-TRAIN-LOT-2026,23,125.0,HEALTHY,0,10.031,10.232,10.37,10.017,2.823,2.862,2.962,2.852,1.0607,1.0582,1.0715,1.0983
CMP-2026-1795,ISRO-TRAIN-LOT-2026,7,125.0,HEALTHY,0,10.618,10.869,10.823,11.181,2.362,2.453,2.473,2.401,1.194,1.2063,1.2221,1.2123
CMP-2026-1796,ISRO-TRAIN-LOT-2026,14,125.0,HEALTHY,0,11.465,11.716,12.396,12.9,2.516,2.581,2.553,2.567,1.1323,1.1447,1.1441,1.1768
CMP-2026-1797,ISRO-TRAIN-LOT-2026,13,125.0,HEALTHY,0,10.742,10.954,11.56,11.713,2.839,2.814,2.869,2.967,1.3208,1.3297,1.3316,1.3509
CMP-2026-1798,ISRO-TRAIN-LOT-2026,21,125.0,HEALTHY,0,11.457,11.703,12.209,12.429,2.665,2.722,2.76,2.711,1.3348,1.3327,1.3399,1.3574
CMP-2026-1799,ISRO-TRAIN-LOT-2026,14,125.0,HEALTHY,0,12.884,13.116,13.664,13.808,2.315,2.339,2.344,2.382,1.115,1.1189,1.1235,1.1386
CMP-2026-1800,ISRO-TRAIN-LOT-2026,11,125.0,HEALTHY,0,10.405,10.663,11.07,11.449,2.302,2.311,2.361,2.439,1.2722,1.2746,1.2964,1.3159
CMP-2026-1801,ISRO-TRAIN-LOT-2026,24,125.0,GROSS_OUTLIER,1,60.414,62.879,75.393,90.339,27.177,30.177,35.177,43.177,3.7839,3.9839,4.3839,4.9839
CMP-2026-1802,ISRO-TRAIN-LOT-2026,7,125.0,HEALTHY,0,10.849,11.197,11.59,11.431,2.497,2.55,2.569,2.564,1.1896,1.1919,1.2075,1.2128
CMP-2026-1803,ISRO-TRAIN-LOT-2026,13,125.0,HEALTHY,0,10.828,11.422,11.495,11.715,2.249,2.257,2.356,2.357,1.3453,1.3502,1.3465,1.3633
CMP-2026-1804,ISRO-TRAIN-LOT-2026,17,125.0,HEALTHY,0,10.271,10.698,10.904,11.254,2.613,2.66,2.708,2.727,1.1261,1.1265,1.1401,1.1674
CMP-2026-1805,ISRO-TRAIN-LOT-2026,11,125.0,HEALTHY,0,10.227,10.543,10.935,11.003,2.788,2.825,2.894,2.921,1.2046,1.1982,1.2161,1.2281
CMP-2026-1806,ISRO-TRAIN-LOT-2026,25,125.0,HEALTHY,0,12.941,13.338,13.657,13.506,2.175,2.185,2.242,2.352,1.1902,1.1862,1.1966,1.2249
CMP-2026-1807,ISRO-TRAIN-LOT-2026,5,125.0,HEALTHY,0,11.696,11.836,12.332,12.586,2.312,2.354,2.368,2.446,1.3209,1.3209,1.3244,1.3626
CMP-2026-1808,ISRO-TRAIN-LOT-2026,4,125.0,HEALTHY,0,10.762,10.949,11.254,11.153,2.409,2.447,2.516,2.522,1.2668,1.2778,1.2595,1.2908
CMP-2026-1809,ISRO-TRAIN-LOT-2026,7,125.0,HEALTHY,0,10.95,11.12,11.503,11.479,2.967,2.981,3.053,3.093,1.1481,1.1493,1.1512,1.1897
CMP-2026-1810,ISRO-TRAIN-LOT-2026,25,125.0,HEALTHY,0,10.336,10.554,10.826,10.786,2.349,2.389,2.463,2.468,1.2417,1.2475,1.253,1.2641
CMP-2026-1811,ISRO-TRAIN-LOT-2026,21,125.0,HEALTHY,0,10.739,11.076,11.253,11.541,2.799,2.837,2.889,2.92,1.2061,1.2126,1.2044,1.2446
CMP-2026-1812,ISRO-TRAIN-LOT-2026,7,125.0,HEALTHY,0,9.893,9.936,10.419,10.687,2.522,2.571,2.634,2.698,1.2396,1.2432,1.2534,1.2404
CMP-2026-1813,ISRO-TRAIN-LOT-2026,3,125.0,HEALTHY,0,8.619,8.931,9.121,9.453,2.348,2.387,2.401,2.519,1.3557,1.3629,1.3636,1.3868
CMP-2026-1814,ISRO-TRAIN-LOT-2026,21,125.0,HEALTHY,0,12.609,12.846,12.748,12.832,2.671,2.668,2.765,2.822,1.219,1.2294,1.2335,1.266
CMP-2026-1815,ISRO-TRAIN-LOT-2026,17,125.0,LATENT_PAT_OUTLIER,1,45.566,47.645,49.272,51.954,8.033,8.833,10.033,11.833,1.8127,1.8627,1.9427,2.0627
CMP-2026-1816,ISRO-TRAIN-LOT-2026,20,125.0,HEALTHY,0,8.728,8.797,9.297,9.328,2.95,3.053,3.036,2.998,1.1186,1.1224,1.1294,1.142
CMP-2026-1817,ISRO-TRAIN-LOT-2026,22,125.0,HEALTHY,0,9.853,9.936,10.291,10.534,2.768,2.772,2.825,2.789,1.2681,1.2636,1.2667,1.307
CMP-2026-1818,ISRO-TRAIN-LOT-2026,9,125.0,LATENT_PAT_OUTLIER,1,46.065,48.184,50.236,53.636,6.995,7.795,8.995,10.795,1.6179,1.6679,1.7479,1.8679
CMP-2026-1819,ISRO-TRAIN-LOT-2026,16,125.0,HEALTHY,0,10.381,10.57,10.54,10.814,2.993,3.003,3.113,3.133,1.0263,1.0385,1.0468,1.0642
CMP-2026-1820,ISRO-TRAIN-LOT-2026,20,125.0,HEALTHY,0,10.951,11.205,11.476,11.713,2.733,2.777,2.834,2.809,1.2068,1.205,1.2271,1.247
CMP-2026-1821,ISRO-TRAIN-LOT-2026,5,125.0,LATENT_DRIFT,1,11.118,18.507,50.995,98.431,2.431,2.831,4.931,11.431,1.3305,1.4105,1.6605,2.2105
CMP-2026-1822,ISRO-TRAIN-LOT-2026,18,125.0,HEALTHY,0,11.979,12.207,12.497,12.55,2.702,2.729,2.76,2.804,1.2598,1.2599,1.2732,1.2973
CMP-2026-1823,ISRO-TRAIN-LOT-2026,22,125.0,HEALTHY,0,11.355,11.665,12.057,12.088,2.199,2.239,2.256,2.296,1.1713,1.1736,1.1879,1.2054
CMP-2026-1824,ISRO-TRAIN-LOT-2026,22,125.0,HEALTHY,0,9.463,9.813,9.824,9.713,1.998,2.023,2.018,2.002,1.279,1.2815,1.2896,1.3272
CMP-2026-1825,ISRO-TRAIN-LOT-2026,14,125.0,HEALTHY,0,11.037,11.32,11.324,11.189,2.792,2.823,2.854,2.935,1.0204,1.0139,1.0318,1.0438
CMP-2026-1826,ISRO-TRAIN-LOT-2026,12,125.0,LATENT_DRIFT,1,11.377,19.073,51.419,98.902,2.383,2.783,4.883,11.383,1.2668,1.3468,1.5968,2.1468
CMP-2026-1827,ISRO-TRAIN-LOT-2026,22,125.0,HEALTHY,0,10.996,11.404,11.833,11.915,2.398,2.469,2.488,2.556,1.2408,1.2446,1.2385,1.2792
CMP-2026-1828,ISRO-TRAIN-LOT-2026,19,125.0,HEALTHY,0,10.97,11.367,11.645,11.975,2.45,2.477,2.49,2.574,1.0812,1.0818,1.114,1.1058
CMP-2026-1829,ISRO-TRAIN-LOT-2026,23,125.0,HEALTHY,0,10.346,10.293,10.597,10.635,2.262,2.271,2.225,2.33,1.0137,1.0094,1.035,1.0419
CMP-2026-1830,ISRO-TRAIN-LOT-2026,6,125.0,HEALTHY,0,10.209,10.214,10.6,10.463,2.637,2.684,2.758,2.687,1.216,1.2183,1.2366,1.2527
CMP-2026-1831,ISRO-TRAIN-LOT-2026,7,125.0,HEALTHY,0,12.634,12.915,13.133,13.275,1.807,1.814,1.859,1.935,1.2884,1.2903,1.2988,1.3164
CMP-2026-1832,ISRO-TRAIN-LOT-2026,19,125.0,HEALTHY,0,9.358,9.559,9.758,10.153,2.492,2.537,2.557,2.631,1.3083,1.3096,1.3182,1.3497
CMP-2026-1833,ISRO-TRAIN-LOT-2026,8,125.0,HEALTHY,0,9.444,9.85,10.14,10.181,2.333,2.405,2.422,2.396,1.3468,1.3452,1.3664,1.3865
CMP-2026-1834,ISRO-TRAIN-LOT-2026,13,125.0,HEALTHY,0,9.922,10.267,10.81,10.726,2.925,2.955,3.028,3.042,1.3862,1.3872,1.4052,1.4101
CMP-2026-1835,ISRO-TRAIN-LOT-2026,17,125.0,HEALTHY,0,9.774,10.041,10.016,10.181,2.255,2.306,2.354,2.285,1.3019,1.3094,1.328,1.3423
CMP-2026-1836,ISRO-TRAIN-LOT-2026,18,125.0,HEALTHY,0,8.925,9.323,9.602,9.762,2.667,2.704,2.78,2.801,1.1574,1.1641,1.1786,1.1918
CMP-2026-1837,ISRO-TRAIN-LOT-2026,4,125.0,HEALTHY,0,9.099,9.417,9.9,9.93,2.321,2.317,2.382,2.442,1.2558,1.2608,1.2646,1.2809
CMP-2026-1838,ISRO-TRAIN-LOT-2026,17,125.0,HEALTHY,0,9.294,9.685,9.933,10.071,2.732,2.76,2.836,2.792,1.3394,1.3507,1.3442,1.3687
CMP-2026-1839,ISRO-TRAIN-LOT-2026,3,125.0,HEALTHY,0,10.306,10.621,11.154,10.901,2.192,2.216,2.301,2.253,1.1242,1.1256,1.1254,1.1491
CMP-2026-1840,ISRO-TRAIN-LOT-2026,24,125.0,HEALTHY,0,12.172,12.374,12.765,12.889,2.487,2.575,2.537,2.552,1.2473,1.2456,1.2516,1.2796
CMP-2026-1841,ISRO-TRAIN-LOT-2026,15,125.0,HEALTHY,0,11.976,12.33,12.389,12.52,2.781,2.795,2.857,2.904,1.2521,1.2539,1.2561,1.2916
CMP-2026-1842,ISRO-TRAIN-LOT-2026,7,125.0,HEALTHY,0,9.551,9.797,9.847,10.06,2.276,2.276,2.388,2.302,1.1848,1.1823,1.1914,1.2138
CMP-2026-1843,ISRO-TRAIN-LOT-2026,22,125.0,HEALTHY,0,12.195,12.309,12.828,12.808,3.149,3.179,3.274,3.331,1.1799,1.1896,1.1823,1.2043
CMP-2026-1844,ISRO-TRAIN-LOT-2026,3,125.0,HEALTHY,0,10.033,10.148,10.509,10.422,2.786,2.797,2.827,2.886,1.2774,1.2812,1.2906,1.3154
CMP-2026-1845,ISRO-TRAIN-LOT-2026,12,125.0,HEALTHY,0,9.168,9.238,9.589,9.483,2.244,2.283,2.238,2.282,1.1069,1.1136,1.1166,1.1253
CMP-2026-1846,ISRO-TRAIN-LOT-2026,3,125.0,HEALTHY,0,11.795,12.261,12.167,12.472,2.359,2.373,2.505,2.445,1.0965,1.0979,1.102,1.1331
CMP-2026-1847,ISRO-TRAIN-LOT-2026,12,125.0,HEALTHY,0,11.363,11.564,11.845,12.237,1.983,1.988,2.013,2.101,1.1901,1.1857,1.2124,1.2182
CMP-2026-1848,ISRO-TRAIN-LOT-2026,19,125.0,HEALTHY,0,11.791,12.035,12.144,12.088,2.81,2.843,2.884,2.915,1.2919,1.2921,1.3051,1.3296
CMP-2026-1849,ISRO-TRAIN-LOT-2026,3,125.0,HEALTHY,0,9.667,9.809,9.977,10.366,3.279,3.29,3.349,3.372,1.3019,1.2954,1.3198,1.325
CMP-2026-1850,ISRO-TRAIN-LOT-2026,19,125.0,HEALTHY,0,10.543,10.618,10.887,10.679,2.275,2.275,2.336,2.4,1.1531,1.1566,1.1672,1.185
CMP-2026-1851,ISRO-TRAIN-LOT-2026,24,125.0,HEALTHY,0,10.679,10.631,10.869,11.056,3.025,3.094,3.105,3.1,1.1012,1.106,1.1108,1.1235
CMP-2026-1852,ISRO-TRAIN-LOT-2026,15,125.0,HEALTHY,0,10.964,11.187,10.977,11.303,2.893,2.946,3.005,2.981,1.1933,1.1984,1.2088,1.2256
CMP-2026-1853,ISRO-TRAIN-LOT-2026,3,125.0,LATENT_DRIFT,1,11.171,19.172,54.098,106.587,3.03,3.43,5.53,12.03,1.2646,1.3446,1.5946,2.1446
CMP-2026-1854,ISRO-TRAIN-LOT-2026,20,125.0,HEALTHY,0,11.56,11.918,12.074,12.315,2.428,2.489,2.506,2.552,1.174,1.1749,1.1936,1.1967
CMP-2026-1855,ISRO-TRAIN-LOT-2026,14,125.0,HEALTHY,0,9.871,10.035,10.01,10.502,2.434,2.463,2.476,2.54,1.0418,1.0445,1.043,1.0738
CMP-2026-1856,ISRO-TRAIN-LOT-2026,6,125.0,HEALTHY,0,9.869,10.129,10.632,10.503,1.948,1.962,2.054,2.049,1.2652,1.274,1.2789,1.289
CMP-2026-1857,ISRO-TRAIN-LOT-2026,2,125.0,HEALTHY,0,10.746,10.885,11.094,11.35,2.72,2.752,2.819,2.898,1.1584,1.1687,1.1652,1.1984
CMP-2026-1858,ISRO-TRAIN-LOT-2026,16,125.0,HEALTHY,0,9.07,9.248,9.48,9.27,2.366,2.422,2.45,2.542,1.2576,1.2536,1.2712,1.2825
CMP-2026-1859,ISRO-TRAIN-LOT-2026,2,125.0,HEALTHY,0,9.513,9.731,10.072,10.175,2.427,2.438,2.48,2.528,1.0748,1.0797,1.084,1.1002
CMP-2026-1860,ISRO-TRAIN-LOT-2026,5,125.0,LATENT_PAT_OUTLIER,1,46.454,47.872,49.545,53.401,7.475,8.275,9.475,11.275,1.638,1.688,1.768,1.888
CMP-2026-1861,ISRO-TRAIN-LOT-2026,21,125.0,HEALTHY,0,10.51,10.762,10.893,11.132,2.387,2.407,2.457,2.448,1.2284,1.2426,1.2375,1.2712
CMP-2026-1862,ISRO-TRAIN-LOT-2026,17,125.0,LATENT_DRIFT,1,11.581,17.008,43.312,80.941,2.142,2.542,4.642,11.142,1.1396,1.2196,1.4696,2.0196
CMP-2026-1863,ISRO-TRAIN-LOT-2026,10,125.0,HEALTHY,0,11.531,11.671,11.723,12.149,2.821,2.822,2.909,2.916,1.2613,1.2643,1.2787,1.2849
CMP-2026-1864,ISRO-TRAIN-LOT-2026,8,125.0,HEALTHY,0,9.917,9.999,10.035,10.369,2.778,2.824,2.883,2.88,1.1295,1.1358,1.1366,1.1602
CMP-2026-1865,ISRO-TRAIN-LOT-2026,23,125.0,HEALTHY,0,11.577,11.72,12.083,12.035,2.396,2.414,2.489,2.481,1.2274,1.2318,1.2275,1.2568
CMP-2026-1866,ISRO-TRAIN-LOT-2026,7,125.0,HEALTHY,0,8.353,8.484,9.063,9.114,2.409,2.46,2.465,2.471,1.338,1.3359,1.3476,1.3709
CMP-2026-1867,ISRO-TRAIN-LOT-2026,20,125.0,HEALTHY,0,11.781,11.928,12.247,12.093,2.244,2.248,2.311,2.393,1.1868,1.1945,1.191,1.2088
CMP-2026-1868,ISRO-TRAIN-LOT-2026,2,125.0,HEALTHY,0,9.431,9.635,9.979,9.699,2.114,2.142,2.186,2.15,1.1551,1.1592,1.1824,1.1986
CMP-2026-1869,ISRO-TRAIN-LOT-2026,7,125.0,HEALTHY,0,9.662,9.904,10.183,10.552,2.358,2.39,2.405,2.392,1.1497,1.1515,1.1566,1.1788
CMP-2026-1870,ISRO-TRAIN-LOT-2026,22,125.0,LATENT_PAT_OUTLIER,1,45.052,46.824,48.822,51.732,10.386,11.186,12.386,14.186,1.511,1.561,1.641,1.761
CMP-2026-1871,ISRO-TRAIN-LOT-2026,16,125.0,HEALTHY,0,11.702,11.711,12.096,12.046,2.652,2.731,2.758,2.709,1.298,1.2939,1.2959,1.3293
CMP-2026-1872,ISRO-TRAIN-LOT-2026,20,125.0,HEALTHY,0,13.324,13.619,13.805,14.056,2.571,2.612,2.685,2.604,1.141,1.1438,1.1496,1.1802
CMP-2026-1873,ISRO-TRAIN-LOT-2026,10,125.0,HEALTHY,0,9.327,9.498,9.844,9.476,2.63,2.702,2.692,2.754,1.2194,1.2278,1.2297,1.2642
CMP-2026-1874,ISRO-TRAIN-LOT-2026,19,125.0,HEALTHY,0,10.419,10.471,10.99,10.859,2.932,2.915,3.033,2.991,1.2097,1.2033,1.2206,1.2301
CMP-2026-1875,ISRO-TRAIN-LOT-2026,1,125.0,LATENT_PAT_OUTLIER,1,43.732,45.08,47.212,51.034,7.319,8.119,9.319,11.119,1.7054,1.7554,1.8354,1.9554
CMP-2026-1876,ISRO-TRAIN-LOT-2026,16,125.0,HEALTHY,0,11.764,11.988,12.109,11.976,2.388,2.409,2.462,2.527,1.2466,1.2547,1.2673,1.2735
CMP-2026-1877,ISRO-TRAIN-LOT-2026,19,125.0,HEALTHY,0,8.633,8.889,9.349,9.991,2.128,2.151,2.223,2.191,1.129,1.1369,1.1386,1.1504
CMP-2026-1878,ISRO-TRAIN-LOT-2026,5,125.0,HEALTHY,0,9.705,9.787,9.974,10.137,1.947,1.911,1.999,2.022,1.2208,1.2254,1.2407,1.2531
CMP-2026-1879,ISRO-TRAIN-LOT-2026,12,125.0,HEALTHY,0,9.716,9.687,10.049,9.827,2.828,2.866,2.945,2.874,1.2217,1.2298,1.2347,1.2503
CMP-2026-1880,ISRO-TRAIN-LOT-2026,1,125.0,HEALTHY,0,10.517,10.794,11.23,11.641,2.805,2.844,2.978,2.946,1.307,1.3136,1.3319,1.3478
CMP-2026-1881,ISRO-TRAIN-LOT-2026,4,125.0,HEALTHY,0,10.808,10.964,10.874,11.234,2.436,2.422,2.532,2.639,1.2469,1.2532,1.2502,1.2618
CMP-2026-1882,ISRO-TRAIN-LOT-2026,19,125.0,HEALTHY,0,11.456,11.805,11.858,12.31,2.745,2.729,2.84,2.815,1.2826,1.2849,1.2918,1.2976
CMP-2026-1883,ISRO-TRAIN-LOT-2026,14,125.0,HEALTHY,0,9.169,9.371,9.915,10.241,2.655,2.707,2.752,2.845,1.2897,1.2914,1.2938,1.3217
CMP-2026-1884,ISRO-TRAIN-LOT-2026,9,125.0,HEALTHY,0,13.213,13.391,13.477,13.676,2.82,2.852,2.987,2.829,1.1842,1.1849,1.2035,1.2102
CMP-2026-1885,ISRO-TRAIN-LOT-2026,23,125.0,HEALTHY,0,12.091,12.46,12.314,13.129,2.37,2.409,2.415,2.353,1.1314,1.1358,1.1441,1.1573
CMP-2026-1886,ISRO-TRAIN-LOT-2026,10,125.0,HEALTHY,0,11.095,11.495,11.582,11.811,2.335,2.419,2.395,2.402,1.116,1.1259,1.1192,1.1485
CMP-2026-1887,ISRO-TRAIN-LOT-2026,18,125.0,HEALTHY,0,12.063,12.3,12.87,13.106,2.662,2.677,2.787,2.8,1.2541,1.2588,1.2595,1.287
CMP-2026-1888,ISRO-TRAIN-LOT-2026,16,125.0,HEALTHY,0,13.728,14.006,14.411,14.53,2.465,2.465,2.497,2.571,1.1345,1.1392,1.1434,1.1558
CMP-2026-1889,ISRO-TRAIN-LOT-2026,16,125.0,HEALTHY,0,10.22,10.508,10.957,11.07,2.587,2.645,2.748,2.687,1.0771,1.0711,1.088,1.1078
CMP-2026-1890,ISRO-TRAIN-LOT-2026,25,125.0,HEALTHY,0,13.614,13.797,14.151,14.427,2.031,2.052,2.153,2.076,1.0618,1.0674,1.0676,1.0897
CMP-2026-1891,ISRO-TRAIN-LOT-2026,5,125.0,HEALTHY,0,9.586,9.865,10.077,10.809,2.214,2.241,2.269,2.435,1.3426,1.3428,1.3587,1.3828
CMP-2026-1892,ISRO-TRAIN-LOT-2026,24,125.0,HEALTHY,0,11.722,11.933,12.384,12.423,2.463,2.442,2.549,2.492,1.2542,1.2515,1.2597,1.2904
CMP-2026-1893,ISRO-TRAIN-LOT-2026,18,125.0,HEALTHY,0,11.112,11.396,11.574,11.407,2.625,2.663,2.726,2.746,1.0776,1.0794,1.0914,1.0973
CMP-2026-1894,ISRO-TRAIN-LOT-2026,10,125.0,HEALTHY,0,12.637,12.969,13.202,13.48,2.891,2.881,2.967,3.132,1.1131,1.1175,1.1323,1.1433
CMP-2026-1895,ISRO-TRAIN-LOT-2026,24,125.0,HEALTHY,0,8.48,8.704,8.948,9.269,2.749,2.756,2.804,2.801,1.175,1.1737,1.2097,1.191
CMP-2026-1896,ISRO-TRAIN-LOT-2026,1,125.0,HEALTHY,0,9.271,9.48,9.821,10.109,2.87,2.929,2.87,2.938,1.2404,1.245,1.2596,1.2877
CMP-2026-1897,ISRO-TRAIN-LOT-2026,12,125.0,HEALTHY,0,10.718,10.966,11.147,11.267,2.35,2.35,2.378,2.486,1.2276,1.2252,1.2365,1.2442
CMP-2026-1898,ISRO-TRAIN-LOT-2026,2,125.0,HEALTHY,0,10.965,11.291,11.215,11.869,2.923,2.979,2.958,3.121,1.2076,1.2114,1.2161,1.2301
CMP-2026-1899,ISRO-TRAIN-LOT-2026,17,125.0,HEALTHY,0,13.063,13.336,13.417,13.623,1.987,2.024,2.077,2.001,1.1063,1.1081,1.1196,1.1356
CMP-2026-1900,ISRO-TRAIN-LOT-2026,17,125.0,HEALTHY,0,11.594,11.62,11.964,12.222,2.525,2.489,2.633,2.649,1.2836,1.2839,1.2849,1.3134
CMP-2026-1901,ISRO-TRAIN-LOT-2026,5,125.0,HEALTHY,0,9.363,9.636,10.154,10.017,2.48,2.553,2.616,2.559,1.2097,1.2124,1.2261,1.2422
CMP-2026-1902,ISRO-TRAIN-LOT-2026,17,125.0,HEALTHY,0,12.617,12.851,13.187,13.109,2.635,2.671,2.695,2.712,1.0575,1.0664,1.0677,1.0985
CMP-2026-1903,ISRO-TRAIN-LOT-2026,18,125.0,GROSS_OUTLIER,1,53.269,57.254,75.625,95.996,25.574,28.574,33.574,41.574,3.1495,3.3495,3.7495,4.3495
CMP-2026-1904,ISRO-TRAIN-LOT-2026,14,125.0,HEALTHY,0,9.937,10.006,10.201,10.709,2.251,2.341,2.34,2.406,1.1833,1.1908,1.192,1.199
CMP-2026-1905,ISRO-TRAIN-LOT-2026,23,125.0,HEALTHY,0,9.646,10.028,10.218,10.151,2.951,3.012,3.034,3.078,1.1717,1.1638,1.1899,1.1779
CMP-2026-1906,ISRO-TRAIN-LOT-2026,12,125.0,HEALTHY,0,10.294,10.497,10.718,10.756,2.747,2.791,2.793,2.885,1.077,1.0779,1.0892,1.0832
CMP-2026-1907,ISRO-TRAIN-LOT-2026,20,125.0,HEALTHY,0,11.602,11.939,12.146,12.633,2.254,2.294,2.34,2.289,1.166,1.1684,1.1849,1.1935
CMP-2026-1908,ISRO-TRAIN-LOT-2026,22,125.0,HEALTHY,0,13.077,13.266,13.771,13.562,1.93,2.026,2.006,2.012,1.3564,1.3588,1.3482,1.3953
CMP-2026-1909,ISRO-TRAIN-LOT-2026,14,125.0,HEALTHY,0,10.578,10.811,10.913,10.93,2.581,2.584,2.709,2.71,1.2924,1.2932,1.2959,1.3423
CMP-2026-1910,ISRO-TRAIN-LOT-2026,22,125.0,HEALTHY,0,10.035,10.412,10.55,10.623,2.494,2.53,2.536,2.545,1.3344,1.3349,1.3408,1.3479
CMP-2026-1911,ISRO-TRAIN-LOT-2026,8,125.0,LATENT_PAT_OUTLIER,1,41.015,43.375,45.823,49.094,7.988,8.788,9.988,11.788,1.3975,1.4475,1.5275,1.6475
CMP-2026-1912,ISRO-TRAIN-LOT-2026,15,125.0,LATENT_PAT_OUTLIER,1,41.712,44.2,46.997,49.481,6.225,7.025,8.225,10.025,1.6302,1.6802,1.7602,1.8802
CMP-2026-1913,ISRO-TRAIN-LOT-2026,25,125.0,HEALTHY,0,11.073,11.352,11.52,11.601,2.626,2.659,2.685,2.833,1.0902,1.0964,1.0998,1.126
CMP-2026-1914,ISRO-TRAIN-LOT-2026,9,125.0,HEALTHY,0,10.292,10.505,10.658,10.256,2.663,2.703,2.7,2.819,1.1867,1.1909,1.1901,1.2096
CMP-2026-1915,ISRO-TRAIN-LOT-2026,6,125.0,HEALTHY,0,10.477,10.798,11.208,11.271,2.421,2.446,2.512,2.545,1.1434,1.1431,1.1604,1.1706
CMP-2026-1916,ISRO-TRAIN-LOT-2026,23,125.0,HEALTHY,0,11.316,11.478,11.826,11.979,3.018,3.052,3.116,3.177,1.1192,1.1225,1.1256,1.14
CMP-2026-1917,ISRO-TRAIN-LOT-2026,12,125.0,LATENT_PAT_OUTLIER,1,46.237,47.332,49.422,53.696,5.911,6.711,7.911,9.711,1.6557,1.7057,1.7857,1.9057
CMP-2026-1918,ISRO-TRAIN-LOT-2026,18,125.0,HEALTHY,0,10.083,10.212,10.576,10.823,2.078,2.165,2.178,2.231,1.0675,1.0594,1.0839,1.1017
CMP-2026-1919,ISRO-TRAIN-LOT-2026,16,125.0,HEALTHY,0,9.865,10.08,10.359,10.618,2.572,2.58,2.632,2.775,1.1772,1.1755,1.1879,1.1984
CMP-2026-1920,ISRO-TRAIN-LOT-2026,17,125.0,HEALTHY,0,10.899,11.282,11.593,11.981,2.674,2.691,2.752,2.691,1.2004,1.2009,1.2086,1.2449
CMP-2026-1921,ISRO-TRAIN-LOT-2026,12,125.0,HEALTHY,0,9.614,9.928,10.332,10.178,2.393,2.47,2.481,2.521,1.2463,1.2473,1.2682,1.2587
CMP-2026-1922,ISRO-TRAIN-LOT-2026,22,125.0,HEALTHY,0,10.691,10.978,11.071,10.983,2.53,2.527,2.658,2.664,1.1843,1.1873,1.1911,1.2274
CMP-2026-1923,ISRO-TRAIN-LOT-2026,16,125.0,HEALTHY,0,11.643,11.879,12.113,12.416,2.675,2.625,2.71,2.684,1.2444,1.2458,1.2444,1.2756
CMP-2026-1924,ISRO-TRAIN-LOT-2026,22,125.0,HEALTHY,0,12.56,13.007,13.369,13.345,2.797,2.806,2.886,2.992,1.0893,1.0918,1.0854,1.1171
CMP-2026-1925,ISRO-TRAIN-LOT-2026,20,125.0,HEALTHY,0,11.07,11.205,11.78,11.63,3.121,3.208,3.184,3.202,1.0848,1.0875,1.0977,1.1283
CMP-2026-1926,ISRO-TRAIN-LOT-2026,14,125.0,HEALTHY,0,10.612,10.843,11.154,11.516,3.181,3.266,3.211,3.319,1.1751,1.1794,1.1804,1.2057
CMP-2026-1927,ISRO-TRAIN-LOT-2026,15,125.0,HEALTHY,0,11.851,12.058,11.9,12.537,2.095,2.077,2.214,2.17,1.2303,1.226,1.2407,1.2613
CMP-2026-1928,ISRO-TRAIN-LOT-2026,4,125.0,HEALTHY,0,12.427,12.94,13.03,13.528,2.931,2.961,3.02,3.053,1.3164,1.3126,1.319,1.3595
CMP-2026-1929,ISRO-TRAIN-LOT-2026,4,125.0,HEALTHY,0,8.164,8.229,8.538,8.554,2.248,2.257,2.365,2.336,1.0764,1.0854,1.09,1.1026
CMP-2026-1930,ISRO-TRAIN-LOT-2026,5,125.0,HEALTHY,0,9.31,9.542,10.015,10.211,2.698,2.652,2.805,2.883,1.2198,1.2186,1.226,1.2528
CMP-2026-1931,ISRO-TRAIN-LOT-2026,12,125.0,HEALTHY,0,10.547,10.821,10.906,11.102,2.106,2.101,2.193,2.141,1.1526,1.1567,1.1713,1.1899
CMP-2026-1932,ISRO-TRAIN-LOT-2026,20,125.0,HEALTHY,0,10.166,10.197,10.516,10.757,2.036,2.055,2.111,2.214,1.2321,1.237,1.2445,1.2537
CMP-2026-1933,ISRO-TRAIN-LOT-2026,13,125.0,HEALTHY,0,8.35,8.384,8.689,8.859,2.526,2.539,2.579,2.579,1.1092,1.1191,1.112,1.1389
CMP-2026-1934,ISRO-TRAIN-LOT-2026,18,125.0,HEALTHY,0,10.524,10.971,11.309,11.478,2.686,2.67,2.758,2.689,1.1599,1.1537,1.1663,1.1872
CMP-2026-1935,ISRO-TRAIN-LOT-2026,14,125.0,HEALTHY,0,10.172,10.362,10.7,11.102,2.46,2.499,2.657,2.616,1.1969,1.1981,1.2031,1.2223
CMP-2026-1936,ISRO-TRAIN-LOT-2026,3,125.0,HEALTHY,0,10.348,10.59,10.933,11.128,2.687,2.724,2.819,2.772,1.2501,1.2402,1.2652,1.2782
CMP-2026-1937,ISRO-TRAIN-LOT-2026,21,125.0,HEALTHY,0,10.035,10.269,10.442,10.957,2.725,2.807,2.843,2.76,1.1546,1.1598,1.1578,1.1848
CMP-2026-1938,ISRO-TRAIN-LOT-2026,10,125.0,HEALTHY,0,9.5,9.845,9.982,10.052,2.335,2.357,2.392,2.545,1.2003,1.202,1.2165,1.226
CMP-2026-1939,ISRO-TRAIN-LOT-2026,13,125.0,HEALTHY,0,9.471,9.697,10.04,10.219,2.233,2.283,2.244,2.293,1.2508,1.2544,1.2524,1.2826
CMP-2026-1940,ISRO-TRAIN-LOT-2026,9,125.0,HEALTHY,0,11.433,11.718,12.285,12.575,2.317,2.377,2.411,2.464,1.2693,1.2655,1.2766,1.3047
CMP-2026-1941,ISRO-TRAIN-LOT-2026,25,125.0,HEALTHY,0,12.405,12.663,12.81,12.683,2.864,2.853,2.968,2.984,1.224,1.2358,1.2299,1.2583
CMP-2026-1942,ISRO-TRAIN-LOT-2026,20,125.0,HEALTHY,0,11.616,11.927,12.042,11.993,3.025,3.092,3.11,3.128,1.1443,1.1428,1.1577,1.1706
CMP-2026-1943,ISRO-TRAIN-LOT-2026,15,125.0,HEALTHY,0,10.403,10.765,11.043,11.231,2.743,2.711,2.774,2.837,1.2473,1.2516,1.2519,1.2687
CMP-2026-1944,ISRO-TRAIN-LOT-2026,19,125.0,HEALTHY,0,13.052,13.113,13.22,13.367,2.72,2.781,2.695,2.782,1.147,1.1455,1.1723,1.185
CMP-2026-1945,ISRO-TRAIN-LOT-2026,9,125.0,HEALTHY,0,8.657,8.913,8.917,9.31,2.095,2.147,2.187,2.135,1.2658,1.2664,1.2755,1.3024
CMP-2026-1946,ISRO-TRAIN-LOT-2026,8,125.0,HEALTHY,0,10.751,11.04,10.891,11.522,2.464,2.546,2.491,2.526,1.0384,1.0418,1.0663,1.0654
CMP-2026-1947,ISRO-TRAIN-LOT-2026,14,125.0,HEALTHY,0,11.675,11.906,12.216,12.085,2.634,2.704,2.707,2.734,1.1792,1.1886,1.1917,1.2107
CMP-2026-1948,ISRO-TRAIN-LOT-2026,24,125.0,HEALTHY,0,9.714,9.797,10.093,10.081,2.23,2.214,2.304,2.295,1.2202,1.2283,1.2434,1.2482
CMP-2026-1949,ISRO-TRAIN-LOT-2026,6,125.0,HEALTHY,0,11.945,12.374,12.768,12.878,2.333,2.449,2.315,2.383,1.1725,1.1771,1.1793,1.2084
CMP-2026-1950,ISRO-TRAIN-LOT-2026,9,125.0,HEALTHY,0,11.133,11.292,11.649,11.232,2.408,2.429,2.521,2.461,1.2315,1.2163,1.2456,1.2646
CMP-2026-1951,ISRO-TRAIN-LOT-2026,11,125.0,HEALTHY,0,11.155,11.601,11.59,11.473,2.431,2.483,2.544,2.533,1.2597,1.2735,1.2593,1.2839
CMP-2026-1952,ISRO-TRAIN-LOT-2026,12,125.0,HEALTHY,0,9.776,9.654,9.865,10.205,2.063,2.101,2.214,2.112,1.0324,1.0389,1.0554,1.0535
CMP-2026-1953,ISRO-TRAIN-LOT-2026,21,125.0,HEALTHY,0,11.18,11.356,12.116,12.202,2.066,2.096,2.214,2.167,1.0671,1.0663,1.0809,1.1082
CMP-2026-1954,ISRO-TRAIN-LOT-2026,24,125.0,HEALTHY,0,11.92,12.23,12.739,13.064,2.412,2.462,2.515,2.471,1.1589,1.1599,1.1836,1.2051
CMP-2026-1955,ISRO-TRAIN-LOT-2026,7,125.0,HEALTHY,0,10.482,10.79,11.475,11.421,2.849,2.844,2.915,3.041,1.2639,1.2638,1.2717,1.2799
CMP-2026-1956,ISRO-TRAIN-LOT-2026,5,125.0,HEALTHY,0,11.037,11.144,11.721,11.887,2.831,2.872,2.867,2.93,1.1875,1.1868,1.1968,1.2148
CMP-2026-1957,ISRO-TRAIN-LOT-2026,8,125.0,HEALTHY,0,8.772,8.797,9.08,9.379,2.791,2.816,2.857,2.95,1.2122,1.2115,1.2316,1.2443
CMP-2026-1958,ISRO-TRAIN-LOT-2026,25,125.0,HEALTHY,0,11.306,11.597,11.813,12.512,2.406,2.431,2.483,2.481,1.2866,1.2891,1.2941,1.3208
CMP-2026-1959,ISRO-TRAIN-LOT-2026,19,125.0,HEALTHY,0,12.037,12.241,12.681,12.858,3.048,3.119,3.072,3.146,1.2406,1.2408,1.2608,1.2631
CMP-2026-1960,ISRO-TRAIN-LOT-2026,6,125.0,HEALTHY,0,11.174,11.498,11.817,11.978,2.744,2.735,2.84,2.989,1.1291,1.1309,1.1289,1.1635
CMP-2026-1961,ISRO-TRAIN-LOT-2026,25,125.0,HEALTHY,0,11.236,11.313,11.71,11.654,2.636,2.679,2.705,2.743,1.2612,1.2564,1.2775,1.2923
CMP-2026-1962,ISRO-TRAIN-LOT-2026,17,125.0,HEALTHY,0,12.726,12.763,13.194,12.952,1.965,2.019,2.1,2.073,1.311,1.3072,1.3324,1.3581
CMP-2026-1963,ISRO-TRAIN-LOT-2026,25,125.0,HEALTHY,0,11.332,11.723,12.091,12.176,2.523,2.498,2.672,2.654,1.2041,1.2094,1.2186,1.2373
CMP-2026-1964,ISRO-TRAIN-LOT-2026,22,125.0,GROSS_OUTLIER,1,77.292,82.517,102.387,122.484,27.59,30.59,35.59,43.59,3.7993,3.9993,4.3993,4.9993
CMP-2026-1965,ISRO-TRAIN-LOT-2026,6,125.0,HEALTHY,0,12.696,12.777,12.981,13.118,2.784,2.87,2.895,2.904,1.2982,1.3045,1.3039,1.3255
CMP-2026-1966,ISRO-TRAIN-LOT-2026,4,125.0,HEALTHY,0,11.571,11.724,12.242,12.423,2.297,2.372,2.422,2.397,1.2205,1.2244,1.235,1.2277
CMP-2026-1967,ISRO-TRAIN-LOT-2026,3,125.0,HEALTHY,0,11.122,11.32,12.036,11.992,2.734,2.778,2.827,2.747,1.3326,1.3365,1.3311,1.3731
CMP-2026-1968,ISRO-TRAIN-LOT-2026,15,125.0,HEALTHY,0,9.652,9.965,10.101,10.422,1.838,1.873,1.916,1.861,1.1464,1.1507,1.1629,1.1616
CMP-2026-1969,ISRO-TRAIN-LOT-2026,10,125.0,HEALTHY,0,11.745,12.025,12.39,12.514,2.594,2.612,2.671,2.798,1.2818,1.2864,1.2896,1.2897
CMP-2026-1970,ISRO-TRAIN-LOT-2026,5,125.0,HEALTHY,0,11.538,11.782,12.268,12.47,2.727,2.754,2.839,2.864,1.2226,1.22,1.2419,1.2454
CMP-2026-1971,ISRO-TRAIN-LOT-2026,21,125.0,HEALTHY,0,10.824,10.913,11.227,11.221,2.238,2.285,2.317,2.3,1.1709,1.1765,1.184,1.182
CMP-2026-1972,ISRO-TRAIN-LOT-2026,17,125.0,HEALTHY,0,12.481,12.631,13.007,12.875,2.266,2.354,2.309,2.379,1.2577,1.2524,1.2765,1.2953
CMP-2026-1973,ISRO-TRAIN-LOT-2026,8,125.0,HEALTHY,0,10.82,11.062,11.559,11.649,3.21,3.175,3.259,3.382,0.9757,0.9752,0.9878,1.0084
CMP-2026-1974,ISRO-TRAIN-LOT-2026,18,125.0,HEALTHY,0,9.986,10.256,10.621,10.414,2.615,2.617,2.675,2.674,1.1543,1.1505,1.167,1.1895
CMP-2026-1975,ISRO-TRAIN-LOT-2026,21,125.0,HEALTHY,0,10.99,11.246,11.542,11.512,2.249,2.281,2.377,2.351,1.3958,1.4028,1.4028,1.4115
CMP-2026-1976,ISRO-TRAIN-LOT-2026,8,125.0,HEALTHY,0,10.326,10.673,11.056,11.186,1.841,1.882,1.856,1.927,1.0621,1.0645,1.0711,1.1082
CMP-2026-1977,ISRO-TRAIN-LOT-2026,21,125.0,HEALTHY,0,10.802,11.03,11.16,11.692,2.444,2.457,2.547,2.533,1.1705,1.1753,1.1864,1.2104
CMP-2026-1978,ISRO-TRAIN-LOT-2026,14,125.0,HEALTHY,0,10.434,10.824,11.16,11.218,2.153,2.201,2.256,2.255,1.2344,1.2298,1.25,1.2684
CMP-2026-1979,ISRO-TRAIN-LOT-2026,20,125.0,HEALTHY,0,9.572,9.823,9.827,9.828,2.459,2.484,2.594,2.563,1.2417,1.2366,1.2521,1.265
CMP-2026-1980,ISRO-TRAIN-LOT-2026,15,125.0,LATENT_PAT_OUTLIER,1,42.258,43.308,45.059,49.183,5.134,5.934,7.134,8.934,1.3281,1.3781,1.4581,1.5781
CMP-2026-1981,ISRO-TRAIN-LOT-2026,23,125.0,HEALTHY,0,12.139,12.348,12.617,12.631,2.449,2.492,2.539,2.464,1.1498,1.1546,1.1596,1.1853
CMP-2026-1982,ISRO-TRAIN-LOT-2026,2,125.0,HEALTHY,0,9.503,9.771,9.728,9.842,2.596,2.598,2.73,2.705,1.286,1.2888,1.3,1.3147
CMP-2026-1983,ISRO-TRAIN-LOT-2026,4,125.0,HEALTHY,0,10.468,10.9,11.392,11.005,2.315,2.378,2.302,2.343,1.3137,1.3121,1.3371,1.3486
CMP-2026-1984,ISRO-TRAIN-LOT-2026,13,125.0,HEALTHY,0,9.953,10.053,10.337,10.471,2.358,2.436,2.42,2.512,1.1671,1.1706,1.1697,1.1876
CMP-2026-1985,ISRO-TRAIN-LOT-2026,18,125.0,HEALTHY,0,10.095,10.492,10.752,10.76,2.279,2.323,2.375,2.387,1.2951,1.2981,1.3073,1.3147
CMP-2026-1986,ISRO-TRAIN-LOT-2026,10,125.0,HEALTHY,0,9.057,9.361,9.595,9.646,2.361,2.424,2.446,2.407,1.1231,1.1185,1.1385,1.1406
CMP-2026-1987,ISRO-TRAIN-LOT-2026,22,125.0,HEALTHY,0,9.957,10.094,10.571,10.666,2.398,2.42,2.483,2.524,1.2315,1.2325,1.2308,1.251
CMP-2026-1988,ISRO-TRAIN-LOT-2026,7,125.0,HEALTHY,0,9.946,10.024,10.604,10.645,2.168,2.188,2.217,2.241,1.3299,1.3364,1.3486,1.3624
CMP-2026-1989,ISRO-TRAIN-LOT-2026,8,125.0,HEALTHY,0,11.171,11.456,11.168,11.231,2.602,2.659,2.665,2.669,1.226,1.2374,1.2313,1.2376
CMP-2026-1990,ISRO-TRAIN-LOT-2026,13,125.0,HEALTHY,0,9.489,9.903,10.347,10.368,2.729,2.742,2.842,2.861,1.136,1.1327,1.1411,1.1714
CMP-2026-1991,ISRO-TRAIN-LOT-2026,14,125.0,HEALTHY,0,8.034,8.263,8.336,8.479,2.511,2.525,2.574,2.575,1.29,1.2943,1.301,1.3192
CMP-2026-1992,ISRO-TRAIN-LOT-2026,3,125.0,HEALTHY,0,10.546,10.801,11.129,11.045,2.423,2.417,2.482,2.566,1.2334,1.2297,1.2523,1.2612
CMP-2026-1993,ISRO-TRAIN-LOT-2026,7,125.0,HEALTHY,0,12.725,13.0,13.476,13.923,2.885,2.912,2.968,3.066,1.3834,1.3878,1.3822,1.4158
CMP-2026-1994,ISRO-TRAIN-LOT-2026,7,125.0,HEALTHY,0,10.882,10.916,11.303,11.233,1.999,2.055,2.038,2.135,1.1907,1.1942,1.1943,1.2208
CMP-2026-1995,ISRO-TRAIN-LOT-2026,25,125.0,HEALTHY,0,9.771,10.175,10.613,10.427,1.882,1.89,2.015,1.938,1.221,1.2327,1.2334,1.2397
CMP-2026-1996,ISRO-TRAIN-LOT-2026,23,125.0,HEALTHY,0,13.382,13.626,13.874,14.078,2.51,2.584,2.59,2.499,1.1588,1.157,1.1724,1.1914
CMP-2026-1997,ISRO-TRAIN-LOT-2026,18,125.0,HEALTHY,0,10.345,10.752,11.18,11.428,2.358,2.408,2.419,2.495,1.1956,1.2059,1.2097,1.2238
CMP-2026-1998,ISRO-TRAIN-LOT-2026,24,125.0,HEALTHY,0,11.549,11.715,11.793,12.095,2.367,2.399,2.491,2.407,1.2905,1.3008,1.3025,1.317
CMP-2026-1999,ISRO-TRAIN-LOT-2026,5,125.0,HEALTHY,0,11.937,12.271,12.728,12.367,2.64,2.627,2.727,2.684,1.2673,1.2623,1.2704,1.29
CMP-2026-2000,ISRO-TRAIN-LOT-2026,11,125.0,HEALTHY,0,10.822,11.005,11.343,11.221,2.619,2.666,2.694,2.672,1.0839,1.0805,1.0864,1.1158
CMP-2026-2001,ISRO-TRAIN-LOT-2026,24,125.0,HEALTHY,0,11.685,11.877,12.078,12.162,2.698,2.732,2.773,2.768,1.2836,1.276,1.2966,1.306
CMP-2026-2002,ISRO-TRAIN-LOT-2026,11,125.0,HEALTHY,0,11.104,11.501,12.01,11.701,2.424,2.452,2.523,2.569,1.0584,1.0607,1.0732,1.0978
CMP-2026-2003,ISRO-TRAIN-LOT-2026,10,125.0,HEALTHY,0,11.413,11.593,11.823,11.955,2.726,2.812,2.86,2.837,1.4341,1.4307,1.4349,1.4663
CMP-2026-2004,ISRO-TRAIN-LOT-2026,18,125.0,HEALTHY,0,10.916,11.362,11.757,11.685,2.519,2.496,2.628,2.619,1.1958,1.195,1.216,1.2208
CMP-2026-2005,ISRO-TRAIN-LOT-2026,25,125.0,HEALTHY,0,10.534,10.937,10.941,11.44,2.643,2.663,2.689,2.742,1.1328,1.1334,1.1433,1.1637
CMP-2026-2006,ISRO-TRAIN-LOT-2026,17,125.0,HEALTHY,0,9.713,9.984,10.307,10.57,2.835,2.87,2.875,2.87,1.0588,1.061,1.0604,1.0917
CMP-2026-2007,ISRO-TRAIN-LOT-2026,8,125.0,HEALTHY,0,10.029,10.305,10.488,10.559,2.701,2.723,2.763,2.798,1.152,1.1566,1.1717,1.1797
CMP-2026-2008,ISRO-TRAIN-LOT-2026,25,125.0,HEALTHY,0,12.363,12.743,13.168,12.857,2.201,2.316,2.339,2.309,1.2048,1.199,1.2067,1.2378
CMP-2026-2009,ISRO-TRAIN-LOT-2026,21,125.0,HEALTHY,0,11.238,11.414,11.727,12.035,2.476,2.537,2.509,2.601,1.27,1.2681,1.2733,1.2961
CMP-2026-2010,ISRO-TRAIN-LOT-2026,18,125.0,HEALTHY,0,10.247,10.706,11.249,11.088,2.05,2.077,2.096,2.227,1.1763,1.175,1.1802,1.205
CMP-2026-2011,ISRO-TRAIN-LOT-2026,18,125.0,HEALTHY,0,9.642,9.859,10.411,10.489,2.105,2.112,2.227,2.222,1.245,1.2523,1.2486,1.2708
CMP-2026-2012,ISRO-TRAIN-LOT-2026,12,125.0,HEALTHY,0,10.04,10.057,10.461,10.726,2.248,2.295,2.346,2.293,1.3083,1.3166,1.3157,1.3149
CMP-2026-2013,ISRO-TRAIN-LOT-2026,25,125.0,HEALTHY,0,12.158,12.68,13.043,13.058,2.969,2.985,3.068,3.048,1.3074,1.3097,1.3158,1.3267
CMP-2026-2014,ISRO-TRAIN-LOT-2026,8,125.0,HEALTHY,0,9.822,9.874,10.365,10.489,2.131,2.132,2.211,2.175,1.1767,1.1753,1.1812,1.1935
CMP-2026-2015,ISRO-TRAIN-LOT-2026,10,125.0,HEALTHY,0,10.892,11.376,11.504,12.109,2.247,2.318,2.325,2.268,1.0718,1.0735,1.0791,1.1124
CMP-2026-2016,ISRO-TRAIN-LOT-2026,17,125.0,HEALTHY,0,10.614,10.919,10.812,11.283,2.284,2.291,2.414,2.442,1.2187,1.222,1.2293,1.2466
CMP-2026-2017,ISRO-TRAIN-LOT-2026,11,125.0,HEALTHY,0,9.682,9.795,10.234,10.158,2.579,2.592,2.654,2.677,1.1454,1.145,1.1501,1.1706
CMP-2026-2018,ISRO-TRAIN-LOT-2026,12,125.0,HEALTHY,0,10.788,11.104,11.053,10.925,2.446,2.454,2.509,2.596,1.176,1.1824,1.182,1.2114
CMP-2026-2019,ISRO-TRAIN-LOT-2026,22,125.0,HEALTHY,0,11.204,11.32,11.574,11.466,2.435,2.433,2.556,2.604,1.1433,1.1482,1.1427,1.1535
CMP-2026-2020,ISRO-TRAIN-LOT-2026,11,125.0,HEALTHY,0,10.226,10.511,10.574,11.164,2.712,2.76,2.761,2.832,1.0782,1.0854,1.087,1.1016
CMP-2026-2021,ISRO-TRAIN-LOT-2026,7,125.0,LATENT_PAT_OUTLIER,1,40.399,42.44,44.618,47.485,7.424,8.224,9.424,11.224,1.3197,1.3697,1.4497,1.5697
CMP-2026-2022,ISRO-TRAIN-LOT-2026,22,125.0,HEALTHY,0,11.005,11.299,11.525,11.724,2.16,2.202,2.239,2.264,1.2352,1.237,1.2466,1.2623
CMP-2026-2023,ISRO-TRAIN-LOT-2026,14,125.0,HEALTHY,0,13.093,13.481,13.36,13.792,2.646,2.654,2.689,2.866,1.2393,1.2431,1.2635,1.2843
CMP-2026-2024,ISRO-TRAIN-LOT-2026,21,125.0,HEALTHY,0,10.889,11.323,11.721,12.036,2.45,2.46,2.549,2.621,1.0765,1.0783,1.0822,1.1109
CMP-2026-2025,ISRO-TRAIN-LOT-2026,14,125.0,HEALTHY,0,10.802,11.216,11.613,11.166,1.965,1.991,2.024,2.121,1.1356,1.1325,1.1483,1.1783
CMP-2026-2026,ISRO-TRAIN-LOT-2026,5,125.0,HEALTHY,0,11.656,11.706,11.901,12.236,2.136,2.195,2.221,2.199,1.0606,1.0574,1.0713,1.102
CMP-2026-2027,ISRO-TRAIN-LOT-2026,25,125.0,HEALTHY,0,11.685,11.891,12.196,12.279,2.543,2.499,2.571,2.585,1.0957,1.0943,1.1167,1.1407
CMP-2026-2028,ISRO-TRAIN-LOT-2026,8,125.0,HEALTHY,0,10.219,10.463,11.04,11.346,2.234,2.284,2.311,2.28,1.1241,1.1316,1.1459,1.1579
CMP-2026-2029,ISRO-TRAIN-LOT-2026,15,125.0,HEALTHY,0,10.484,10.688,10.865,10.702,2.151,2.195,2.264,2.317,1.2701,1.2685,1.2779,1.285
CMP-2026-2030,ISRO-TRAIN-LOT-2026,12,125.0,HEALTHY,0,11.128,11.288,11.498,11.222,2.409,2.483,2.509,2.521,1.2443,1.2385,1.2556,1.2711
CMP-2026-2031,ISRO-TRAIN-LOT-2026,14,125.0,HEALTHY,0,9.521,9.683,9.88,10.226,2.265,2.317,2.324,2.447,1.1811,1.1869,1.1907,1.2091
CMP-2026-2032,ISRO-TRAIN-LOT-2026,6,125.0,HEALTHY,0,9.393,9.608,10.304,10.445,2.078,2.062,2.209,2.191,1.1645,1.1666,1.1807,1.1977
CMP-2026-2033,ISRO-TRAIN-LOT-2026,12,125.0,HEALTHY,0,10.851,11.172,11.287,11.623,2.189,2.195,2.229,2.289,1.2274,1.2286,1.234,1.2486
CMP-2026-2034,ISRO-TRAIN-LOT-2026,17,125.0,HEALTHY,0,9.786,10.005,10.173,10.213,2.813,2.895,2.935,2.913,1.0993,1.0946,1.1015,1.111
CMP-2026-2035,ISRO-TRAIN-LOT-2026,19,125.0,HEALTHY,0,8.386,8.565,8.742,8.893,2.851,2.875,2.933,2.934,1.2267,1.2314,1.2315,1.2469
CMP-2026-2036,ISRO-TRAIN-LOT-2026,1,125.0,HEALTHY,0,10.721,10.877,11.104,11.376,2.372,2.478,2.474,2.471,1.3552,1.3511,1.3832,1.3792
CMP-2026-2037,ISRO-TRAIN-LOT-2026,19,125.0,HEALTHY,0,12.075,12.574,12.892,13.014,2.426,2.453,2.538,2.488,1.2885,1.2826,1.2873,1.3297
CMP-2026-2038,ISRO-TRAIN-LOT-2026,20,125.0,HEALTHY,0,9.777,10.138,10.397,10.293,2.576,2.608,2.667,2.655,1.2198,1.2175,1.2313,1.2424
CMP-2026-2039,ISRO-TRAIN-LOT-2026,12,125.0,HEALTHY,0,9.836,10.1,10.236,10.609,2.183,2.212,2.275,2.223,1.1969,1.2019,1.2121,1.2349
CMP-2026-2040,ISRO-TRAIN-LOT-2026,1,125.0,HEALTHY,0,9.006,9.427,9.645,10.185,2.298,2.282,2.362,2.474,1.3505,1.3487,1.3709,1.3857
CMP-2026-2041,ISRO-TRAIN-LOT-2026,13,125.0,HEALTHY,0,11.697,11.76,12.3,12.36,3.189,3.199,3.255,3.351,1.2113,1.2167,1.2095,1.2546
CMP-2026-2042,ISRO-TRAIN-LOT-2026,17,125.0,HEALTHY,0,11.788,11.948,12.663,12.584,2.275,2.345,2.3,2.363,1.0216,1.0225,1.0357,1.0541
CMP-2026-2043,ISRO-TRAIN-LOT-2026,20,125.0,HEALTHY,0,10.456,10.661,10.966,11.289,1.782,1.857,1.923,1.817,1.152,1.1605,1.1574,1.1855
CMP-2026-2044,ISRO-TRAIN-LOT-2026,16,125.0,HEALTHY,0,8.593,8.623,8.819,9.082,2.613,2.601,2.687,2.667,1.3127,1.3121,1.3239,1.3594
CMP-2026-2045,ISRO-TRAIN-LOT-2026,21,125.0,HEALTHY,0,10.53,10.813,11.341,11.217,2.335,2.318,2.337,2.441,1.2148,1.2177,1.2174,1.2403
CMP-2026-2046,ISRO-TRAIN-LOT-2026,15,125.0,HEALTHY,0,13.324,13.728,13.943,13.92,2.661,2.666,2.674,2.75,1.184,1.1868,1.206,1.2201
CMP-2026-2047,ISRO-TRAIN-LOT-2026,5,125.0,LATENT_DRIFT,1,11.421,15.565,35.785,65.935,2.798,3.198,5.298,11.798,1.1509,1.2309,1.4809,2.0309
CMP-2026-2048,ISRO-TRAIN-LOT-2026,20,125.0,HEALTHY,0,11.234,11.412,11.888,11.834,2.555,2.538,2.699,2.605,1.281,1.2772,1.3054,1.3134
CMP-2026-2049,ISRO-TRAIN-LOT-2026,7,125.0,HEALTHY,0,11.517,11.689,11.922,12.304,2.533,2.561,2.631,2.623,1.158,1.1644,1.1761,1.1703
CMP-2026-2050,ISRO-TRAIN-LOT-2026,8,125.0,HEALTHY,0,10.181,10.42,10.967,10.985,1.753,1.815,1.81,1.806,1.2656,1.2651,1.2786,1.2927
CMP-2026-2051,ISRO-TRAIN-LOT-2026,3,125.0,HEALTHY,0,9.256,9.5,9.934,10.213,2.192,2.248,2.249,2.406,1.2884,1.2891,1.3171,1.3092
CMP-2026-2052,ISRO-TRAIN-LOT-2026,6,125.0,LATENT_DRIFT,1,10.852,19.36,56.894,112.495,2.621,3.021,5.121,11.621,1.1863,1.2663,1.5163,2.0663
CMP-2026-2053,ISRO-TRAIN-LOT-2026,9,125.0,HEALTHY,0,9.768,9.949,10.178,10.521,2.793,2.856,2.908,2.933,1.1287,1.1278,1.1355,1.1583
CMP-2026-2054,ISRO-TRAIN-LOT-2026,5,125.0,HEALTHY,0,9.458,9.725,10.316,10.291,2.951,2.993,3.064,3.116,1.196,1.2015,1.213,1.2202
CMP-2026-2055,ISRO-TRAIN-LOT-2026,18,125.0,HEALTHY,0,11.864,12.09,12.215,11.999,2.661,2.696,2.772,2.692,1.2043,1.196,1.2135,1.2473
CMP-2026-2056,ISRO-TRAIN-LOT-2026,4,125.0,HEALTHY,0,9.244,9.496,9.707,10.128,2.011,1.998,2.082,2.078,1.2255,1.2158,1.2324,1.2557
CMP-2026-2057,ISRO-TRAIN-LOT-2026,25,125.0,LATENT_DRIFT,1,12.061,19.272,51.582,98.149,3.248,3.648,5.748,12.248,1.2965,1.3765,1.6265,2.1765
CMP-2026-2058,ISRO-TRAIN-LOT-2026,3,125.0,HEALTHY,0,12.909,13.103,13.607,14.016,2.25,2.29,2.325,2.354,1.3278,1.3293,1.3397,1.3391
CMP-2026-2059,ISRO-TRAIN-LOT-2026,8,125.0,HEALTHY,0,11.097,11.32,11.753,11.898,2.067,2.114,2.175,2.161,1.2304,1.2286,1.24,1.2437
CMP-2026-2060,ISRO-TRAIN-LOT-2026,1,125.0,HEALTHY,0,9.788,9.857,10.396,10.512,2.697,2.71,2.668,2.834,1.1033,1.1044,1.1091,1.1256
CMP-2026-2061,ISRO-TRAIN-LOT-2026,13,125.0,HEALTHY,0,8.631,8.969,9.296,9.627,2.91,2.972,2.942,2.923,1.1679,1.1758,1.1822,1.2024
CMP-2026-2062,ISRO-TRAIN-LOT-2026,15,125.0,HEALTHY,0,8.8,8.911,8.826,9.16,2.0,2.059,2.095,2.043,1.245,1.2468,1.2562,1.2869
CMP-2026-2063,ISRO-TRAIN-LOT-2026,7,125.0,HEALTHY,0,8.273,8.563,8.931,9.293,2.754,2.797,2.861,2.808,1.292,1.2893,1.3021,1.3155
CMP-2026-2064,ISRO-TRAIN-LOT-2026,15,125.0,HEALTHY,0,12.097,12.256,12.892,12.898,2.748,2.799,2.842,2.823,1.2301,1.2299,1.2515,1.2575
CMP-2026-2065,ISRO-TRAIN-LOT-2026,13,125.0,HEALTHY,0,10.253,10.516,11.104,11.228,2.8,2.865,2.873,2.919,1.211,1.2142,1.2095,1.24
CMP-2026-2066,ISRO-TRAIN-LOT-2026,23,125.0,HEALTHY,0,11.776,11.962,12.211,12.568,2.536,2.563,2.543,2.656,1.2478,1.2468,1.264,1.2769
CMP-2026-2067,ISRO-TRAIN-LOT-2026,18,125.0,HEALTHY,0,11.735,11.917,11.89,12.256,2.15,2.202,2.298,2.237,1.1779,1.1875,1.1815,1.217
CMP-2026-2068,ISRO-TRAIN-LOT-2026,19,125.0,HEALTHY,0,11.618,11.759,11.806,12.461,2.919,2.939,3.049,2.959,1.1105,1.1135,1.1191,1.1361
CMP-2026-2069,ISRO-TRAIN-LOT-2026,25,125.0,HEALTHY,0,8.985,9.018,9.714,9.575,2.734,2.762,2.834,2.83,1.0136,1.0075,1.0126,1.0293
CMP-2026-2070,ISRO-TRAIN-LOT-2026,1,125.0,HEALTHY,0,10.671,10.828,11.331,11.301,2.861,2.885,2.891,2.917,1.2415,1.2509,1.2495,1.2612
CMP-2026-2071,ISRO-TRAIN-LOT-2026,25,125.0,HEALTHY,0,10.383,10.679,10.984,11.037,2.367,2.415,2.439,2.513,1.146,1.1543,1.17,1.1872
CMP-2026-2072,ISRO-TRAIN-LOT-2026,5,125.0,HEALTHY,0,10.739,10.924,11.288,11.375,2.638,2.682,2.715,2.848,1.1916,1.1939,1.2013,1.2267
CMP-2026-2073,ISRO-TRAIN-LOT-2026,22,125.0,HEALTHY,0,10.836,11.053,11.4,11.276,2.278,2.348,2.375,2.36,1.1564,1.1556,1.1652,1.1777
CMP-2026-2074,ISRO-TRAIN-LOT-2026,7,125.0,HEALTHY,0,9.048,9.169,9.352,9.164,2.584,2.608,2.683,2.656,1.2608,1.2606,1.2678,1.3011
CMP-2026-2075,ISRO-TRAIN-LOT-2026,11,125.0,HEALTHY,0,12.552,12.745,12.692,13.085,2.791,2.848,2.882,2.855,1.2378,1.249,1.2382,1.2427
CMP-2026-2076,ISRO-TRAIN-LOT-2026,4,125.0,HEALTHY,0,10.9,11.071,11.374,11.421,2.5,2.532,2.582,2.605,1.2653,1.2761,1.2773,1.2861
CMP-2026-2077,ISRO-TRAIN-LOT-2026,25,125.0,HEALTHY,0,10.531,10.78,10.823,11.002,2.444,2.463,2.493,2.592,1.1382,1.144,1.143,1.1622
CMP-2026-2078,ISRO-TRAIN-LOT-2026,4,125.0,HEALTHY,0,9.662,9.903,9.913,10.232,2.386,2.405,2.477,2.414,1.1535,1.1606,1.161,1.1783
CMP-2026-2079,ISRO-TRAIN-LOT-2026,1,125.0,HEALTHY,0,8.991,9.359,9.17,9.795,2.514,2.533,2.67,2.676,1.1677,1.1664,1.1853,1.1805
CMP-2026-2080,ISRO-TRAIN-LOT-2026,4,125.0,HEALTHY,0,10.66,10.865,10.87,10.96,2.116,2.149,2.153,2.227,1.1971,1.1868,1.2072,1.2263
CMP-2026-2081,ISRO-TRAIN-LOT-2026,16,125.0,LATENT_DRIFT,1,12.527,20.223,54.679,104.99,2.751,3.151,5.251,11.751,1.0603,1.1403,1.3903,1.9403
CMP-2026-2082,ISRO-TRAIN-LOT-2026,16,125.0,HEALTHY,0,9.019,9.254,9.77,10.138,2.771,2.771,2.867,2.777,1.0409,1.0372,1.0524,1.0689
CMP-2026-2083,ISRO-TRAIN-LOT-2026,9,125.0,HEALTHY,0,9.398,9.793,10.065,10.289,2.8,2.825,2.953,2.908,1.1252,1.1282,1.1315,1.1438
CMP-2026-2084,ISRO-TRAIN-LOT-2026,5,125.0,HEALTHY,0,10.838,11.06,11.564,11.819,2.619,2.624,2.741,2.601,1.1959,1.189,1.1998,1.221
CMP-2026-2085,ISRO-TRAIN-LOT-2026,17,125.0,HEALTHY,0,10.095,10.487,10.867,10.803,2.36,2.405,2.428,2.454,1.3786,1.3735,1.3803,1.3919
CMP-2026-2086,ISRO-TRAIN-LOT-2026,20,125.0,HEALTHY,0,10.201,10.662,10.939,11.66,2.463,2.577,2.547,2.573,1.1637,1.1693,1.1654,1.2083
CMP-2026-2087,ISRO-TRAIN-LOT-2026,18,125.0,HEALTHY,0,10.418,10.626,10.978,10.618,2.383,2.454,2.506,2.467,1.1735,1.1609,1.1924,1.2075
CMP-2026-2088,ISRO-TRAIN-LOT-2026,20,125.0,LATENT_DRIFT,1,12.982,20.887,56.851,109.953,2.273,2.673,4.773,11.273,1.2423,1.3223,1.5723,2.1223
CMP-2026-2089,ISRO-TRAIN-LOT-2026,12,125.0,HEALTHY,0,12.161,12.323,12.448,12.459,2.315,2.35,2.353,2.408,1.1058,1.1127,1.1231,1.1228
CMP-2026-2090,ISRO-TRAIN-LOT-2026,13,125.0,HEALTHY,0,9.442,9.769,10.032,10.282,2.782,2.806,2.854,2.867,1.1478,1.1526,1.1559,1.1733
CMP-2026-2091,ISRO-TRAIN-LOT-2026,7,125.0,HEALTHY,0,9.202,9.485,9.611,9.993,2.611,2.659,2.733,2.732,1.1382,1.1468,1.1496,1.1864
CMP-2026-2092,ISRO-TRAIN-LOT-2026,19,125.0,LATENT_DRIFT,1,12.198,20.805,58.731,112.926,2.87,3.27,5.37,11.87,1.3075,1.3875,1.6375,2.1875
CMP-2026-2093,ISRO-TRAIN-LOT-2026,3,125.0,HEALTHY,0,10.321,10.293,10.554,10.649,2.473,2.521,2.537,2.501,1.1385,1.1326,1.1413,1.1821
CMP-2026-2094,ISRO-TRAIN-LOT-2026,8,125.0,HEALTHY,0,11.325,11.637,11.549,11.755,2.782,2.799,2.832,2.827,1.3093,1.3068,1.3244,1.3546
CMP-2026-2095,ISRO-TRAIN-LOT-2026,8,125.0,HEALTHY,0,9.731,10.004,10.47,10.45,2.885,2.93,2.942,3.062,1.2642,1.2637,1.2763,1.2983
CMP-2026-2096,ISRO-TRAIN-LOT-2026,1,125.0,HEALTHY,0,12.478,12.863,12.924,12.859,2.079,2.058,2.1,2.16,1.223,1.2278,1.2217,1.2616
CMP-2026-2097,ISRO-TRAIN-LOT-2026,23,125.0,HEALTHY,0,11.076,11.393,11.776,11.853,2.843,2.924,2.898,2.901,1.2361,1.2447,1.2569,1.2764
CMP-2026-2098,ISRO-TRAIN-LOT-2026,8,125.0,HEALTHY,0,9.292,9.672,10.053,10.13,2.417,2.42,2.57,2.428,1.2624,1.2558,1.2707,1.297
CMP-2026-2099,ISRO-TRAIN-LOT-2026,15,125.0,HEALTHY,0,10.596,10.727,10.981,11.101,2.637,2.657,2.676,2.741,1.2189,1.2266,1.2396,1.2492
CMP-2026-2100,ISRO-TRAIN-LOT-2026,16,125.0,HEALTHY,0,9.66,9.984,10.126,10.746,2.428,2.385,2.574,2.514,1.1367,1.138,1.1389,1.1629
CMP-2026-2101,ISRO-TRAIN-LOT-2026,11,125.0,HEALTHY,0,9.022,9.483,9.654,10.298,2.397,2.472,2.488,2.431,1.1513,1.1636,1.1692,1.1782
CMP-2026-2102,ISRO-TRAIN-LOT-2026,24,125.0,HEALTHY,0,11.773,12.164,12.569,12.765,2.002,2.046,2.219,2.089,1.1385,1.1543,1.1335,1.162
CMP-2026-2103,ISRO-TRAIN-LOT-2026,11,125.0,LATENT_DRIFT,1,11.358,17.89,47.773,89.788,2.184,2.584,4.684,11.184,1.221,1.301,1.551,2.101
CMP-2026-2104,ISRO-TRAIN-LOT-2026,17,125.0,HEALTHY,0,10.28,10.42,10.845,10.792,2.035,2.103,2.03,2.143,1.1557,1.1544,1.1624,1.1805
CMP-2026-2105,ISRO-TRAIN-LOT-2026,5,125.0,HEALTHY,0,9.179,9.374,9.566,9.547,2.928,2.929,3.014,3.09,1.2994,1.3027,1.3212,1.3039
CMP-2026-2106,ISRO-TRAIN-LOT-2026,3,125.0,HEALTHY,0,12.236,12.677,12.875,12.926,2.258,2.324,2.284,2.33,1.1347,1.1461,1.1437,1.1721
CMP-2026-2107,ISRO-TRAIN-LOT-2026,12,125.0,HEALTHY,0,11.01,11.278,11.617,11.457,2.881,2.88,3.004,3.01,1.2564,1.2613,1.2564,1.2996
CMP-2026-2108,ISRO-TRAIN-LOT-2026,21,125.0,HEALTHY,0,11.999,12.131,12.417,12.279,2.756,2.747,2.879,2.872,1.1033,1.1037,1.1087,1.1306
CMP-2026-2109,ISRO-TRAIN-LOT-2026,21,125.0,HEALTHY,0,11.517,11.705,11.957,12.27,2.536,2.605,2.603,2.719,1.1705,1.1844,1.1834,1.2013
CMP-2026-2110,ISRO-TRAIN-LOT-2026,11,125.0,GROSS_OUTLIER,1,64.012,72.582,83.012,95.345,18.965,21.965,26.965,34.965,2.9482,3.1482,3.5482,4.1482
CMP-2026-2111,ISRO-TRAIN-LOT-2026,25,125.0,HEALTHY,0,10.042,10.312,10.499,10.59,2.175,2.201,2.232,2.253,1.2509,1.2561,1.2604,1.2769
CMP-2026-2112,ISRO-TRAIN-LOT-2026,16,125.0,HEALTHY,0,11.155,11.315,11.546,11.546,2.88,2.919,2.933,3.022,1.2217,1.2264,1.2424,1.2546
CMP-2026-2113,ISRO-TRAIN-LOT-2026,10,125.0,HEALTHY,0,10.11,10.385,11.135,11.309,2.568,2.617,2.662,2.68,1.0638,1.076,1.0734,1.0957
CMP-2026-2114,ISRO-TRAIN-LOT-2026,15,125.0,LATENT_DRIFT,1,10.746,18.049,51.221,100.805,1.8,2.2,4.3,10.8,1.2513,1.3313,1.5813,2.1313
CMP-2026-2115,ISRO-TRAIN-LOT-2026,18,125.0,HEALTHY,0,11.494,11.99,12.214,12.471,2.711,2.747,2.785,2.782,1.1951,1.1981,1.2135,1.2225
CMP-2026-2116,ISRO-TRAIN-LOT-2026,3,125.0,HEALTHY,0,10.919,11.077,11.257,11.039,2.585,2.624,2.63,2.717,1.2155,1.2257,1.2199,1.2422
CMP-2026-2117,ISRO-TRAIN-LOT-2026,10,125.0,HEALTHY,0,10.561,10.668,11.193,10.938,2.618,2.605,2.684,2.72,1.153,1.1499,1.1707,1.2025
CMP-2026-2118,ISRO-TRAIN-LOT-2026,22,125.0,HEALTHY,0,12.055,12.321,12.449,12.488,2.802,2.845,2.854,2.928,1.0878,1.0857,1.0995,1.1255
CMP-2026-2119,ISRO-TRAIN-LOT-2026,25,125.0,HEALTHY,0,12.468,12.418,12.735,13.035,2.361,2.436,2.392,2.398,1.1742,1.1664,1.1765,1.1889
CMP-2026-2120,ISRO-TRAIN-LOT-2026,23,125.0,HEALTHY,0,10.967,11.253,11.665,12.027,2.68,2.701,2.824,2.796,1.2967,1.3033,1.3171,1.3271
CMP-2026-2121,ISRO-TRAIN-LOT-2026,7,125.0,HEALTHY,0,10.433,10.805,11.025,11.502,2.245,2.342,2.28,2.319,1.2099,1.2041,1.2259,1.2631
CMP-2026-2122,ISRO-TRAIN-LOT-2026,3,125.0,HEALTHY,0,10.672,10.708,10.754,11.066,2.887,2.958,2.947,2.973,1.0825,1.0862,1.0825,1.1258
CMP-2026-2123,ISRO-TRAIN-LOT-2026,23,125.0,HEALTHY,0,11.34,11.595,11.844,12.052,2.672,2.7,2.799,2.679,1.1548,1.1545,1.1606,1.1713
CMP-2026-2124,ISRO-TRAIN-LOT-2026,21,125.0,HEALTHY,0,10.505,10.758,10.85,11.273,2.618,2.6,2.701,2.726,1.1853,1.1916,1.2102,1.2229
CMP-2026-2125,ISRO-TRAIN-LOT-2026,3,125.0,HEALTHY,0,9.202,9.251,9.5,9.7,2.324,2.365,2.402,2.319,1.3666,1.3697,1.3939,1.3839
CMP-2026-2126,ISRO-TRAIN-LOT-2026,19,125.0,HEALTHY,0,10.599,10.755,11.013,11.131,3.073,3.101,3.173,3.178,1.0812,1.0786,1.1004,1.1049
CMP-2026-2127,ISRO-TRAIN-LOT-2026,18,125.0,HEALTHY,0,8.781,9.181,9.34,9.576,2.503,2.514,2.534,2.574,1.2608,1.2547,1.2678,1.2974
CMP-2026-2128,ISRO-TRAIN-LOT-2026,3,125.0,HEALTHY,0,9.634,9.805,9.937,10.303,1.993,2.016,2.073,2.127,1.1491,1.1495,1.1684,1.1817
CMP-2026-2129,ISRO-TRAIN-LOT-2026,20,125.0,HEALTHY,0,10.131,10.383,10.435,10.699,2.807,2.85,2.884,2.831,1.2238,1.2265,1.232,1.2463
CMP-2026-2130,ISRO-TRAIN-LOT-2026,22,125.0,GROSS_OUTLIER,1,61.117,64.275,75.357,103.671,17.416,20.416,25.416,33.416,2.9643,3.1643,3.5643,4.1643
CMP-2026-2131,ISRO-TRAIN-LOT-2026,19,125.0,HEALTHY,0,10.347,10.474,10.654,10.864,2.413,2.456,2.482,2.515,1.1543,1.1575,1.1645,1.1766
CMP-2026-2132,ISRO-TRAIN-LOT-2026,4,125.0,HEALTHY,0,9.341,9.718,9.802,10.046,2.539,2.561,2.635,2.601,1.1788,1.1972,1.1809,1.2115
CMP-2026-2133,ISRO-TRAIN-LOT-2026,21,125.0,HEALTHY,0,10.448,10.666,11.014,11.494,2.525,2.565,2.589,2.565,1.2423,1.2418,1.2555,1.2664
CMP-2026-2134,ISRO-TRAIN-LOT-2026,25,125.0,HEALTHY,0,12.545,12.653,13.018,12.938,2.174,2.196,2.226,2.24,1.1803,1.1812,1.1926,1.2174
CMP-2026-2135,ISRO-TRAIN-LOT-2026,6,125.0,HEALTHY,0,9.621,9.754,10.13,10.238,2.433,2.496,2.528,2.473,1.1368,1.1383,1.1445,1.1833
CMP-2026-2136,ISRO-TRAIN-LOT-2026,11,125.0,HEALTHY,0,10.694,10.902,11.024,11.276,3.116,3.14,3.132,3.186,0.9814,0.9751,0.995,0.9963
CMP-2026-2137,ISRO-TRAIN-LOT-2026,19,125.0,HEALTHY,0,10.574,10.905,11.155,11.822,1.964,1.898,2.011,2.122,1.2404,1.2407,1.2557,1.2706
CMP-2026-2138,ISRO-TRAIN-LOT-2026,12,125.0,HEALTHY,0,9.999,10.196,10.129,10.504,2.292,2.294,2.338,2.371,1.169,1.1666,1.192,1.2087
CMP-2026-2139,ISRO-TRAIN-LOT-2026,23,125.0,HEALTHY,0,10.621,10.748,10.689,11.143,2.344,2.362,2.455,2.457,1.1271,1.1263,1.1377,1.1625
CMP-2026-2140,ISRO-TRAIN-LOT-2026,10,125.0,HEALTHY,0,11.324,11.505,11.96,11.983,2.074,2.053,2.072,2.127,1.1725,1.1662,1.1811,1.2133
CMP-2026-2141,ISRO-TRAIN-LOT-2026,3,125.0,HEALTHY,0,9.813,10.279,10.163,10.514,3.012,3.009,3.058,3.11,1.2446,1.2403,1.2434,1.2754
CMP-2026-2142,ISRO-TRAIN-LOT-2026,17,125.0,HEALTHY,0,11.582,12.125,11.979,12.169,3.063,3.099,3.216,3.236,1.129,1.1292,1.1487,1.1706
CMP-2026-2143,ISRO-TRAIN-LOT-2026,22,125.0,HEALTHY,0,8.762,9.027,9.455,9.747,2.488,2.53,2.609,2.587,1.2323,1.236,1.2528,1.2722
CMP-2026-2144,ISRO-TRAIN-LOT-2026,9,125.0,HEALTHY,0,10.407,10.631,10.76,11.11,2.537,2.541,2.625,2.675,1.2349,1.2435,1.2546,1.2704
CMP-2026-2145,ISRO-TRAIN-LOT-2026,10,125.0,HEALTHY,0,11.555,11.897,12.218,12.433,2.814,2.859,2.951,2.996,1.2216,1.2157,1.2452,1.2586
CMP-2026-2146,ISRO-TRAIN-LOT-2026,1,125.0,HEALTHY,0,7.907,8.292,8.421,8.54,2.525,2.542,2.537,2.556,1.1568,1.1567,1.175,1.2033
CMP-2026-2147,ISRO-TRAIN-LOT-2026,15,125.0,HEALTHY,0,10.747,11.074,10.996,11.377,2.547,2.521,2.683,2.593,1.2084,1.2074,1.2207,1.2425
CMP-2026-2148,ISRO-TRAIN-LOT-2026,9,125.0,HEALTHY,0,10.12,10.275,10.41,10.714,2.799,2.862,2.826,2.922,1.1798,1.1811,1.196,1.2023
CMP-2026-2149,ISRO-TRAIN-LOT-2026,20,125.0,HEALTHY,0,11.32,11.435,11.856,11.825,2.446,2.454,2.546,2.65,1.1731,1.1749,1.1871,1.2067
CMP-2026-2150,ISRO-TRAIN-LOT-2026,16,125.0,LATENT_DRIFT,1,12.316,18.169,43.497,79.913,2.375,2.775,4.875,11.375,1.2482,1.3282,1.5782,2.1282
CMP-2026-2151,ISRO-TRAIN-LOT-2026,5,125.0,HEALTHY,0,11.624,12.062,12.54,12.774,2.752,2.816,2.791,2.842,1.2967,1.3033,1.3138,1.3095
CMP-2026-2152,ISRO-TRAIN-LOT-2026,5,125.0,LATENT_PAT_OUTLIER,1,41.976,43.941,45.493,47.846,5.514,6.314,7.514,9.314,1.4993,1.5493,1.6293,1.7493
CMP-2026-2153,ISRO-TRAIN-LOT-2026,16,125.0,HEALTHY,0,10.919,11.171,11.464,11.551,2.183,2.216,2.247,2.303,1.0724,1.0743,1.0714,1.1282
CMP-2026-2154,ISRO-TRAIN-LOT-2026,3,125.0,HEALTHY,0,10.477,10.874,11.462,11.333,3.157,3.143,3.272,3.311,1.1098,1.1107,1.1332,1.1553
CMP-2026-2155,ISRO-TRAIN-LOT-2026,21,125.0,HEALTHY,0,10.585,10.815,11.123,11.513,2.555,2.555,2.628,2.651,1.162,1.1632,1.1659,1.2048
CMP-2026-2156,ISRO-TRAIN-LOT-2026,11,125.0,GROSS_OUTLIER,1,67.162,69.408,85.679,113.55,30.369,33.369,38.369,46.369,2.8302,3.0302,3.4302,4.0302
CMP-2026-2157,ISRO-TRAIN-LOT-2026,3,125.0,LATENT_PAT_OUTLIER,1,39.197,41.001,43.076,46.845,8.666,9.466,10.666,12.466,1.4801,1.5301,1.6101,1.7301
CMP-2026-2158,ISRO-TRAIN-LOT-2026,11,125.0,GROSS_OUTLIER,1,55.634,63.145,68.3,88.467,21.265,24.265,29.265,37.265,3.3175,3.5175,3.9175,4.5175
CMP-2026-2159,ISRO-TRAIN-LOT-2026,22,125.0,HEALTHY,0,11.449,11.783,12.078,12.1,2.457,2.478,2.493,2.602,1.1269,1.1346,1.1298,1.1514
CMP-2026-2160,ISRO-TRAIN-LOT-2026,18,125.0,HEALTHY,0,10.049,10.207,10.253,10.49,2.745,2.745,2.793,2.832,1.306,1.3052,1.3211,1.324
CMP-2026-2161,ISRO-TRAIN-LOT-2026,9,125.0,HEALTHY,0,11.106,11.312,11.394,11.999,2.905,2.916,3.007,3.003,1.2588,1.2569,1.2696,1.3131
CMP-2026-2162,ISRO-TRAIN-LOT-2026,5,125.0,GROSS_OUTLIER,1,74.637,81.737,97.819,119.376,18.72,21.72,26.72,34.72,3.9218,4.1218,4.5218,5.1218
CMP-2026-2163,ISRO-TRAIN-LOT-2026,15,125.0,HEALTHY,0,9.153,9.325,9.36,9.766,2.544,2.576,2.597,2.751,1.2157,1.2182,1.2331,1.2467
CMP-2026-2164,ISRO-TRAIN-LOT-2026,20,125.0,HEALTHY,0,11.919,12.367,12.645,12.719,2.869,2.859,2.927,3.053,1.4213,1.43,1.4493,1.4426
CMP-2026-2165,ISRO-TRAIN-LOT-2026,14,125.0,HEALTHY,0,10.791,11.186,11.673,11.572,2.496,2.553,2.576,2.544,1.3109,1.3128,1.3109,1.3501
CMP-2026-2166,ISRO-TRAIN-LOT-2026,4,125.0,HEALTHY,0,11.222,11.528,11.833,11.901,2.506,2.586,2.617,2.612,1.0211,1.0224,1.0306,1.06
CMP-2026-2167,ISRO-TRAIN-LOT-2026,15,125.0,HEALTHY,0,10.724,11.212,11.456,11.595,2.65,2.702,2.705,2.831,1.2068,1.2071,1.2161,1.2369
CMP-2026-2168,ISRO-TRAIN-LOT-2026,7,125.0,HEALTHY,0,9.589,9.79,9.917,9.824,2.268,2.286,2.383,2.349,1.2296,1.2302,1.2468,1.235
CMP-2026-2169,ISRO-TRAIN-LOT-2026,12,125.0,GROSS_OUTLIER,1,75.716,82.751,95.892,111.908,23.108,26.108,31.108,39.108,3.2162,3.4162,3.8162,4.4162
CMP-2026-2170,ISRO-TRAIN-LOT-2026,13,125.0,HEALTHY,0,9.039,9.128,9.376,9.438,2.06,2.033,2.129,2.184,1.2432,1.2449,1.2572,1.294
CMP-2026-2171,ISRO-TRAIN-LOT-2026,25,125.0,HEALTHY,0,10.894,10.956,11.398,11.2,2.842,2.872,2.898,2.957,1.202,1.2045,1.2121,1.2385
CMP-2026-2172,ISRO-TRAIN-LOT-2026,10,125.0,HEALTHY,0,10.461,10.752,11.191,11.904,2.267,2.293,2.299,2.292,1.385,1.394,1.3901,1.4082
CMP-2026-2173,ISRO-TRAIN-LOT-2026,13,125.0,HEALTHY,0,8.385,8.95,9.039,9.407,2.241,2.251,2.343,2.311,1.1909,1.1916,1.1978,1.2275
CMP-2026-2174,ISRO-TRAIN-LOT-2026,17,125.0,HEALTHY,0,10.714,11.071,11.033,11.275,2.379,2.4,2.433,2.525,1.2834,1.2831,1.2942,1.3126
CMP-2026-2175,ISRO-TRAIN-LOT-2026,17,125.0,HEALTHY,0,9.253,9.484,10.006,10.068,1.887,1.944,1.933,1.967,1.2424,1.2441,1.2575,1.2805
CMP-2026-2176,ISRO-TRAIN-LOT-2026,20,125.0,HEALTHY,0,10.119,10.173,10.404,10.759,2.458,2.489,2.553,2.534,1.0764,1.0775,1.0907,1.1127
CMP-2026-2177,ISRO-TRAIN-LOT-2026,12,125.0,HEALTHY,0,8.771,9.015,9.164,9.046,2.565,2.585,2.626,2.574,1.2618,1.2562,1.2752,1.2835
CMP-2026-2178,ISRO-TRAIN-LOT-2026,22,125.0,HEALTHY,0,9.308,9.642,9.888,9.993,2.614,2.622,2.698,2.688,1.2297,1.2415,1.2365,1.2345
CMP-2026-2179,ISRO-TRAIN-LOT-2026,22,125.0,HEALTHY,0,12.224,12.654,12.77,13.453,2.066,2.165,2.128,2.123,1.1951,1.1938,1.2065,1.2257
CMP-2026-2180,ISRO-TRAIN-LOT-2026,14,125.0,HEALTHY,0,9.597,9.763,10.234,10.361,2.603,2.618,2.639,2.654,1.2289,1.2327,1.2358,1.255
CMP-2026-2181,ISRO-TRAIN-LOT-2026,5,125.0,LATENT_PAT_OUTLIER,1,40.271,41.525,44.939,47.73,8.186,8.986,10.186,11.986,1.3657,1.4157,1.4957,1.6157
CMP-2026-2182,ISRO-TRAIN-LOT-2026,23,125.0,HEALTHY,0,9.735,9.897,9.91,9.696,3.078,3.133,3.197,3.194,1.1276,1.1217,1.138,1.1638
CMP-2026-2183,ISRO-TRAIN-LOT-2026,20,125.0,HEALTHY,0,11.236,11.439,12.035,12.253,2.435,2.511,2.574,2.606,1.1535,1.1561,1.167,1.1741
CMP-2026-2184,ISRO-TRAIN-LOT-2026,24,125.0,HEALTHY,0,12.51,12.644,13.099,12.798,2.099,2.152,2.159,2.231,1.2695,1.2692,1.2692,1.3334
CMP-2026-2185,ISRO-TRAIN-LOT-2026,3,125.0,HEALTHY,0,9.94,10.141,10.327,10.392,2.815,2.819,2.867,2.894,1.1876,1.1875,1.1974,1.225
CMP-2026-2186,ISRO-TRAIN-LOT-2026,7,125.0,HEALTHY,0,9.951,10.281,10.673,10.519,2.712,2.794,2.756,2.816,1.2354,1.2447,1.2455,1.2652
CMP-2026-2187,ISRO-TRAIN-LOT-2026,10,125.0,HEALTHY,0,9.893,10.039,10.327,10.182,1.911,1.912,1.954,1.999,1.1362,1.1392,1.1477,1.1715
CMP-2026-2188,ISRO-TRAIN-LOT-2026,18,125.0,HEALTHY,0,7.711,7.735,7.785,7.896,2.614,2.702,2.663,2.731,1.2204,1.2167,1.232,1.2498
CMP-2026-2189,ISRO-TRAIN-LOT-2026,4,125.0,HEALTHY,0,10.81,11.13,11.184,11.471,2.315,2.339,2.378,2.418,1.1653,1.1638,1.182,1.1833
CMP-2026-2190,ISRO-TRAIN-LOT-2026,2,125.0,HEALTHY,0,11.302,11.508,11.744,12.148,2.52,2.537,2.581,2.623,1.3168,1.3251,1.3222,1.3338
CMP-2026-2191,ISRO-TRAIN-LOT-2026,11,125.0,HEALTHY,0,9.694,9.893,10.127,9.97,2.344,2.402,2.384,2.434,1.0874,1.0984,1.0948,1.1078
CMP-2026-2192,ISRO-TRAIN-LOT-2026,2,125.0,HEALTHY,0,12.957,13.136,13.343,13.468,1.872,1.893,1.916,1.913,1.1564,1.1618,1.1683,1.1951
CMP-2026-2193,ISRO-TRAIN-LOT-2026,25,125.0,HEALTHY,0,11.041,11.386,11.564,11.562,2.555,2.652,2.615,2.613,1.1325,1.1316,1.1403,1.1579
CMP-2026-2194,ISRO-TRAIN-LOT-2026,8,125.0,HEALTHY,0,11.741,12.004,12.565,12.768,1.927,1.962,2.008,2.089,1.2567,1.2579,1.2555,1.2663
CMP-2026-2195,ISRO-TRAIN-LOT-2026,1,125.0,HEALTHY,0,10.193,10.366,11.038,10.913,2.715,2.761,2.784,2.891,1.1418,1.1425,1.1662,1.1697
CMP-2026-2196,ISRO-TRAIN-LOT-2026,10,125.0,HEALTHY,0,9.8,9.881,10.313,10.723,2.468,2.493,2.525,2.504,1.2168,1.2127,1.2147,1.2471
CMP-2026-2197,ISRO-TRAIN-LOT-2026,2,125.0,HEALTHY,0,7.939,8.201,8.343,8.505,1.985,2.014,2.108,2.153,1.1672,1.1724,1.178,1.1837
CMP-2026-2198,ISRO-TRAIN-LOT-2026,19,125.0,HEALTHY,0,10.612,10.769,10.904,11.023,2.958,3.026,3.059,3.119,1.2536,1.2515,1.2492,1.2819
CMP-2026-2199,ISRO-TRAIN-LOT-2026,14,125.0,HEALTHY,0,10.876,11.243,11.85,11.743,2.408,2.498,2.575,2.368,1.3176,1.311,1.3156,1.3396
CMP-2026-2200,ISRO-TRAIN-LOT-2026,18,125.0,HEALTHY,0,9.687,9.987,10.328,10.794,3.33,3.395,3.351,3.336,1.2361,1.2382,1.2497,1.2522
CMP-2026-2201,ISRO-TRAIN-LOT-2026,8,125.0,HEALTHY,0,11.191,11.61,11.929,12.169,2.145,2.203,2.254,2.201,1.285,1.2947,1.2967,1.3048
CMP-2026-2202,ISRO-TRAIN-LOT-2026,12,125.0,HEALTHY,0,11.054,11.435,11.788,11.772,2.406,2.424,2.481,2.619,1.1849,1.1864,1.2131,1.2118
CMP-2026-2203,ISRO-TRAIN-LOT-2026,2,125.0,HEALTHY,0,10.755,11.069,11.35,11.151,2.82,2.829,2.932,2.94,1.1873,1.1884,1.2037,1.2094
CMP-2026-2204,ISRO-TRAIN-LOT-2026,24,125.0,HEALTHY,0,10.798,11.014,11.085,11.577,2.293,2.389,2.314,2.368,1.2067,1.2151,1.2198,1.2345
CMP-2026-2205,ISRO-TRAIN-LOT-2026,9,125.0,HEALTHY,0,7.606,7.96,8.185,8.025,2.615,2.623,2.64,2.759,1.102,1.1018,1.1036,1.1356
CMP-2026-2206,ISRO-TRAIN-LOT-2026,16,125.0,HEALTHY,0,12.658,12.962,13.331,13.515,3.183,3.239,3.306,3.196,1.0939,1.1043,1.1088,1.1247
CMP-2026-2207,ISRO-TRAIN-LOT-2026,17,125.0,HEALTHY,0,10.796,10.776,11.116,11.237,2.581,2.604,2.688,2.685,1.1867,1.1838,1.1957,1.2126
CMP-2026-2208,ISRO-TRAIN-LOT-2026,6,125.0,HEALTHY,0,11.572,11.895,11.756,12.361,2.467,2.503,2.557,2.691,1.2455,1.2536,1.2457,1.2732
CMP-2026-2209,ISRO-TRAIN-LOT-2026,3,125.0,HEALTHY,0,11.993,12.442,12.639,12.714,2.695,2.699,2.722,2.804,1.3906,1.39,1.3964,1.4088
CMP-2026-2210,ISRO-TRAIN-LOT-2026,4,125.0,HEALTHY,0,8.842,9.115,9.428,10.019,2.618,2.641,2.686,2.734,1.2851,1.2915,1.2944,1.3219
CMP-2026-2211,ISRO-TRAIN-LOT-2026,14,125.0,HEALTHY,0,12.779,13.1,13.719,13.25,2.246,2.278,2.332,2.336,1.2013,1.2037,1.2072,1.2364
CMP-2026-2212,ISRO-TRAIN-LOT-2026,21,125.0,HEALTHY,0,11.283,11.396,11.908,11.79,2.686,2.72,2.835,2.715,1.2748,1.2713,1.2783,1.2976
CMP-2026-2213,ISRO-TRAIN-LOT-2026,1,125.0,HEALTHY,0,8.784,8.932,8.827,9.234,2.786,2.785,2.842,2.902,1.2497,1.2505,1.26,1.291
CMP-2026-2214,ISRO-TRAIN-LOT-2026,6,125.0,HEALTHY,0,10.128,10.147,10.51,10.615,2.997,3.056,3.055,3.042,1.1424,1.1388,1.1617,1.1835
CMP-2026-2215,ISRO-TRAIN-LOT-2026,16,125.0,HEALTHY,0,10.426,10.644,10.581,11.013,2.179,2.188,2.312,2.336,1.1397,1.1431,1.1593,1.1543
CMP-2026-2216,ISRO-TRAIN-LOT-2026,17,125.0,HEALTHY,0,9.936,10.145,10.375,10.803,2.796,2.808,2.916,2.933,1.2493,1.2522,1.2599,1.2649
CMP-2026-2217,ISRO-TRAIN-LOT-2026,21,125.0,HEALTHY,0,10.172,10.524,10.457,10.62,2.879,2.913,2.924,2.99,1.3585,1.3595,1.3656,1.3866
CMP-2026-2218,ISRO-TRAIN-LOT-2026,18,125.0,HEALTHY,0,11.44,11.659,11.704,11.982,2.21,2.213,2.263,2.199,1.1537,1.1616,1.1698,1.1866
CMP-2026-2219,ISRO-TRAIN-LOT-2026,18,125.0,HEALTHY,0,9.961,10.025,10.408,10.632,2.633,2.673,2.666,2.734,1.0765,1.0775,1.0928,1.1156
CMP-2026-2220,ISRO-TRAIN-LOT-2026,23,125.0,HEALTHY,0,9.542,9.747,10.1,10.201,2.657,2.755,2.698,2.705,1.1439,1.1455,1.159,1.1729
CMP-2026-2221,ISRO-TRAIN-LOT-2026,16,125.0,LATENT_DRIFT,1,11.32,17.851,47.194,90.371,2.421,2.821,4.921,11.421,1.2209,1.3009,1.5509,2.1009
CMP-2026-2222,ISRO-TRAIN-LOT-2026,24,125.0,HEALTHY,0,11.359,11.582,11.981,12.331,2.469,2.505,2.573,2.546,1.2392,1.2303,1.243,1.2672
CMP-2026-2223,ISRO-TRAIN-LOT-2026,12,125.0,HEALTHY,0,9.905,10.123,10.779,10.782,2.555,2.603,2.706,2.667,1.1979,1.1964,1.2019,1.2182
CMP-2026-2224,ISRO-TRAIN-LOT-2026,8,125.0,HEALTHY,0,10.024,10.011,10.291,10.109,2.357,2.393,2.498,2.445,1.1298,1.134,1.1524,1.1594
CMP-2026-2225,ISRO-TRAIN-LOT-2026,18,125.0,HEALTHY,0,10.152,10.426,10.654,11.092,2.317,2.34,2.431,2.432,1.1952,1.2057,1.1945,1.2132
CMP-2026-2226,ISRO-TRAIN-LOT-2026,4,125.0,HEALTHY,0,10.14,10.278,10.533,10.473,2.203,2.246,2.239,2.402,1.1916,1.1986,1.2028,1.2258
CMP-2026-2227,ISRO-TRAIN-LOT-2026,25,125.0,HEALTHY,0,11.858,11.998,12.314,12.398,2.269,2.286,2.358,2.35,1.1172,1.1183,1.13,1.1392
CMP-2026-2228,ISRO-TRAIN-LOT-2026,12,125.0,HEALTHY,0,11.388,11.564,11.634,12.02,2.341,2.396,2.371,2.415,1.2841,1.2878,1.2952,1.3156
CMP-2026-2229,ISRO-TRAIN-LOT-2026,20,125.0,LATENT_PAT_OUTLIER,1,36.507,37.886,40.781,44.479,6.856,7.656,8.856,10.656,1.6773,1.7273,1.8073,1.9273
CMP-2026-2230,ISRO-TRAIN-LOT-2026,21,125.0,HEALTHY,0,10.297,10.63,10.871,11.305,2.425,2.484,2.549,2.51,1.1006,1.1027,1.1248,1.1382
CMP-2026-2231,ISRO-TRAIN-LOT-2026,8,125.0,LATENT_DRIFT,1,13.733,20.724,52.699,97.849,1.979,2.379,4.479,10.979,1.3191,1.3991,1.6491,2.1991
CMP-2026-2232,ISRO-TRAIN-LOT-2026,9,125.0,HEALTHY,0,9.381,9.631,9.956,10.06,2.692,2.747,2.834,2.823,1.1683,1.1671,1.1778,1.1921
CMP-2026-2233,ISRO-TRAIN-LOT-2026,12,125.0,HEALTHY,0,9.599,9.68,9.89,10.219,2.226,2.225,2.339,2.384,1.243,1.2431,1.2581,1.2624
CMP-2026-2234,ISRO-TRAIN-LOT-2026,5,125.0,HEALTHY,0,8.886,9.133,9.441,9.028,2.677,2.692,2.738,2.802,1.2492,1.249,1.2532,1.275
CMP-2026-2235,ISRO-TRAIN-LOT-2026,3,125.0,LATENT_PAT_OUTLIER,1,37.271,38.678,41.278,43.871,6.844,7.644,8.844,10.644,1.4605,1.5105,1.5905,1.7105
CMP-2026-2236,ISRO-TRAIN-LOT-2026,17,125.0,HEALTHY,0,10.775,10.943,11.432,11.462,3.178,3.189,3.293,3.241,1.1709,1.1729,1.1946,1.1941
CMP-2026-2237,ISRO-TRAIN-LOT-2026,1,125.0,HEALTHY,0,10.366,10.649,11.152,11.275,2.525,2.576,2.609,2.606,1.163,1.1749,1.1573,1.1921
CMP-2026-2238,ISRO-TRAIN-LOT-2026,19,125.0,HEALTHY,0,10.373,10.616,11.234,11.323,2.643,2.688,2.744,2.78,1.21,1.2101,1.2308,1.232
CMP-2026-2239,ISRO-TRAIN-LOT-2026,23,125.0,HEALTHY,0,11.932,12.244,12.45,12.878,2.377,2.432,2.422,2.51,1.1411,1.143,1.1622,1.1632
CMP-2026-2240,ISRO-TRAIN-LOT-2026,9,125.0,HEALTHY,0,8.661,8.756,9.165,9.572,2.865,2.938,2.987,2.968,1.2338,1.2365,1.2464,1.2607
CMP-2026-2241,ISRO-TRAIN-LOT-2026,16,125.0,HEALTHY,0,10.969,11.197,11.591,11.516,3.278,3.297,3.363,3.449,1.2331,1.2355,1.2447,1.2703
CMP-2026-2242,ISRO-TRAIN-LOT-2026,2,125.0,HEALTHY,0,9.363,9.678,9.96,9.82,2.329,2.407,2.409,2.413,1.208,1.2137,1.2181,1.2525
CMP-2026-2243,ISRO-TRAIN-LOT-2026,2,125.0,HEALTHY,0,9.493,9.755,9.762,9.625,2.683,2.685,2.803,2.829,1.1648,1.157,1.1847,1.2155
CMP-2026-2244,ISRO-TRAIN-LOT-2026,11,125.0,HEALTHY,0,11.268,11.505,11.784,12.074,3.049,3.055,3.115,3.151,1.2061,1.2123,1.2161,1.2509
CMP-2026-2245,ISRO-TRAIN-LOT-2026,9,125.0,HEALTHY,0,10.477,10.556,10.698,10.67,2.329,2.333,2.445,2.453,1.0994,1.108,1.1077,1.1274
CMP-2026-2246,ISRO-TRAIN-LOT-2026,4,125.0,HEALTHY,0,12.888,13.058,13.178,13.35,2.529,2.564,2.655,2.554,1.1306,1.131,1.1434,1.158
CMP-2026-2247,ISRO-TRAIN-LOT-2026,15,125.0,HEALTHY,0,11.174,11.521,12.31,11.918,3.225,3.28,3.348,3.322,1.2559,1.2498,1.2678,1.2925
CMP-2026-2248,ISRO-TRAIN-LOT-2026,22,125.0,HEALTHY,0,11.422,11.63,11.936,12.107,2.241,2.307,2.337,2.377,1.2673,1.2678,1.2841,1.3004
CMP-2026-2249,ISRO-TRAIN-LOT-2026,24,125.0,HEALTHY,0,11.503,11.666,12.004,12.482,2.536,2.58,2.598,2.6,1.1262,1.1291,1.1436,1.1401
CMP-2026-2250,ISRO-TRAIN-LOT-2026,1,125.0,HEALTHY,0,10.702,10.953,11.057,11.301,2.535,2.567,2.634,2.708,1.1507,1.1575,1.1567,1.178
CMP-2026-2251,ISRO-TRAIN-LOT-2026,21,125.0,HEALTHY,0,10.928,11.183,11.647,11.613,2.312,2.334,2.358,2.412,1.1441,1.1443,1.1651,1.1754
CMP-2026-2252,ISRO-TRAIN-LOT-2026,22,125.0,HEALTHY,0,9.577,9.818,10.189,10.831,2.313,2.411,2.363,2.428,1.165,1.1724,1.1828,1.1763
CMP-2026-2253,ISRO-TRAIN-LOT-2026,17,125.0,HEALTHY,0,11.864,12.048,12.314,12.437,2.513,2.585,2.557,2.605,1.244,1.2425,1.2499,1.2786
CMP-2026-2254,ISRO-TRAIN-LOT-2026,12,125.0,HEALTHY,0,12.547,12.977,12.895,13.264,2.433,2.474,2.56,2.557,1.0711,1.0736,1.0929,1.0967
CMP-2026-2255,ISRO-TRAIN-LOT-2026,6,125.0,HEALTHY,0,10.093,10.342,10.544,10.986,2.451,2.454,2.526,2.53,1.182,1.1886,1.2014,1.196
CMP-2026-2256,ISRO-TRAIN-LOT-2026,22,125.0,HEALTHY,0,11.249,11.406,11.441,11.533,2.13,2.162,2.24,2.173,1.093,1.0968,1.113,1.1146
CMP-2026-2257,ISRO-TRAIN-LOT-2026,1,125.0,GROSS_OUTLIER,1,59.628,62.492,80.394,98.909,19.319,22.319,27.319,35.319,3.5397,3.7397,4.1397,4.7397
CMP-2026-2258,ISRO-TRAIN-LOT-2026,21,125.0,HEALTHY,0,13.035,13.386,13.409,13.607,2.305,2.418,2.38,2.45,1.2494,1.245,1.2672,1.2844
CMP-2026-2259,ISRO-TRAIN-LOT-2026,3,125.0,HEALTHY,0,7.92,8.311,8.666,8.986,2.854,2.889,3.032,2.909,1.1495,1.1522,1.1652,1.1955
CMP-2026-2260,ISRO-TRAIN-LOT-2026,3,125.0,LATENT_DRIFT,1,12.277,19.155,49.666,94.17,3.129,3.529,5.629,12.129,1.2264,1.3064,1.5564,2.1064
CMP-2026-2261,ISRO-TRAIN-LOT-2026,10,125.0,HEALTHY,0,10.158,10.357,10.983,11.07,2.243,2.245,2.279,2.359,1.2486,1.2547,1.2656,1.2837
CMP-2026-2262,ISRO-TRAIN-LOT-2026,3,125.0,HEALTHY,0,10.097,10.263,10.686,10.59,2.816,2.839,2.898,2.947,1.1669,1.161,1.1795,1.1949
CMP-2026-2263,ISRO-TRAIN-LOT-2026,1,125.0,HEALTHY,0,9.799,9.939,10.114,10.548,2.415,2.403,2.534,2.589,1.0481,1.0535,1.0623,1.0718
CMP-2026-2264,ISRO-TRAIN-LOT-2026,25,125.0,HEALTHY,0,12.004,12.176,12.526,12.837,3.023,3.087,3.083,3.04,1.0166,1.0198,1.0244,1.0288
CMP-2026-2265,ISRO-TRAIN-LOT-2026,7,125.0,HEALTHY,0,11.513,11.721,11.943,12.178,2.251,2.318,2.337,2.337,1.2255,1.2225,1.232,1.2556
CMP-2026-2266,ISRO-TRAIN-LOT-2026,22,125.0,HEALTHY,0,12.322,12.644,12.812,13.201,2.323,2.339,2.384,2.487,1.2508,1.2558,1.2568,1.2907
CMP-2026-2267,ISRO-TRAIN-LOT-2026,12,125.0,HEALTHY,0,9.787,9.933,10.108,10.395,2.573,2.593,2.628,2.676,1.2117,1.2087,1.2057,1.2281
CMP-2026-2268,ISRO-TRAIN-LOT-2026,7,125.0,HEALTHY,0,13.034,13.133,13.511,13.817,2.851,2.851,2.879,2.993,1.033,1.0326,1.0524,1.0592
CMP-2026-2269,ISRO-TRAIN-LOT-2026,21,125.0,GROSS_OUTLIER,1,67.185,76.363,92.836,121.271,16.711,19.711,24.711,32.711,3.9415,4.1415,4.5415,5.1415
CMP-2026-2270,ISRO-TRAIN-LOT-2026,24,125.0,HEALTHY,0,9.245,9.669,9.955,10.231,2.157,2.173,2.246,2.149,1.1476,1.1466,1.1558,1.1889
CMP-2026-2271,ISRO-TRAIN-LOT-2026,21,125.0,HEALTHY,0,11.653,11.834,12.225,12.748,2.064,2.095,2.184,2.195,1.2767,1.2811,1.2801,1.3105
CMP-2026-2272,ISRO-TRAIN-LOT-2026,15,125.0,HEALTHY,0,9.842,9.953,10.175,10.328,1.978,2.038,2.1,2.022,1.2461,1.2512,1.2405,1.2786
CMP-2026-2273,ISRO-TRAIN-LOT-2026,21,125.0,HEALTHY,0,10.73,10.81,10.958,11.221,2.258,2.296,2.343,2.44,1.2424,1.2451,1.2575,1.2685
CMP-2026-2274,ISRO-TRAIN-LOT-2026,10,125.0,HEALTHY,0,11.459,11.755,11.767,12.075,2.391,2.408,2.483,2.424,1.295,1.291,1.3004,1.3224
CMP-2026-2275,ISRO-TRAIN-LOT-2026,8,125.0,HEALTHY,0,10.767,11.031,11.198,11.352,2.867,2.96,2.945,3.04,1.0571,1.0538,1.065,1.0869
CMP-2026-2276,ISRO-TRAIN-LOT-2026,3,125.0,HEALTHY,0,10.068,10.197,10.467,10.845,2.78,2.749,2.843,2.917,1.237,1.2387,1.2588,1.2621
CMP-2026-2277,ISRO-TRAIN-LOT-2026,8,125.0,HEALTHY,0,10.246,10.536,10.816,11.11,1.805,1.811,1.92,1.891,1.2689,1.2744,1.2841,1.3131
CMP-2026-2278,ISRO-TRAIN-LOT-2026,5,125.0,HEALTHY,0,10.167,10.333,10.473,10.891,2.68,2.729,2.763,2.81,1.0522,1.061,1.0793,1.1027
CMP-2026-2279,ISRO-TRAIN-LOT-2026,7,125.0,LATENT_PAT_OUTLIER,1,39.328,41.562,44.497,46.75,5.222,6.022,7.222,9.022,1.6172,1.6672,1.7472,1.8672
CMP-2026-2280,ISRO-TRAIN-LOT-2026,18,125.0,HEALTHY,0,11.398,11.883,12.291,12.452,2.804,2.853,2.852,2.826,1.1994,1.1969,1.2018,1.2364
CMP-2026-2281,ISRO-TRAIN-LOT-2026,2,125.0,HEALTHY,0,9.123,9.377,9.555,9.782,2.498,2.578,2.623,2.567,1.1252,1.1229,1.1281,1.1468
CMP-2026-2282,ISRO-TRAIN-LOT-2026,6,125.0,HEALTHY,0,11.205,11.394,11.579,11.716,2.967,2.948,3.114,2.984,1.2224,1.2195,1.2441,1.2433
CMP-2026-2283,ISRO-TRAIN-LOT-2026,8,125.0,HEALTHY,0,9.969,10.333,10.388,10.762,2.168,2.173,2.206,2.278,1.233,1.2246,1.2524,1.2747
CMP-2026-2284,ISRO-TRAIN-LOT-2026,14,125.0,LATENT_PAT_OUTLIER,1,39.657,42.087,45.053,48.877,6.529,7.329,8.529,10.329,1.5711,1.6211,1.7011,1.8211
CMP-2026-2285,ISRO-TRAIN-LOT-2026,19,125.0,HEALTHY,0,13.117,13.359,13.712,14.148,2.464,2.48,2.518,2.529,1.1014,1.1015,1.1165,1.1275
CMP-2026-2286,ISRO-TRAIN-LOT-2026,10,125.0,HEALTHY,0,12.974,13.069,13.084,13.541,3.014,3.08,3.101,3.208,1.1886,1.1986,1.1889,1.2227
CMP-2026-2287,ISRO-TRAIN-LOT-2026,6,125.0,LATENT_PAT_OUTLIER,1,45.722,47.986,50.851,54.635,10.209,11.009,12.209,14.009,1.5144,1.5644,1.6444,1.7644
CMP-2026-2288,ISRO-TRAIN-LOT-2026,21,125.0,HEALTHY,0,9.003,9.085,9.245,9.575,2.836,2.928,2.881,2.91,1.2557,1.252,1.2701,1.2948
CMP-2026-2289,ISRO-TRAIN-LOT-2026,5,125.0,HEALTHY,0,10.406,10.777,10.929,11.624,2.633,2.669,2.75,2.76,1.3278,1.3226,1.3355,1.3794
CMP-2026-2290,ISRO-TRAIN-LOT-2026,25,125.0,HEALTHY,0,12.739,12.899,13.131,13.469,2.704,2.733,2.808,2.804,1.2411,1.2375,1.2537,1.2685
CMP-2026-2291,ISRO-TRAIN-LOT-2026,18,125.0,LATENT_PAT_OUTLIER,1,38.015,40.444,43.012,46.172,7.193,7.993,9.193,10.993,1.4965,1.5465,1.6265,1.7465
CMP-2026-2292,ISRO-TRAIN-LOT-2026,18,125.0,HEALTHY,0,11.452,11.726,12.322,12.153,2.29,2.335,2.371,2.311,1.2096,1.2054,1.2247,1.2456
CMP-2026-2293,ISRO-TRAIN-LOT-2026,11,125.0,HEALTHY,0,10.448,10.625,11.066,11.057,1.689,1.69,1.79,1.851,1.1966,1.2014,1.2108,1.2314
CMP-2026-2294,ISRO-TRAIN-LOT-2026,15,125.0,HEALTHY,0,12.113,12.333,12.58,13.052,2.527,2.599,2.579,2.695,1.2547,1.2538,1.2651,1.3032
CMP-2026-2295,ISRO-TRAIN-LOT-2026,22,125.0,HEALTHY,0,11.644,11.915,12.311,12.631,2.51,2.586,2.593,2.633,1.2102,1.2071,1.2155,1.2506
CMP-2026-2296,ISRO-TRAIN-LOT-2026,16,125.0,HEALTHY,0,10.874,10.806,11.252,11.22,2.861,2.873,2.916,3.002,1.2326,1.2334,1.248,1.2703
CMP-2026-2297,ISRO-TRAIN-LOT-2026,2,125.0,HEALTHY,0,10.955,11.047,11.479,11.538,3.307,3.36,3.406,3.427,1.1227,1.1296,1.122,1.1499
CMP-2026-2298,ISRO-TRAIN-LOT-2026,16,125.0,HEALTHY,0,9.441,9.49,9.819,9.933,2.591,2.669,2.712,2.685,1.1906,1.1923,1.2124,1.2149
CMP-2026-2299,ISRO-TRAIN-LOT-2026,10,125.0,HEALTHY,0,10.216,10.499,10.975,11.044,2.673,2.682,2.803,2.74,1.0584,1.0644,1.0665,1.072
CMP-2026-2300,ISRO-TRAIN-LOT-2026,11,125.0,HEALTHY,0,11.495,11.674,12.096,12.323,2.84,2.864,2.997,2.918,1.3311,1.3396,1.3288,1.3699
CMP-2026-2301,ISRO-TRAIN-LOT-2026,1,125.0,HEALTHY,0,10.85,11.228,11.513,11.802,2.197,2.242,2.323,2.21,1.261,1.2631,1.266,1.3016
CMP-2026-2302,ISRO-TRAIN-LOT-2026,21,125.0,HEALTHY,0,11.368,11.734,12.223,12.293,2.401,2.416,2.486,2.466,1.1962,1.196,1.198,1.2263
CMP-2026-2303,ISRO-TRAIN-LOT-2026,15,125.0,HEALTHY,0,9.581,9.784,10.026,10.214,2.188,2.25,2.238,2.298,1.2605,1.2579,1.2797,1.2773
CMP-2026-2304,ISRO-TRAIN-LOT-2026,10,125.0,HEALTHY,0,12.79,13.1,13.463,13.321,2.937,2.97,3.035,3.089,1.1233,1.1203,1.1241,1.1477
CMP-2026-2305,ISRO-TRAIN-LOT-2026,3,125.0,HEALTHY,0,11.295,11.605,11.792,12.381,2.912,2.966,2.995,2.969,1.0574,1.0613,1.0769,1.0836
CMP-2026-2306,ISRO-TRAIN-LOT-2026,6,125.0,HEALTHY,0,10.168,10.298,10.607,10.566,2.572,2.58,2.642,2.725,1.2115,1.2129,1.2251,1.2529
CMP-2026-2307,ISRO-TRAIN-LOT-2026,8,125.0,HEALTHY,0,11.412,11.692,11.712,11.868,1.938,1.983,2.071,2.04,1.3187,1.3282,1.3296,1.3457
CMP-2026-2308,ISRO-TRAIN-LOT-2026,17,125.0,HEALTHY,0,12.751,13.008,13.425,13.55,2.836,2.875,2.911,2.979,1.3992,1.3998,1.3996,1.436
CMP-2026-2309,ISRO-TRAIN-LOT-2026,19,125.0,HEALTHY,0,9.498,9.831,10.306,10.505,2.514,2.536,2.614,2.489,1.2821,1.2811,1.3045,1.3012
CMP-2026-2310,ISRO-TRAIN-LOT-2026,18,125.0,HEALTHY,0,10.545,10.877,11.233,11.437,2.238,2.281,2.24,2.399,1.224,1.2219,1.2332,1.2503
CMP-2026-2311,ISRO-TRAIN-LOT-2026,9,125.0,HEALTHY,0,13.932,14.206,14.522,14.905,2.834,2.87,2.886,2.937,1.1799,1.1806,1.1942,1.2169
CMP-2026-2312,ISRO-TRAIN-LOT-2026,9,125.0,HEALTHY,0,11.518,11.661,11.973,11.998,2.259,2.271,2.373,2.367,1.297,1.2919,1.3074,1.3302
CMP-2026-2313,ISRO-TRAIN-LOT-2026,8,125.0,HEALTHY,0,10.946,11.281,11.901,11.805,2.543,2.542,2.65,2.679,1.2471,1.2526,1.2437,1.2833
CMP-2026-2314,ISRO-TRAIN-LOT-2026,22,125.0,HEALTHY,0,14.23,14.384,14.674,14.636,2.276,2.34,2.33,2.396,1.3414,1.3353,1.3482,1.3715
CMP-2026-2315,ISRO-TRAIN-LOT-2026,1,125.0,HEALTHY,0,10.849,11.001,11.203,11.147,2.055,2.068,2.123,2.168,1.2909,1.2936,1.2982,1.3107
CMP-2026-2316,ISRO-TRAIN-LOT-2026,24,125.0,HEALTHY,0,11.439,11.588,11.862,11.654,3.26,3.287,3.366,3.34,1.2018,1.2032,1.2027,1.2319
CMP-2026-2317,ISRO-TRAIN-LOT-2026,21,125.0,HEALTHY,0,12.693,13.184,13.13,13.857,2.183,2.177,2.242,2.261,1.1537,1.1585,1.1597,1.1898
CMP-2026-2318,ISRO-TRAIN-LOT-2026,23,125.0,HEALTHY,0,11.042,11.243,11.591,11.707,2.67,2.619,2.78,2.816,1.2251,1.2263,1.242,1.2671
CMP-2026-2319,ISRO-TRAIN-LOT-2026,23,125.0,HEALTHY,0,9.92,10.322,10.65,10.843,2.502,2.527,2.504,2.56,1.0919,1.0902,1.1183,1.1153
CMP-2026-2320,ISRO-TRAIN-LOT-2026,25,125.0,HEALTHY,0,10.57,10.718,10.92,11.138,2.839,2.842,2.895,3.009,1.029,1.0314,1.0395,1.0714
CMP-2026-2321,ISRO-TRAIN-LOT-2026,25,125.0,HEALTHY,0,11.951,12.236,12.396,12.81,2.708,2.728,2.776,2.778,1.1955,1.1964,1.2085,1.24
CMP-2026-2322,ISRO-TRAIN-LOT-2026,19,125.0,HEALTHY,0,14.068,14.244,14.021,14.544,2.846,2.857,2.864,2.912,1.3686,1.3701,1.3792,1.4006
CMP-2026-2323,ISRO-TRAIN-LOT-2026,20,125.0,HEALTHY,0,10.118,10.211,10.447,10.492,2.676,2.707,2.799,2.803,1.0525,1.0542,1.0652,1.081
CMP-2026-2324,ISRO-TRAIN-LOT-2026,4,125.0,HEALTHY,0,8.665,8.768,8.779,8.884,2.717,2.752,2.763,2.789,1.2037,1.2048,1.2075,1.2157
CMP-2026-2325,ISRO-TRAIN-LOT-2026,8,125.0,HEALTHY,0,12.193,12.216,12.762,12.954,2.357,2.392,2.411,2.444,1.201,1.1959,1.2269,1.2332
CMP-2026-2326,ISRO-TRAIN-LOT-2026,18,125.0,HEALTHY,0,11.061,11.318,11.388,11.86,2.469,2.515,2.566,2.542,1.2379,1.2385,1.2514,1.2556
CMP-2026-2327,ISRO-TRAIN-LOT-2026,11,125.0,HEALTHY,0,10.489,10.719,11.05,11.406,2.684,2.759,2.783,2.798,1.2267,1.2357,1.2379,1.253
CMP-2026-2328,ISRO-TRAIN-LOT-2026,22,125.0,HEALTHY,0,11.799,12.093,12.274,12.856,2.236,2.286,2.278,2.28,1.1531,1.156,1.1561,1.1752
CMP-2026-2329,ISRO-TRAIN-LOT-2026,9,125.0,HEALTHY,0,12.506,12.54,12.838,12.968,2.32,2.36,2.438,2.41,1.2587,1.2529,1.2704,1.2989
CMP-2026-2330,ISRO-TRAIN-LOT-2026,17,125.0,HEALTHY,0,12.609,12.89,13.203,13.651,2.002,2.032,2.099,2.106,1.3392,1.3386,1.3437,1.3552
CMP-2026-2331,ISRO-TRAIN-LOT-2026,24,125.0,HEALTHY,0,11.146,11.499,11.708,12.195,2.711,2.774,2.838,2.817,1.3484,1.3528,1.3592,1.3851
CMP-2026-2332,ISRO-TRAIN-LOT-2026,24,125.0,HEALTHY,0,11.734,11.982,12.172,12.282,2.72,2.771,2.803,2.823,1.196,1.1936,1.2132,1.2495
CMP-2026-2333,ISRO-TRAIN-LOT-2026,15,125.0,HEALTHY,0,11.213,11.58,12.027,12.581,2.805,2.823,2.911,2.902,1.1923,1.1954,1.1964,1.2099
CMP-2026-2334,ISRO-TRAIN-LOT-2026,24,125.0,HEALTHY,0,12.661,12.958,13.208,13.05,2.241,2.287,2.309,2.281,1.2771,1.2764,1.308,1.3137
CMP-2026-2335,ISRO-TRAIN-LOT-2026,22,125.0,HEALTHY,0,8.882,9.069,9.199,9.298,2.115,2.127,2.14,2.125,1.2763,1.2704,1.2716,1.3195
CMP-2026-2336,ISRO-TRAIN-LOT-2026,5,125.0,HEALTHY,0,9.912,10.301,10.481,10.552,2.501,2.566,2.625,2.696,1.38,1.3851,1.4025,1.4187
CMP-2026-2337,ISRO-TRAIN-LOT-2026,11,125.0,HEALTHY,0,10.374,10.562,10.978,10.901,2.924,2.928,2.949,3.067,1.1372,1.1419,1.1508,1.1594
CMP-2026-2338,ISRO-TRAIN-LOT-2026,7,125.0,HEALTHY,0,9.214,9.548,9.904,9.934,2.49,2.516,2.568,2.497,1.0859,1.0869,1.1091,1.1107
CMP-2026-2339,ISRO-TRAIN-LOT-2026,20,125.0,LATENT_DRIFT,1,10.827,17.037,45.472,88.292,3.017,3.417,5.517,12.017,1.1914,1.2714,1.5214,2.0714
CMP-2026-2340,ISRO-TRAIN-LOT-2026,15,125.0,HEALTHY,0,10.488,10.733,11.298,11.418,2.65,2.692,2.712,2.807,1.2055,1.2034,1.227,1.2421
CMP-2026-2341,ISRO-TRAIN-LOT-2026,2,125.0,HEALTHY,0,10.197,10.262,10.715,10.559,2.28,2.342,2.367,2.342,1.2178,1.2133,1.2134,1.2521
CMP-2026-2342,ISRO-TRAIN-LOT-2026,15,125.0,HEALTHY,0,9.241,9.631,9.677,10.025,2.37,2.454,2.379,2.524,1.1343,1.1341,1.1352,1.1725
CMP-2026-2343,ISRO-TRAIN-LOT-2026,8,125.0,HEALTHY,0,8.922,9.273,9.35,9.499,2.705,2.755,2.778,2.792,1.0973,1.0923,1.1046,1.1236
CMP-2026-2344,ISRO-TRAIN-LOT-2026,20,125.0,HEALTHY,0,9.452,9.773,9.637,10.15,2.749,2.799,2.83,2.785,1.0538,1.046,1.0725,1.0802
CMP-2026-2345,ISRO-TRAIN-LOT-2026,5,125.0,HEALTHY,0,10.114,10.253,10.334,10.62,3.004,3.047,3.111,3.021,1.1344,1.134,1.1616,1.1686
CMP-2026-2346,ISRO-TRAIN-LOT-2026,17,125.0,HEALTHY,0,12.661,12.998,13.802,13.849,2.392,2.428,2.468,2.529,1.2595,1.2535,1.2854,1.2906
CMP-2026-2347,ISRO-TRAIN-LOT-2026,2,125.0,HEALTHY,0,10.229,10.345,10.903,10.809,2.468,2.522,2.509,2.586,1.1419,1.142,1.1413,1.1811
CMP-2026-2348,ISRO-TRAIN-LOT-2026,15,125.0,HEALTHY,0,11.362,11.49,11.716,11.984,2.372,2.409,2.464,2.367,1.1389,1.1333,1.1626,1.1647
CMP-2026-2349,ISRO-TRAIN-LOT-2026,3,125.0,HEALTHY,0,9.871,10.25,10.43,11.053,2.791,2.814,2.873,2.898,1.2519,1.2391,1.2494,1.2828
CMP-2026-2350,ISRO-TRAIN-LOT-2026,18,125.0,HEALTHY,0,10.477,11.041,11.326,11.483,2.548,2.537,2.646,2.678,1.2318,1.2238,1.239,1.2681
CMP-2026-2351,ISRO-TRAIN-LOT-2026,24,125.0,HEALTHY,0,11.426,11.763,12.081,12.151,2.173,2.177,2.238,2.245,1.0607,1.0594,1.094,1.0847
CMP-2026-2352,ISRO-TRAIN-LOT-2026,22,125.0,HEALTHY,0,11.671,11.848,12.212,12.452,2.58,2.624,2.637,2.656,1.1975,1.1921,1.2182,1.2211
CMP-2026-2353,ISRO-TRAIN-LOT-2026,4,125.0,HEALTHY,0,10.747,10.923,10.905,10.825,1.992,2.059,1.993,2.144,1.1736,1.1756,1.1932,1.1973
CMP-2026-2354,ISRO-TRAIN-LOT-2026,18,125.0,HEALTHY,0,12.602,12.833,13.242,13.258,2.554,2.593,2.589,2.619,1.3081,1.3088,1.3123,1.338
CMP-2026-2355,ISRO-TRAIN-LOT-2026,19,125.0,HEALTHY,0,13.993,14.439,15.133,14.694,3.112,3.151,3.176,3.155,1.2397,1.2403,1.2582,1.2888
CMP-2026-2356,ISRO-TRAIN-LOT-2026,6,125.0,HEALTHY,0,9.842,10.039,10.085,10.514,2.462,2.493,2.552,2.52,1.2959,1.2887,1.3027,1.3229
CMP-2026-2357,ISRO-TRAIN-LOT-2026,22,125.0,HEALTHY,0,10.843,11.322,11.516,11.592,2.639,2.695,2.693,2.643,1.2602,1.248,1.2811,1.286
CMP-2026-2358,ISRO-TRAIN-LOT-2026,25,125.0,HEALTHY,0,11.315,11.666,11.886,12.274,2.836,2.899,2.884,2.996,1.2482,1.2531,1.2752,1.289
CMP-2026-2359,ISRO-TRAIN-LOT-2026,21,125.0,HEALTHY,0,12.445,12.675,12.848,12.859,2.647,2.648,2.718,2.726,1.2673,1.2801,1.2835,1.3257
CMP-2026-2360,ISRO-TRAIN-LOT-2026,21,125.0,HEALTHY,0,11.514,11.802,11.99,11.916,2.775,2.79,2.885,2.784,1.2166,1.2163,1.2354,1.2324
CMP-2026-2361,ISRO-TRAIN-LOT-2026,23,125.0,HEALTHY,0,9.684,9.94,10.027,10.031,2.179,2.258,2.245,2.319,1.1421,1.1397,1.1597,1.1633
CMP-2026-2362,ISRO-TRAIN-LOT-2026,15,125.0,HEALTHY,0,11.81,11.883,11.988,12.551,2.509,2.594,2.551,2.564,1.1625,1.1647,1.1764,1.1976
CMP-2026-2363,ISRO-TRAIN-LOT-2026,21,125.0,HEALTHY,0,12.923,13.08,13.087,13.432,2.551,2.56,2.701,2.717,1.2795,1.2725,1.2915,1.3172
CMP-2026-2364,ISRO-TRAIN-LOT-2026,4,125.0,HEALTHY,0,10.065,10.481,11.027,10.979,2.217,2.266,2.234,2.382,1.1714,1.1719,1.1887,1.2023
CMP-2026-2365,ISRO-TRAIN-LOT-2026,10,125.0,HEALTHY,0,9.508,9.659,9.909,9.933,1.679,1.729,1.705,1.804,1.2111,1.214,1.2272,1.2397
CMP-2026-2366,ISRO-TRAIN-LOT-2026,2,125.0,HEALTHY,0,10.608,10.77,11.148,11.115,2.396,2.456,2.48,2.46,1.2962,1.3017,1.3155,1.3091
CMP-2026-2367,ISRO-TRAIN-LOT-2026,11,125.0,HEALTHY,0,10.665,11.027,11.169,11.708,2.481,2.501,2.553,2.568,1.0956,1.0998,1.107,1.1309
CMP-2026-2368,ISRO-TRAIN-LOT-2026,8,125.0,HEALTHY,0,10.027,10.303,10.676,10.748,2.684,2.743,2.725,2.812,1.198,1.2049,1.2052,1.2343
CMP-2026-2369,ISRO-TRAIN-LOT-2026,16,125.0,HEALTHY,0,11.765,11.914,12.497,12.927,2.539,2.515,2.691,2.702,1.2443,1.2457,1.2567,1.2593
CMP-2026-2370,ISRO-TRAIN-LOT-2026,24,125.0,HEALTHY,0,11.61,11.909,12.414,12.745,2.539,2.579,2.572,2.644,1.3483,1.3482,1.358,1.3785
CMP-2026-2371,ISRO-TRAIN-LOT-2026,2,125.0,HEALTHY,0,13.214,13.407,13.768,13.629,1.936,2.008,2.003,2.106,1.195,1.2017,1.2083,1.2299
CMP-2026-2372,ISRO-TRAIN-LOT-2026,7,125.0,HEALTHY,0,9.957,10.371,10.75,10.724,2.308,2.319,2.365,2.401,1.2683,1.266,1.2739,1.3194
CMP-2026-2373,ISRO-TRAIN-LOT-2026,5,125.0,HEALTHY,0,10.003,10.436,10.417,10.627,2.588,2.601,2.65,2.686,1.1745,1.1764,1.185,1.2103
CMP-2026-2374,ISRO-TRAIN-LOT-2026,11,125.0,HEALTHY,0,11.279,11.62,12.333,12.223,2.812,2.884,2.931,2.98,1.2157,1.2164,1.2349,1.2347
CMP-2026-2375,ISRO-TRAIN-LOT-2026,8,125.0,HEALTHY,0,11.103,11.305,11.499,11.955,2.554,2.581,2.573,2.647,1.2209,1.2301,1.2376,1.2479
CMP-2026-2376,ISRO-TRAIN-LOT-2026,9,125.0,HEALTHY,0,11.757,11.867,12.27,12.351,2.793,2.84,2.891,2.971,1.28,1.2807,1.2778,1.3145
CMP-2026-2377,ISRO-TRAIN-LOT-2026,7,125.0,HEALTHY,0,9.168,9.618,9.766,10.182,2.427,2.459,2.524,2.607,1.1755,1.1626,1.1936,1.1925
CMP-2026-2378,ISRO-TRAIN-LOT-2026,15,125.0,HEALTHY,0,11.398,11.846,11.939,12.24,2.424,2.463,2.541,2.619,1.2238,1.2132,1.2227,1.259
CMP-2026-2379,ISRO-TRAIN-LOT-2026,14,125.0,HEALTHY,0,9.493,9.762,10.166,10.198,2.055,2.083,2.092,2.224,1.1877,1.189,1.1875,1.2049
CMP-2026-2380,ISRO-TRAIN-LOT-2026,25,125.0,HEALTHY,0,13.178,13.604,14.118,14.159,1.88,1.942,1.944,2.02,1.0817,1.0796,1.1029,1.1152
CMP-2026-2381,ISRO-TRAIN-LOT-2026,14,125.0,HEALTHY,0,10.877,10.987,11.415,11.403,2.39,2.393,2.533,2.437,1.2833,1.2801,1.2959,1.3075
CMP-2026-2382,ISRO-TRAIN-LOT-2026,16,125.0,HEALTHY,0,9.595,9.778,10.303,10.304,2.375,2.425,2.416,2.465,1.2027,1.1985,1.2052,1.2471
CMP-2026-2383,ISRO-TRAIN-LOT-2026,3,125.0,HEALTHY,0,8.595,9.079,9.268,9.781,2.58,2.559,2.652,2.784,1.244,1.2514,1.2479,1.2823
CMP-2026-2384,ISRO-TRAIN-LOT-2026,16,125.0,HEALTHY,0,10.7,10.936,11.545,11.636,3.071,3.1,3.071,3.157,1.3048,1.3022,1.3134,1.3305
CMP-2026-2385,ISRO-TRAIN-LOT-2026,4,125.0,HEALTHY,0,10.818,11.197,11.399,11.552,3.579,3.622,3.7,3.634,1.222,1.2282,1.2361,1.2551
CMP-2026-2386,ISRO-TRAIN-LOT-2026,19,125.0,HEALTHY,0,12.324,12.561,12.535,12.974,2.565,2.623,2.681,2.581,1.0618,1.0661,1.0881,1.0843
CMP-2026-2387,ISRO-TRAIN-LOT-2026,3,125.0,HEALTHY,0,10.647,10.946,10.854,11.308,2.182,2.26,2.281,2.235,1.1533,1.1565,1.1645,1.1694
CMP-2026-2388,ISRO-TRAIN-LOT-2026,1,125.0,HEALTHY,0,7.18,7.397,7.601,8.068,1.936,1.971,2.008,2.119,1.1834,1.1831,1.1841,1.2156
CMP-2026-2389,ISRO-TRAIN-LOT-2026,22,125.0,HEALTHY,0,11.887,12.327,12.778,13.077,2.481,2.544,2.612,2.635,1.1826,1.1861,1.184,1.207
CMP-2026-2390,ISRO-TRAIN-LOT-2026,18,125.0,HEALTHY,0,10.683,10.867,11.034,10.923,2.471,2.475,2.561,2.612,1.2336,1.244,1.25,1.255
CMP-2026-2391,ISRO-TRAIN-LOT-2026,12,125.0,HEALTHY,0,10.275,10.353,10.761,11.064,2.767,2.741,2.9,2.788,1.2515,1.2564,1.2785,1.2783
CMP-2026-2392,ISRO-TRAIN-LOT-2026,16,125.0,HEALTHY,0,10.843,10.906,11.099,11.274,2.358,2.399,2.425,2.472,1.3237,1.3195,1.3345,1.3775
CMP-2026-2393,ISRO-TRAIN-LOT-2026,15,125.0,HEALTHY,0,10.21,10.58,10.857,10.819,2.677,2.758,2.772,2.805,1.2173,1.2135,1.2229,1.2476
CMP-2026-2394,ISRO-TRAIN-LOT-2026,21,125.0,GROSS_OUTLIER,1,75.449,77.921,84.007,94.56,20.668,23.668,28.668,36.668,3.7983,3.9983,4.3983,4.9983
CMP-2026-2395,ISRO-TRAIN-LOT-2026,11,125.0,HEALTHY,0,11.102,11.331,12.01,11.827,2.663,2.66,2.718,2.727,1.1665,1.1721,1.1822,1.2126
CMP-2026-2396,ISRO-TRAIN-LOT-2026,24,125.0,HEALTHY,0,10.789,11.123,11.249,11.876,2.162,2.208,2.186,2.274,1.1761,1.1746,1.1964,1.2114
CMP-2026-2397,ISRO-TRAIN-LOT-2026,21,125.0,LATENT_PAT_OUTLIER,1,43.677,45.586,48.26,51.779,8.17,8.97,10.17,11.97,1.7742,1.8242,1.9042,2.0242
CMP-2026-2398,ISRO-TRAIN-LOT-2026,11,125.0,HEALTHY,0,13.399,13.67,14.186,13.985,2.733,2.746,2.776,2.859,1.3552,1.3541,1.373,1.394
CMP-2026-2399,ISRO-TRAIN-LOT-2026,12,125.0,HEALTHY,0,8.945,9.259,9.533,9.685,2.295,2.334,2.399,2.496,1.225,1.2289,1.2441,1.2642
CMP-2026-2400,ISRO-TRAIN-LOT-2026,8,125.0,HEALTHY,0,8.556,8.736,9.123,9.245,2.687,2.769,2.79,2.876,1.0897,1.0934,1.0931,1.1096
CMP-2026-2401,ISRO-TRAIN-LOT-2026,21,125.0,HEALTHY,0,10.22,10.343,10.472,11.028,2.55,2.548,2.643,2.645,1.1456,1.1473,1.1548,1.1725
CMP-2026-2402,ISRO-TRAIN-LOT-2026,20,125.0,HEALTHY,0,12.329,12.761,12.764,12.95,2.165,2.204,2.182,2.248,1.1807,1.1844,1.1958,1.2106
CMP-2026-2403,ISRO-TRAIN-LOT-2026,10,125.0,HEALTHY,0,11.733,12.097,12.357,12.499,2.865,2.915,2.931,2.956,1.0923,1.0886,1.1149,1.1346
CMP-2026-2404,ISRO-TRAIN-LOT-2026,3,125.0,HEALTHY,0,10.196,10.534,10.75,10.704,1.956,1.965,2.082,2.07,1.2107,1.2094,1.2182,1.238
CMP-2026-2405,ISRO-TRAIN-LOT-2026,15,125.0,HEALTHY,0,11.135,11.078,11.626,11.859,2.886,2.895,2.993,3.028,1.2042,1.2059,1.2037,1.2196
CMP-2026-2406,ISRO-TRAIN-LOT-2026,13,125.0,HEALTHY,0,11.784,12.246,12.328,12.736,2.656,2.689,2.735,2.745,1.1908,1.1943,1.2012,1.2157
CMP-2026-2407,ISRO-TRAIN-LOT-2026,17,125.0,HEALTHY,0,10.812,10.851,11.221,11.32,2.544,2.52,2.545,2.595,1.25,1.2562,1.246,1.2648
CMP-2026-2408,ISRO-TRAIN-LOT-2026,14,125.0,LATENT_DRIFT,1,12.632,19.025,46.851,87.768,2.303,2.703,4.803,11.303,1.1384,1.2184,1.4684,2.0184
CMP-2026-2409,ISRO-TRAIN-LOT-2026,2,125.0,HEALTHY,0,11.577,11.862,11.95,12.172,2.542,2.566,2.62,2.666,1.3155,1.3235,1.3332,1.3565
CMP-2026-2410,ISRO-TRAIN-LOT-2026,21,125.0,HEALTHY,0,12.146,12.299,12.302,12.601,2.744,2.783,2.853,2.902,1.1781,1.1761,1.1904,1.1999
CMP-2026-2411,ISRO-TRAIN-LOT-2026,1,125.0,HEALTHY,0,10.781,11.084,10.97,11.142,2.753,2.787,2.8,2.822,1.209,1.2145,1.2288,1.2479
CMP-2026-2412,ISRO-TRAIN-LOT-2026,1,125.0,HEALTHY,0,12.226,12.601,13.008,13.183,2.632,2.664,2.746,2.746,1.2142,1.2147,1.2232,1.2314
CMP-2026-2413,ISRO-TRAIN-LOT-2026,23,125.0,HEALTHY,0,13.372,13.595,13.726,13.853,2.198,2.225,2.213,2.3,1.2407,1.2451,1.2557,1.2743
CMP-2026-2414,ISRO-TRAIN-LOT-2026,10,125.0,HEALTHY,0,9.451,9.636,10.084,10.798,2.414,2.396,2.421,2.547,1.1324,1.1298,1.1282,1.1532
CMP-2026-2415,ISRO-TRAIN-LOT-2026,3,125.0,HEALTHY,0,10.265,10.173,10.546,10.866,2.627,2.702,2.777,2.651,1.1723,1.1766,1.1866,1.1975
CMP-2026-2416,ISRO-TRAIN-LOT-2026,16,125.0,HEALTHY,0,10.726,10.728,11.144,11.515,2.588,2.615,2.63,2.687,1.3258,1.3258,1.3469,1.3566
CMP-2026-2417,ISRO-TRAIN-LOT-2026,19,125.0,HEALTHY,0,11.694,11.856,12.402,12.405,2.484,2.535,2.488,2.615,1.256,1.2565,1.28,1.2956
CMP-2026-2418,ISRO-TRAIN-LOT-2026,14,125.0,HEALTHY,0,11.408,11.873,12.559,12.563,2.913,2.928,3.028,3.058,1.1444,1.1499,1.1666,1.1705
CMP-2026-2419,ISRO-TRAIN-LOT-2026,16,125.0,HEALTHY,0,10.554,10.848,11.105,11.158,2.193,2.261,2.251,2.303,1.239,1.2471,1.2466,1.2744
CMP-2026-2420,ISRO-TRAIN-LOT-2026,1,125.0,HEALTHY,0,11.414,11.584,11.647,11.61,2.222,2.216,2.206,2.44,1.1651,1.1627,1.1799,1.1841
CMP-2026-2421,ISRO-TRAIN-LOT-2026,20,125.0,HEALTHY,0,11.485,11.888,12.076,12.278,2.646,2.69,2.725,2.725,1.35,1.3516,1.3779,1.3711
CMP-2026-2422,ISRO-TRAIN-LOT-2026,21,125.0,HEALTHY,0,12.551,12.842,12.665,13.219,3.006,3.034,3.071,2.972,1.2195,1.2217,1.225,1.2377
CMP-2026-2423,ISRO-TRAIN-LOT-2026,9,125.0,HEALTHY,0,10.765,11.042,11.307,11.826,2.123,2.171,2.138,2.172,1.0212,1.027,1.0474,1.0538
CMP-2026-2424,ISRO-TRAIN-LOT-2026,23,125.0,HEALTHY,0,12.12,12.287,12.669,12.739,2.894,2.868,3.02,2.965,1.0462,1.0441,1.0611,1.0956
CMP-2026-2425,ISRO-TRAIN-LOT-2026,19,125.0,HEALTHY,0,10.462,10.441,10.832,11.037,2.349,2.372,2.372,2.39,1.1746,1.1762,1.1871,1.2067
CMP-2026-2426,ISRO-TRAIN-LOT-2026,22,125.0,HEALTHY,0,10.694,10.862,11.228,11.506,2.681,2.713,2.837,2.666,1.1721,1.1857,1.193,1.2011
CMP-2026-2427,ISRO-TRAIN-LOT-2026,16,125.0,HEALTHY,0,11.139,11.301,11.443,12.079,2.175,2.172,2.217,2.228,1.2611,1.2572,1.263,1.2866
CMP-2026-2428,ISRO-TRAIN-LOT-2026,17,125.0,HEALTHY,0,10.005,10.295,10.624,10.611,2.095,2.112,2.186,2.23,1.2551,1.2642,1.2695,1.3022
CMP-2026-2429,ISRO-TRAIN-LOT-2026,10,125.0,HEALTHY,0,9.058,9.183,9.487,9.275,2.565,2.645,2.609,2.721,1.0958,1.1028,1.108,1.1271
CMP-2026-2430,ISRO-TRAIN-LOT-2026,2,125.0,HEALTHY,0,10.244,10.427,10.945,10.765,2.155,2.188,2.286,2.253,1.095,1.1006,1.1197,1.1311
CMP-2026-2431,ISRO-TRAIN-LOT-2026,3,125.0,HEALTHY,0,11.501,11.658,11.998,12.346,3.055,3.085,3.113,3.128,1.201,1.1959,1.2063,1.228
CMP-2026-2432,ISRO-TRAIN-LOT-2026,20,125.0,HEALTHY,0,9.507,9.762,10.271,10.365,2.264,2.263,2.351,2.298,1.102,1.0996,1.117,1.116
CMP-2026-2433,ISRO-TRAIN-LOT-2026,10,125.0,LATENT_DRIFT,1,11.835,19.19,52.294,102.531,2.03,2.43,4.53,11.03,1.0796,1.1596,1.4096,1.9596
CMP-2026-2434,ISRO-TRAIN-LOT-2026,10,125.0,HEALTHY,0,9.51,9.939,10.165,10.188,2.693,2.741,2.747,2.797,1.1797,1.1812,1.1968,1.2008
CMP-2026-2435,ISRO-TRAIN-LOT-2026,12,125.0,HEALTHY,0,10.113,10.411,10.673,11.095,2.679,2.677,2.777,2.771,1.1924,1.1954,1.2045,1.2095
CMP-2026-2436,ISRO-TRAIN-LOT-2026,4,125.0,HEALTHY,0,10.397,10.57,10.542,11.092,2.631,2.651,2.639,2.762,1.1709,1.1717,1.1852,1.1945
CMP-2026-2437,ISRO-TRAIN-LOT-2026,10,125.0,HEALTHY,0,9.707,9.894,10.207,10.355,2.654,2.68,2.764,2.779,1.1787,1.177,1.1926,1.216
CMP-2026-2438,ISRO-TRAIN-LOT-2026,19,125.0,LATENT_PAT_OUTLIER,1,41.829,43.855,45.787,48.743,5.261,6.061,7.261,9.061,1.4342,1.4842,1.5642,1.6842
CMP-2026-2439,ISRO-TRAIN-LOT-2026,21,125.0,HEALTHY,0,11.198,11.662,11.878,11.725,2.403,2.46,2.513,2.442,1.1201,1.1222,1.1286,1.1367
CMP-2026-2440,ISRO-TRAIN-LOT-2026,5,125.0,HEALTHY,0,9.814,9.984,10.598,10.666,3.044,3.034,3.104,3.086,1.2268,1.2277,1.2613,1.2558
CMP-2026-2441,ISRO-TRAIN-LOT-2026,2,125.0,LATENT_PAT_OUTLIER,1,45.077,46.29,49.705,53.713,6.099,6.899,8.099,9.899,1.4554,1.5054,1.5854,1.7054
CMP-2026-2442,ISRO-TRAIN-LOT-2026,9,125.0,HEALTHY,0,8.076,8.067,8.177,8.879,2.488,2.503,2.585,2.549,1.1958,1.1952,1.1991,1.2258
CMP-2026-2443,ISRO-TRAIN-LOT-2026,10,125.0,HEALTHY,0,12.208,12.434,12.476,12.425,2.731,2.759,2.833,2.905,1.2633,1.2624,1.2688,1.2918
CMP-2026-2444,ISRO-TRAIN-LOT-2026,16,125.0,HEALTHY,0,9.254,9.416,9.451,9.66,2.852,2.855,2.94,2.929,1.2924,1.2932,1.2917,1.3193
CMP-2026-2445,ISRO-TRAIN-LOT-2026,18,125.0,HEALTHY,0,10.627,11.008,11.501,11.549,2.804,2.827,2.902,2.937,1.2044,1.204,1.2215,1.247
CMP-2026-2446,ISRO-TRAIN-LOT-2026,20,125.0,HEALTHY,0,11.899,12.143,12.828,12.833,2.57,2.601,2.65,2.787,1.2641,1.2601,1.2615,1.2864
CMP-2026-2447,ISRO-TRAIN-LOT-2026,17,125.0,HEALTHY,0,11.183,11.391,12.025,12.065,2.374,2.42,2.49,2.424,1.2191,1.2219,1.2425,1.2365
CMP-2026-2448,ISRO-TRAIN-LOT-2026,24,125.0,HEALTHY,0,10.867,11.079,11.191,11.417,2.402,2.471,2.564,2.535,1.2352,1.2471,1.2503,1.2684
CMP-2026-2449,ISRO-TRAIN-LOT-2026,4,125.0,HEALTHY,0,9.853,10.102,10.316,10.428,2.468,2.528,2.602,2.582,1.0937,1.1005,1.1048,1.1354
CMP-2026-2450,ISRO-TRAIN-LOT-2026,13,125.0,HEALTHY,0,9.86,10.095,10.362,10.46,2.418,2.427,2.475,2.447,1.2832,1.291,1.3035,1.3037
CMP-2026-2451,ISRO-TRAIN-LOT-2026,13,125.0,HEALTHY,0,13.389,13.64,14.205,14.385,2.538,2.561,2.566,2.53,1.2321,1.229,1.24,1.2661
CMP-2026-2452,ISRO-TRAIN-LOT-2026,15,125.0,LATENT_PAT_OUTLIER,1,40.58,42.481,45.06,47.213,8.89,9.69,10.89,12.69,1.5433,1.5933,1.6733,1.7933
CMP-2026-2453,ISRO-TRAIN-LOT-2026,2,125.0,HEALTHY,0,8.304,8.406,8.849,8.613,2.616,2.66,2.674,2.68,1.1366,1.144,1.1535,1.1829
CMP-2026-2454,ISRO-TRAIN-LOT-2026,15,125.0,HEALTHY,0,8.716,9.145,9.477,9.538,2.73,2.774,2.822,2.804,1.2165,1.2196,1.2171,1.2474
CMP-2026-2455,ISRO-TRAIN-LOT-2026,7,125.0,HEALTHY,0,8.576,8.879,8.811,8.969,2.94,2.944,3.013,3.042,1.1813,1.1824,1.1795,1.2186
CMP-2026-2456,ISRO-TRAIN-LOT-2026,21,125.0,HEALTHY,0,11.491,11.638,12.027,11.869,2.224,2.273,2.314,2.339,1.1447,1.1401,1.1458,1.1806
CMP-2026-2457,ISRO-TRAIN-LOT-2026,15,125.0,HEALTHY,0,10.616,10.783,10.99,11.19,2.789,2.864,2.826,2.927,1.1359,1.1411,1.1464,1.1625
CMP-2026-2458,ISRO-TRAIN-LOT-2026,14,125.0,HEALTHY,0,10.635,10.887,10.973,11.664,2.558,2.567,2.651,2.643,1.1285,1.1318,1.1425,1.1409
CMP-2026-2459,ISRO-TRAIN-LOT-2026,7,125.0,HEALTHY,0,8.814,9.013,9.608,9.533,2.414,2.521,2.515,2.488,1.1964,1.1946,1.2107,1.2279
CMP-2026-2460,ISRO-TRAIN-LOT-2026,7,125.0,HEALTHY,0,11.237,11.338,11.335,11.856,2.747,2.806,2.854,2.802,1.1584,1.1545,1.1687,1.1978
CMP-2026-2461,ISRO-TRAIN-LOT-2026,20,125.0,HEALTHY,0,7.851,8.017,8.067,8.661,2.091,2.131,2.202,2.191,1.1091,1.1074,1.1255,1.1333
CMP-2026-2462,ISRO-TRAIN-LOT-2026,11,125.0,HEALTHY,0,11.634,11.854,12.275,12.451,2.248,2.3,2.341,2.367,1.2007,1.2035,1.209,1.2229
CMP-2026-2463,ISRO-TRAIN-LOT-2026,21,125.0,HEALTHY,0,10.623,10.711,11.031,11.248,1.9,1.894,1.965,1.953,1.1191,1.121,1.1242,1.1591
CMP-2026-2464,ISRO-TRAIN-LOT-2026,15,125.0,LATENT_DRIFT,1,12.843,17.425,38.549,69.166,2.606,3.006,5.106,11.606,1.2439,1.3239,1.5739,2.1239
CMP-2026-2465,ISRO-TRAIN-LOT-2026,22,125.0,HEALTHY,0,12.076,12.208,12.69,12.606,3.094,3.13,3.221,3.24,1.3581,1.3526,1.3635,1.4044
CMP-2026-2466,ISRO-TRAIN-LOT-2026,23,125.0,HEALTHY,0,11.285,11.362,11.744,12.013,2.766,2.811,2.881,2.954,1.1804,1.1883,1.21,1.2168
CMP-2026-2467,ISRO-TRAIN-LOT-2026,25,125.0,HEALTHY,0,10.214,10.282,10.385,10.466,2.164,2.198,2.262,2.284,1.0712,1.0722,1.0892,1.0837
CMP-2026-2468,ISRO-TRAIN-LOT-2026,23,125.0,HEALTHY,0,10.443,10.814,11.053,10.888,3.183,3.223,3.283,3.335,1.2297,1.2273,1.2402,1.2597
CMP-2026-2469,ISRO-TRAIN-LOT-2026,24,125.0,HEALTHY,0,11.471,11.67,11.63,11.906,2.384,2.48,2.455,2.436,1.1946,1.2009,1.2079,1.2203
CMP-2026-2470,ISRO-TRAIN-LOT-2026,19,125.0,HEALTHY,0,11.231,11.369,12.094,12.238,2.473,2.463,2.534,2.635,1.1197,1.115,1.1302,1.1421
CMP-2026-2471,ISRO-TRAIN-LOT-2026,14,125.0,LATENT_PAT_OUTLIER,1,36.524,37.914,41.21,44.409,7.677,8.477,9.677,11.477,1.5724,1.6224,1.7024,1.8224
CMP-2026-2472,ISRO-TRAIN-LOT-2026,16,125.0,HEALTHY,0,11.457,11.669,11.641,11.724,2.75,2.768,2.845,2.984,1.2133,1.2054,1.2233,1.2395
CMP-2026-2473,ISRO-TRAIN-LOT-2026,10,125.0,HEALTHY,0,9.5,9.773,10.226,10.322,2.976,2.983,3.065,3.045,1.0987,1.0934,1.1058,1.1313
CMP-2026-2474,ISRO-TRAIN-LOT-2026,17,125.0,HEALTHY,0,8.837,9.079,9.145,9.154,2.463,2.501,2.546,2.554,1.1919,1.1946,1.1909,1.2315
CMP-2026-2475,ISRO-TRAIN-LOT-2026,11,125.0,HEALTHY,0,10.721,10.906,11.303,10.991,3.162,3.19,3.289,3.289,1.2003,1.2008,1.2017,1.2329
CMP-2026-2476,ISRO-TRAIN-LOT-2026,3,125.0,HEALTHY,0,10.676,10.995,11.624,11.59,2.496,2.479,2.499,2.585,1.2399,1.2426,1.2555,1.242
CMP-2026-2477,ISRO-TRAIN-LOT-2026,24,125.0,HEALTHY,0,11.191,11.466,11.466,11.681,2.392,2.413,2.494,2.553,1.2717,1.2829,1.2915,1.3092
CMP-2026-2478,ISRO-TRAIN-LOT-2026,1,125.0,HEALTHY,0,9.144,9.256,9.59,9.682,2.281,2.312,2.351,2.429,1.2402,1.2386,1.2316,1.288
CMP-2026-2479,ISRO-TRAIN-LOT-2026,6,125.0,HEALTHY,0,9.721,9.833,9.947,10.148,2.646,2.66,2.725,2.789,1.2688,1.2682,1.2773,1.3084
CMP-2026-2480,ISRO-TRAIN-LOT-2026,18,125.0,HEALTHY,0,10.755,10.982,11.613,11.598,2.879,2.938,2.88,2.99,1.1656,1.1665,1.1783,1.1855
CMP-2026-2481,ISRO-TRAIN-LOT-2026,2,125.0,HEALTHY,0,9.353,9.579,9.547,9.425,2.665,2.724,2.752,2.688,1.2483,1.2512,1.255,1.2813
CMP-2026-2482,ISRO-TRAIN-LOT-2026,18,125.0,HEALTHY,0,10.79,11.079,11.203,11.438,3.026,3.086,3.119,3.15,1.1921,1.1906,1.2089,1.2173
CMP-2026-2483,ISRO-TRAIN-LOT-2026,13,125.0,HEALTHY,0,10.322,10.392,10.768,10.607,2.219,2.256,2.259,2.403,1.1957,1.197,1.2243,1.2474
CMP-2026-2484,ISRO-TRAIN-LOT-2026,18,125.0,HEALTHY,0,11.398,11.505,11.551,11.582,1.92,1.931,1.974,2.019,1.1416,1.1459,1.1546,1.1624
CMP-2026-2485,ISRO-TRAIN-LOT-2026,25,125.0,HEALTHY,0,12.467,12.621,12.902,13.481,2.659,2.653,2.701,2.789,1.218,1.2279,1.2294,1.2516
CMP-2026-2486,ISRO-TRAIN-LOT-2026,6,125.0,HEALTHY,0,9.39,9.62,10.002,10.682,2.855,2.888,2.915,2.971,1.2014,1.1968,1.2088,1.2322
CMP-2026-2487,ISRO-TRAIN-LOT-2026,12,125.0,HEALTHY,0,9.268,9.584,9.703,9.842,2.769,2.801,2.84,2.847,1.358,1.3527,1.3599,1.3798
CMP-2026-2488,ISRO-TRAIN-LOT-2026,8,125.0,HEALTHY,0,8.41,8.661,9.165,8.963,2.281,2.302,2.285,2.366,1.1784,1.1817,1.1892,1.2146
CMP-2026-2489,ISRO-TRAIN-LOT-2026,9,125.0,HEALTHY,0,9.379,9.545,9.919,10.486,2.285,2.327,2.309,2.387,1.2743,1.2762,1.2851,1.2905
CMP-2026-2490,ISRO-TRAIN-LOT-2026,13,125.0,HEALTHY,0,11.707,11.833,12.049,11.989,2.556,2.567,2.648,2.738,1.1756,1.1811,1.1918,1.2082
CMP-2026-2491,ISRO-TRAIN-LOT-2026,18,125.0,HEALTHY,0,10.335,10.656,11.039,11.633,2.175,2.204,2.253,2.261,1.2815,1.2805,1.3009,1.3038
CMP-2026-2492,ISRO-TRAIN-LOT-2026,18,125.0,HEALTHY,0,12.438,12.606,12.725,12.843,2.194,2.227,2.257,2.327,1.2123,1.2156,1.2119,1.24
CMP-2026-2493,ISRO-TRAIN-LOT-2026,14,125.0,HEALTHY,0,10.762,10.904,10.942,10.744,1.895,1.934,1.927,2.043,1.1909,1.1895,1.2036,1.2389
CMP-2026-2494,ISRO-TRAIN-LOT-2026,18,125.0,HEALTHY,0,12.803,12.895,13.127,13.237,2.251,2.261,2.365,2.377,1.2491,1.252,1.2705,1.2844
CMP-2026-2495,ISRO-TRAIN-LOT-2026,8,125.0,HEALTHY,0,12.35,12.668,12.803,12.76,2.453,2.478,2.496,2.506,1.2503,1.2536,1.2618,1.3039
CMP-2026-2496,ISRO-TRAIN-LOT-2026,13,125.0,HEALTHY,0,10.266,10.799,11.194,11.099,2.4,2.453,2.499,2.463,1.1101,1.1051,1.1227,1.1493
CMP-2026-2497,ISRO-TRAIN-LOT-2026,10,125.0,HEALTHY,0,10.774,11.132,11.376,11.297,2.339,2.335,2.464,2.427,1.2485,1.2472,1.2727,1.2772
CMP-2026-2498,ISRO-TRAIN-LOT-2026,1,125.0,HEALTHY,0,9.556,9.667,9.999,10.117,2.465,2.438,2.558,2.574,1.1816,1.1805,1.199,1.2278
CMP-2026-2499,ISRO-TRAIN-LOT-2026,13,125.0,HEALTHY,0,11.566,11.607,12.054,12.211,2.23,2.229,2.329,2.365,1.3942,1.3967,1.4178,1.4153
CMP-2026-2500,ISRO-TRAIN-LOT-2026,2,125.0,HEALTHY,0,9.102,9.466,9.833,10.039,2.634,2.718,2.649,2.582,1.2526,1.2563,1.2595,1.2703
CMP-2026-2501,ISRO-TRAIN-LOT-2026,13,125.0,HEALTHY,0,10.882,11.047,11.439,11.595,2.313,2.383,2.508,2.479,1.2271,1.2312,1.2481,1.2605
CMP-2026-2502,ISRO-TRAIN-LOT-2026,12,125.0,LATENT_PAT_OUTLIER,1,38.771,40.798,42.562,44.95,7.419,8.219,9.419,11.219,1.4028,1.4528,1.5328,1.6528
CMP-2026-2503,ISRO-TRAIN-LOT-2026,22,125.0,HEALTHY,0,12.452,12.734,12.608,12.778,2.769,2.815,2.847,2.888,1.2364,1.2381,1.2329,1.2689
CMP-2026-2504,ISRO-TRAIN-LOT-2026,24,125.0,HEALTHY,0,11.936,12.033,12.827,12.617,2.248,2.24,2.374,2.473,1.1449,1.1477,1.1577,1.1625
CMP-2026-2505,ISRO-TRAIN-LOT-2026,10,125.0,HEALTHY,0,11.135,11.308,11.663,11.814,2.861,2.919,2.931,2.963,1.2418,1.2464,1.2715,1.2749
CMP-2026-2506,ISRO-TRAIN-LOT-2026,18,125.0,HEALTHY,0,12.522,12.69,13.051,13.128,2.708,2.703,2.85,2.827,1.2802,1.2811,1.2881,1.318
CMP-2026-2507,ISRO-TRAIN-LOT-2026,21,125.0,HEALTHY,0,11.15,11.389,11.558,11.49,2.262,2.259,2.325,2.367,1.0784,1.0873,1.0953,1.1084
CMP-2026-2508,ISRO-TRAIN-LOT-2026,9,125.0,HEALTHY,0,10.775,11.012,11.154,11.468,2.941,2.969,3.066,3.039,1.1562,1.158,1.1687,1.1947
CMP-2026-2509,ISRO-TRAIN-LOT-2026,4,125.0,GROSS_OUTLIER,1,52.009,58.267,72.71,100.997,34.497,37.497,42.497,50.497,3.5182,3.7182,4.1182,4.7182
CMP-2026-2510,ISRO-TRAIN-LOT-2026,2,125.0,HEALTHY,0,11.169,11.285,11.536,11.58,2.485,2.512,2.639,2.599,0.957,0.9591,0.9626,0.9932
CMP-2026-2511,ISRO-TRAIN-LOT-2026,8,125.0,HEALTHY,0,11.629,12.018,12.255,12.014,2.621,2.607,2.644,2.785,1.2174,1.2108,1.2394,1.2408
CMP-2026-2512,ISRO-TRAIN-LOT-2026,10,125.0,HEALTHY,0,9.265,9.509,9.683,10.013,2.681,2.68,2.773,2.797,1.1103,1.1159,1.1264,1.1562
CMP-2026-2513,ISRO-TRAIN-LOT-2026,25,125.0,HEALTHY,0,11.354,11.451,12.026,11.578,2.565,2.583,2.633,2.647,1.1297,1.1274,1.1491,1.1486
CMP-2026-2514,ISRO-TRAIN-LOT-2026,24,125.0,HEALTHY,0,12.116,12.248,12.288,12.458,3.082,3.172,3.157,3.158,1.3417,1.3346,1.3538,1.3631
CMP-2026-2515,ISRO-TRAIN-LOT-2026,17,125.0,HEALTHY,0,10.864,11.145,11.524,11.639,2.691,2.694,2.771,2.74,1.1989,1.1967,1.216,1.2264
CMP-2026-2516,ISRO-TRAIN-LOT-2026,19,125.0,HEALTHY,0,11.653,11.886,11.869,12.122,2.412,2.48,2.462,2.549,1.1837,1.18,1.2124,1.2137
CMP-2026-2517,ISRO-TRAIN-LOT-2026,15,125.0,HEALTHY,0,11.705,11.963,11.915,12.18,2.173,2.199,2.281,2.299,1.2852,1.2852,1.2979,1.3142
CMP-2026-2518,ISRO-TRAIN-LOT-2026,7,125.0,HEALTHY,0,8.673,8.814,9.047,9.522,3.044,3.103,3.084,3.048,1.196,1.1943,1.1925,1.2149
CMP-2026-2519,ISRO-TRAIN-LOT-2026,8,125.0,HEALTHY,0,11.318,11.619,11.883,12.304,1.8,1.785,1.962,1.922,1.117,1.1219,1.1223,1.1329
CMP-2026-2520,ISRO-TRAIN-LOT-2026,19,125.0,HEALTHY,0,12.81,12.882,13.301,13.351,2.496,2.562,2.54,2.631,1.2414,1.2425,1.268,1.2687
CMP-2026-2521,ISRO-TRAIN-LOT-2026,13,125.0,LATENT_PAT_OUTLIER,1,39.19,41.13,43.927,46.455,9.4,10.2,11.4,13.2,1.6477,1.6977,1.7777,1.8977
CMP-2026-2522,ISRO-TRAIN-LOT-2026,17,125.0,LATENT_DRIFT,1,13.239,20.142,51.53,98.005,1.643,2.043,4.143,10.643,1.3067,1.3867,1.6367,2.1867
CMP-2026-2523,ISRO-TRAIN-LOT-2026,11,125.0,HEALTHY,0,11.362,11.574,11.901,11.678,2.706,2.769,2.796,2.76,1.3129,1.3188,1.3085,1.3464
CMP-2026-2524,ISRO-TRAIN-LOT-2026,2,125.0,HEALTHY,0,10.066,10.228,10.825,10.942,2.986,3.012,2.972,3.102,1.2646,1.2623,1.2838,1.2865
CMP-2026-2525,ISRO-TRAIN-LOT-2026,14,125.0,HEALTHY,0,9.815,10.139,10.342,10.545,2.38,2.432,2.449,2.487,1.0788,1.087,1.0876,1.1116
CMP-2026-2526,ISRO-TRAIN-LOT-2026,18,125.0,HEALTHY,0,9.502,9.742,10.005,10.038,2.492,2.49,2.508,2.697,1.1044,1.107,1.1125,1.1359
CMP-2026-2527,ISRO-TRAIN-LOT-2026,9,125.0,HEALTHY,0,9.275,9.47,9.813,9.675,1.994,1.991,2.086,2.116,1.2503,1.2461,1.2586,1.2676
CMP-2026-2528,ISRO-TRAIN-LOT-2026,4,125.0,HEALTHY,0,12.007,12.147,12.356,12.7,2.772,2.784,2.843,2.885,1.2833,1.2888,1.2858,1.3114
CMP-2026-2529,ISRO-TRAIN-LOT-2026,18,125.0,HEALTHY,0,9.641,9.91,10.093,10.011,2.12,2.129,2.223,2.308,1.1675,1.1702,1.1726,1.1838
CMP-2026-2530,ISRO-TRAIN-LOT-2026,9,125.0,HEALTHY,0,10.766,11.065,11.05,11.578,1.983,2.024,2.06,2.086,1.2723,1.2795,1.2842,1.3121
CMP-2026-2531,ISRO-TRAIN-LOT-2026,13,125.0,HEALTHY,0,11.395,11.821,12.285,12.313,1.75,1.802,1.821,1.959,1.2564,1.2528,1.2762,1.2746
CMP-2026-2532,ISRO-TRAIN-LOT-2026,4,125.0,LATENT_DRIFT,1,9.217,17.511,53.726,106.033,2.474,2.874,4.974,11.474,1.1139,1.1939,1.4439,1.9939
CMP-2026-2533,ISRO-TRAIN-LOT-2026,9,125.0,HEALTHY,0,11.397,11.84,11.919,11.954,2.183,2.209,2.267,2.23,1.1925,1.193,1.2145,1.2103
CMP-2026-2534,ISRO-TRAIN-LOT-2026,18,125.0,HEALTHY,0,10.297,10.498,10.518,10.877,2.447,2.432,2.571,2.567,1.1509,1.1576,1.159,1.1855
CMP-2026-2535,ISRO-TRAIN-LOT-2026,1,125.0,HEALTHY,0,11.438,11.704,12.06,12.447,2.726,2.791,2.693,2.801,1.1743,1.1768,1.1874,1.19
CMP-2026-2536,ISRO-TRAIN-LOT-2026,16,125.0,HEALTHY,0,13.696,13.873,14.72,14.413,2.153,2.256,2.275,2.247,1.2636,1.254,1.291,1.2877
CMP-2026-2537,ISRO-TRAIN-LOT-2026,19,125.0,LATENT_DRIFT,1,11.211,19.133,54.406,105.063,2.489,2.889,4.989,11.489,1.2069,1.2869,1.5369,2.0869
CMP-2026-2538,ISRO-TRAIN-LOT-2026,1,125.0,HEALTHY,0,10.98,11.186,11.235,11.529,2.814,2.849,2.84,3.01,1.2197,1.2136,1.237,1.2577
CMP-2026-2539,ISRO-TRAIN-LOT-2026,5,125.0,HEALTHY,0,9.242,9.403,9.561,9.701,2.174,2.209,2.268,2.36,1.2307,1.2318,1.2497,1.2702
CMP-2026-2540,ISRO-TRAIN-LOT-2026,20,125.0,HEALTHY,0,14.256,14.437,14.669,14.738,2.499,2.536,2.65,2.594,1.2374,1.2349,1.2542,1.2571
CMP-2026-2541,ISRO-TRAIN-LOT-2026,11,125.0,HEALTHY,0,10.014,10.4,10.411,10.695,2.699,2.742,2.75,2.743,1.0084,1.0101,1.0302,1.0207
CMP-2026-2542,ISRO-TRAIN-LOT-2026,16,125.0,HEALTHY,0,11.404,11.865,12.429,12.424,2.955,3.022,3.049,3.003,1.3367,1.3333,1.3413,1.3567
CMP-2026-2543,ISRO-TRAIN-LOT-2026,3,125.0,HEALTHY,0,11.5,11.805,11.514,12.038,2.979,3.02,3.0,3.058,1.1239,1.1172,1.1241,1.1533
CMP-2026-2544,ISRO-TRAIN-LOT-2026,22,125.0,HEALTHY,0,10.597,10.844,11.038,11.163,2.806,2.84,2.842,3.024,1.1173,1.1116,1.1401,1.1555
CMP-2026-2545,ISRO-TRAIN-LOT-2026,25,125.0,HEALTHY,0,10.176,10.272,10.941,11.304,2.598,2.628,2.702,2.579,1.1678,1.1638,1.1749,1.2027
CMP-2026-2546,ISRO-TRAIN-LOT-2026,3,125.0,HEALTHY,0,12.471,12.899,13.011,13.134,2.842,2.868,2.849,2.927,1.1181,1.1204,1.1305,1.1518
CMP-2026-2547,ISRO-TRAIN-LOT-2026,25,125.0,HEALTHY,0,10.453,10.736,11.35,11.13,2.596,2.625,2.686,2.612,1.0904,1.0943,1.1061,1.1196
CMP-2026-2548,ISRO-TRAIN-LOT-2026,17,125.0,HEALTHY,0,9.557,9.83,10.106,10.243,2.428,2.457,2.525,2.521,1.1629,1.1664,1.1739,1.211
CMP-2026-2549,ISRO-TRAIN-LOT-2026,12,125.0,HEALTHY,0,11.148,11.475,11.888,11.961,2.484,2.508,2.582,2.619,1.1608,1.151,1.1658,1.1923
CMP-2026-2550,ISRO-TRAIN-LOT-2026,4,125.0,HEALTHY,0,12.908,13.028,13.585,13.623,2.415,2.439,2.515,2.466,1.1662,1.1717,1.1802,1.1957
CMP-2026-2551,ISRO-TRAIN-LOT-2026,11,125.0,HEALTHY,0,13.476,13.522,13.835,13.931,2.584,2.618,2.632,2.647,1.3746,1.3866,1.3817,1.4102
CMP-2026-2552,ISRO-TRAIN-LOT-2026,16,125.0,HEALTHY,0,12.027,12.181,12.77,12.551,2.513,2.59,2.631,2.538,1.2586,1.2582,1.2556,1.2923
CMP-2026-2553,ISRO-TRAIN-LOT-2026,5,125.0,HEALTHY,0,11.903,11.959,12.304,12.494,2.426,2.444,2.5,2.475,1.2028,1.2108,1.2146,1.2339
CMP-2026-2554,ISRO-TRAIN-LOT-2026,13,125.0,LATENT_DRIFT,1,11.439,17.455,45.498,86.891,3.027,3.427,5.527,12.027,1.1679,1.2479,1.4979,2.0479
CMP-2026-2555,ISRO-TRAIN-LOT-2026,2,125.0,HEALTHY,0,11.309,11.472,11.626,11.704,2.832,2.93,2.976,2.938,1.219,1.2243,1.2161,1.2467
CMP-2026-2556,ISRO-TRAIN-LOT-2026,23,125.0,HEALTHY,0,10.972,11.228,11.285,11.459,2.957,2.996,3.011,3.062,1.1948,1.2004,1.2089,1.2351
CMP-2026-2557,ISRO-TRAIN-LOT-2026,1,125.0,HEALTHY,0,10.923,11.178,11.552,11.504,2.623,2.664,2.775,2.75,1.1479,1.1473,1.1503,1.1802
CMP-2026-2558,ISRO-TRAIN-LOT-2026,16,125.0,HEALTHY,0,11.32,11.682,12.088,12.09,1.73,1.782,1.679,1.851,1.2823,1.2862,1.2976,1.3161
CMP-2026-2559,ISRO-TRAIN-LOT-2026,4,125.0,HEALTHY,0,9.587,9.943,10.746,10.219,2.077,2.111,2.187,2.172,1.2478,1.2535,1.256,1.2644
CMP-2026-2560,ISRO-TRAIN-LOT-2026,23,125.0,HEALTHY,0,11.251,11.705,12.138,12.417,2.258,2.294,2.318,2.359,1.2738,1.279,1.2913,1.2995
CMP-2026-2561,ISRO-TRAIN-LOT-2026,2,125.0,HEALTHY,0,8.394,8.689,9.015,9.264,2.758,2.789,2.863,2.883,1.1554,1.1495,1.1492,1.1842
CMP-2026-2562,ISRO-TRAIN-LOT-2026,24,125.0,GROSS_OUTLIER,1,74.543,79.681,85.417,106.975,17.095,20.095,25.095,33.095,2.959,3.159,3.559,4.159
CMP-2026-2563,ISRO-TRAIN-LOT-2026,17,125.0,HEALTHY,0,13.139,13.219,13.652,13.589,2.692,2.752,2.767,2.84,1.3701,1.3715,1.404,1.426
CMP-2026-2564,ISRO-TRAIN-LOT-2026,17,125.0,HEALTHY,0,9.974,10.112,10.365,10.194,2.16,2.21,2.203,2.312,1.1681,1.1636,1.1817,1.2042
CMP-2026-2565,ISRO-TRAIN-LOT-2026,15,125.0,HEALTHY,0,12.19,12.508,12.849,13.117,1.668,1.687,1.693,1.743,1.1786,1.1789,1.1932,1.213
CMP-2026-2566,ISRO-TRAIN-LOT-2026,12,125.0,HEALTHY,0,12.969,13.193,13.552,13.764,2.415,2.455,2.529,2.516,1.2044,1.2024,1.2198,1.2169
CMP-2026-2567,ISRO-TRAIN-LOT-2026,3,125.0,HEALTHY,0,8.418,8.443,8.727,8.836,2.45,2.485,2.51,2.539,1.0983,1.0865,1.102,1.1328
CMP-2026-2568,ISRO-TRAIN-LOT-2026,16,125.0,HEALTHY,0,12.936,13.159,13.409,13.384,1.79,1.844,1.903,1.896,1.1559,1.1616,1.1796,1.1981
CMP-2026-2569,ISRO-TRAIN-LOT-2026,14,125.0,HEALTHY,0,10.104,10.225,10.665,10.828,2.952,3.007,3.049,3.093,1.2135,1.212,1.2186,1.2475
CMP-2026-2570,ISRO-TRAIN-LOT-2026,14,125.0,HEALTHY,0,10.616,10.893,10.801,10.911,2.633,2.693,2.694,2.757,1.2389,1.2413,1.2452,1.2758
CMP-2026-2571,ISRO-TRAIN-LOT-2026,20,125.0,HEALTHY,0,10.798,10.902,11.253,11.272,1.994,2.047,2.055,2.057,1.1883,1.1819,1.1956,1.2175
CMP-2026-2572,ISRO-TRAIN-LOT-2026,1,125.0,HEALTHY,0,10.77,10.876,11.249,11.674,2.776,2.814,2.836,2.94,1.1556,1.1604,1.1681,1.1974
CMP-2026-2573,ISRO-TRAIN-LOT-2026,8,125.0,HEALTHY,0,10.511,10.764,11.081,11.406,2.793,2.799,2.896,2.813,1.176,1.1727,1.1829,1.1983
CMP-2026-2574,ISRO-TRAIN-LOT-2026,5,125.0,GROSS_OUTLIER,1,84.133,90.783,97.118,112.914,28.165,31.165,36.165,44.165,3.134,3.334,3.734,4.334
CMP-2026-2575,ISRO-TRAIN-LOT-2026,1,125.0,HEALTHY,0,7.927,8.095,8.295,8.412,2.711,2.703,2.794,2.768,1.2938,1.2914,1.3068,1.3264
CMP-2026-2576,ISRO-TRAIN-LOT-2026,20,125.0,HEALTHY,0,9.723,10.088,10.109,10.607,3.109,3.148,3.159,3.302,1.1957,1.2032,1.1989,1.224
CMP-2026-2577,ISRO-TRAIN-LOT-2026,5,125.0,HEALTHY,0,10.908,11.006,11.53,11.728,1.942,1.951,1.904,2.021,1.3304,1.3316,1.3533,1.3478
CMP-2026-2578,ISRO-TRAIN-LOT-2026,19,125.0,HEALTHY,0,11.647,11.96,11.899,11.91,2.026,2.061,2.103,2.098,1.0408,1.0422,1.0457,1.0736
CMP-2026-2579,ISRO-TRAIN-LOT-2026,23,125.0,HEALTHY,0,11.872,12.095,12.54,12.026,3.03,3.061,3.145,3.114,1.1564,1.1587,1.1729,1.1887
CMP-2026-2580,ISRO-TRAIN-LOT-2026,16,125.0,LATENT_DRIFT,1,12.746,19.802,50.579,97.249,2.282,2.682,4.782,11.282,1.1925,1.2725,1.5225,2.0725
CMP-2026-2581,ISRO-TRAIN-LOT-2026,10,125.0,HEALTHY,0,8.428,8.766,8.923,9.036,2.558,2.576,2.705,2.685,1.2992,1.3022,1.3211,1.3201
CMP-2026-2582,ISRO-TRAIN-LOT-2026,16,125.0,HEALTHY,0,10.898,11.262,11.589,11.505,2.421,2.409,2.49,2.55,1.1616,1.1674,1.175,1.1929
CMP-2026-2583,ISRO-TRAIN-LOT-2026,9,125.0,HEALTHY,0,8.476,8.811,9.011,9.523,2.224,2.284,2.288,2.31,1.1662,1.1678,1.1739,1.2015
CMP-2026-2584,ISRO-TRAIN-LOT-2026,12,125.0,HEALTHY,0,8.375,8.823,9.117,9.396,2.682,2.698,2.723,2.758,1.2674,1.2677,1.2695,1.3062
CMP-2026-2585,ISRO-TRAIN-LOT-2026,16,125.0,HEALTHY,0,9.764,10.026,9.935,10.438,2.693,2.754,2.687,2.794,0.9122,0.9189,0.9199,0.9316
CMP-2026-2586,ISRO-TRAIN-LOT-2026,3,125.0,LATENT_DRIFT,1,13.292,18.629,41.773,77.21,2.693,3.093,5.193,11.693,1.3077,1.3877,1.6377,2.1877
CMP-2026-2587,ISRO-TRAIN-LOT-2026,11,125.0,HEALTHY,0,10.328,10.488,10.789,10.483,2.69,2.756,2.802,2.735,1.1367,1.1423,1.1589,1.1637
CMP-2026-2588,ISRO-TRAIN-LOT-2026,1,125.0,HEALTHY,0,10.232,10.454,10.939,10.91,2.797,2.82,2.835,2.882,1.122,1.1254,1.135,1.1415
CMP-2026-2589,ISRO-TRAIN-LOT-2026,15,125.0,HEALTHY,0,10.58,10.526,11.206,11.148,2.023,1.994,2.049,2.176,1.1541,1.1582,1.1702,1.1761
CMP-2026-2590,ISRO-TRAIN-LOT-2026,6,125.0,HEALTHY,0,10.584,10.554,11.171,11.258,2.619,2.683,2.634,2.754,1.3688,1.3728,1.384,1.3911
CMP-2026-2591,ISRO-TRAIN-LOT-2026,12,125.0,HEALTHY,0,9.98,10.362,10.756,11.126,2.773,2.828,2.821,2.822,1.3334,1.3411,1.3437,1.3586
CMP-2026-2592,ISRO-TRAIN-LOT-2026,12,125.0,HEALTHY,0,10.496,10.771,10.875,11.214,2.846,2.806,2.975,2.892,1.1114,1.1137,1.1222,1.1503
CMP-2026-2593,ISRO-TRAIN-LOT-2026,4,125.0,HEALTHY,0,10.396,10.665,10.572,10.886,2.237,2.262,2.28,2.347,1.2138,1.2205,1.2242,1.2384
CMP-2026-2594,ISRO-TRAIN-LOT-2026,6,125.0,HEALTHY,0,9.223,9.51,9.587,9.605,2.48,2.468,2.582,2.552,1.2652,1.2791,1.2622,1.3038
CMP-2026-2595,ISRO-TRAIN-LOT-2026,25,125.0,HEALTHY,0,11.137,11.306,11.861,12.27,2.774,2.847,2.891,2.857,1.2126,1.2221,1.2252,1.2316
CMP-2026-2596,ISRO-TRAIN-LOT-2026,17,125.0,HEALTHY,0,11.583,11.783,12.123,12.618,3.052,3.062,3.142,3.13,1.1442,1.1442,1.1558,1.1647
CMP-2026-2597,ISRO-TRAIN-LOT-2026,8,125.0,HEALTHY,0,12.427,12.623,13.148,12.84,2.155,2.212,2.144,2.205,1.1662,1.1714,1.1871,1.1862
CMP-2026-2598,ISRO-TRAIN-LOT-2026,7,125.0,HEALTHY,0,10.483,10.444,11.265,11.305,2.221,2.283,2.272,2.301,1.2672,1.27,1.2788,1.3067
CMP-2026-2599,ISRO-TRAIN-LOT-2026,18,125.0,HEALTHY,0,12.022,12.116,12.604,13.027,2.173,2.217,2.276,2.287,1.3126,1.3098,1.3204,1.3412
CMP-2026-2600,ISRO-TRAIN-LOT-2026,22,125.0,HEALTHY,0,10.581,10.821,11.062,10.992,2.862,2.921,2.888,2.981,1.2024,1.1986,1.2173,1.239
CMP-2026-2601,ISRO-TRAIN-LOT-2026,20,125.0,HEALTHY,0,11.6,11.836,12.149,12.009,2.806,2.88,2.872,2.85,1.1801,1.1839,1.1939,1.2076
CMP-2026-2602,ISRO-TRAIN-LOT-2026,13,125.0,HEALTHY,0,11.745,11.856,12.259,12.117,2.992,3.044,3.038,3.169,1.2757,1.2739,1.2863,1.2894
CMP-2026-2603,ISRO-TRAIN-LOT-2026,25,125.0,HEALTHY,0,10.739,11.041,11.205,11.468,2.329,2.354,2.365,2.315,1.254,1.2615,1.2619,1.278
CMP-2026-2604,ISRO-TRAIN-LOT-2026,13,125.0,HEALTHY,0,9.83,10.194,10.412,10.742,2.915,2.964,3.033,3.039,1.0045,1.0057,1.0295,1.0171
CMP-2026-2605,ISRO-TRAIN-LOT-2026,7,125.0,HEALTHY,0,8.91,8.959,9.51,9.857,2.083,2.1,2.153,2.144,1.1899,1.1965,1.2056,1.2206
CMP-2026-2606,ISRO-TRAIN-LOT-2026,1,125.0,HEALTHY,0,10.288,10.523,10.806,10.701,2.534,2.5,2.67,2.59,1.2854,1.2828,1.288,1.3123
CMP-2026-2607,ISRO-TRAIN-LOT-2026,3,125.0,HEALTHY,0,10.469,10.75,11.123,11.17,2.719,2.746,2.773,2.896,1.2161,1.2183,1.2248,1.2456
CMP-2026-2608,ISRO-TRAIN-LOT-2026,15,125.0,HEALTHY,0,10.557,10.832,11.19,11.44,2.923,2.965,2.979,3.101,1.2232,1.2247,1.224,1.2462
CMP-2026-2609,ISRO-TRAIN-LOT-2026,11,125.0,HEALTHY,0,9.039,9.34,9.326,9.707,2.784,2.809,2.886,2.933,1.2144,1.2195,1.2344,1.2418
CMP-2026-2610,ISRO-TRAIN-LOT-2026,17,125.0,HEALTHY,0,9.164,9.426,9.59,9.636,2.212,2.237,2.21,2.376,1.3209,1.3222,1.3382,1.3422
CMP-2026-2611,ISRO-TRAIN-LOT-2026,21,125.0,HEALTHY,0,9.927,10.098,10.273,10.406,2.434,2.482,2.555,2.444,1.2822,1.2836,1.2964,1.3161
CMP-2026-2612,ISRO-TRAIN-LOT-2026,18,125.0,LATENT_PAT_OUTLIER,1,46.096,47.225,48.864,53.299,5.678,6.478,7.678,9.478,1.552,1.602,1.682,1.802
CMP-2026-2613,ISRO-TRAIN-LOT-2026,24,125.0,HEALTHY,0,11.426,11.653,11.955,12.699,2.742,2.736,2.748,2.841,1.1418,1.1376,1.1472,1.1547
CMP-2026-2614,ISRO-TRAIN-LOT-2026,8,125.0,LATENT_DRIFT,1,14.616,19.497,41.886,75.302,2.225,2.625,4.725,11.225,1.1904,1.2704,1.5204,2.0704
CMP-2026-2615,ISRO-TRAIN-LOT-2026,1,125.0,HEALTHY,0,10.796,11.135,11.307,11.566,2.298,2.339,2.313,2.422,1.2269,1.2215,1.2307,1.2608
CMP-2026-2616,ISRO-TRAIN-LOT-2026,17,125.0,HEALTHY,0,11.642,11.808,11.936,12.057,2.913,2.918,3.001,3.036,1.1552,1.163,1.1767,1.1815
CMP-2026-2617,ISRO-TRAIN-LOT-2026,25,125.0,HEALTHY,0,13.127,13.219,13.78,14.124,2.462,2.449,2.549,2.635,1.2003,1.2079,1.2106,1.2231
CMP-2026-2618,ISRO-TRAIN-LOT-2026,22,125.0,HEALTHY,0,9.786,10.015,10.65,10.637,2.993,3.035,3.057,3.012,1.132,1.1298,1.1499,1.1462
CMP-2026-2619,ISRO-TRAIN-LOT-2026,25,125.0,HEALTHY,0,11.549,11.836,12.52,12.694,2.566,2.591,2.591,2.642,1.1532,1.1537,1.1793,1.1951
CMP-2026-2620,ISRO-TRAIN-LOT-2026,12,125.0,HEALTHY,0,9.1,9.33,9.575,9.555,2.399,2.486,2.518,2.426,1.1618,1.1674,1.179,1.2041
CMP-2026-2621,ISRO-TRAIN-LOT-2026,2,125.0,HEALTHY,0,7.641,8.028,7.893,7.87,1.723,1.773,1.762,1.905,1.1688,1.1706,1.1846,1.216
CMP-2026-2622,ISRO-TRAIN-LOT-2026,12,125.0,LATENT_PAT_OUTLIER,1,43.835,45.512,47.795,49.849,8.033,8.833,10.033,11.833,1.6397,1.6897,1.7697,1.8897
CMP-2026-2623,ISRO-TRAIN-LOT-2026,24,125.0,LATENT_DRIFT,1,13.793,21.671,57.303,108.994,2.014,2.414,4.514,11.014,1.1685,1.2485,1.4985,2.0485
CMP-2026-2624,ISRO-TRAIN-LOT-2026,10,125.0,HEALTHY,0,10.167,10.522,10.91,11.28,2.476,2.534,2.617,2.522,1.1486,1.1494,1.1561,1.181
CMP-2026-2625,ISRO-TRAIN-LOT-2026,11,125.0,HEALTHY,0,10.984,11.138,11.763,11.433,2.536,2.566,2.601,2.667,1.3023,1.3062,1.3216,1.3334
CMP-2026-2626,ISRO-TRAIN-LOT-2026,16,125.0,HEALTHY,0,8.316,8.622,8.975,9.114,2.188,2.214,2.231,2.385,1.1627,1.1672,1.1797,1.1796
CMP-2026-2627,ISRO-TRAIN-LOT-2026,4,125.0,HEALTHY,0,11.767,12.055,12.398,12.511,2.723,2.776,2.778,2.915,1.3304,1.3301,1.3518,1.3761
CMP-2026-2628,ISRO-TRAIN-LOT-2026,15,125.0,HEALTHY,0,11.622,11.928,12.544,12.557,2.751,2.789,2.789,2.797,1.1982,1.1929,1.2254,1.2296
CMP-2026-2629,ISRO-TRAIN-LOT-2026,5,125.0,LATENT_DRIFT,1,11.392,19.94,57.733,113.752,2.737,3.137,5.237,11.737,1.2155,1.2955,1.5455,2.0955
CMP-2026-2630,ISRO-TRAIN-LOT-2026,10,125.0,HEALTHY,0,10.322,10.637,11.246,10.986,2.424,2.432,2.502,2.571,1.205,1.205,1.2204,1.2373
CMP-2026-2631,ISRO-TRAIN-LOT-2026,22,125.0,HEALTHY,0,9.947,10.33,10.863,10.608,2.53,2.524,2.626,2.681,1.2014,1.2029,1.2261,1.2458
CMP-2026-2632,ISRO-TRAIN-LOT-2026,22,125.0,HEALTHY,0,10.178,10.547,10.832,11.244,2.257,2.287,2.349,2.34,1.2194,1.2178,1.2194,1.241
CMP-2026-2633,ISRO-TRAIN-LOT-2026,10,125.0,HEALTHY,0,11.498,11.723,11.744,12.004,2.751,2.719,2.83,2.845,1.1686,1.1721,1.1718,1.198
CMP-2026-2634,ISRO-TRAIN-LOT-2026,9,125.0,HEALTHY,0,9.26,9.58,9.768,9.98,2.782,2.834,2.813,2.871,1.2501,1.2474,1.2587,1.2793
CMP-2026-2635,ISRO-TRAIN-LOT-2026,19,125.0,LATENT_DRIFT,1,11.726,17.309,42.857,79.836,2.131,2.531,4.631,11.131,1.2016,1.2816,1.5316,2.0816
CMP-2026-2636,ISRO-TRAIN-LOT-2026,24,125.0,HEALTHY,0,10.21,10.512,10.858,11.131,2.602,2.674,2.638,2.777,1.1285,1.1299,1.1325,1.1722
CMP-2026-2637,ISRO-TRAIN-LOT-2026,8,125.0,HEALTHY,0,10.668,10.859,11.285,11.117,2.752,2.797,2.773,2.813,0.9863,0.986,0.9862,1.0178
CMP-2026-2638,ISRO-TRAIN-LOT-2026,8,125.0,HEALTHY,0,11.036,11.264,11.77,12.103,2.312,2.366,2.379,2.379,1.187,1.1849,1.2091,1.2129
CMP-2026-2639,ISRO-TRAIN-LOT-2026,19,125.0,HEALTHY,0,13.253,13.622,13.958,14.053,2.58,2.585,2.681,2.666,1.1667,1.1667,1.1765,1.2116
CMP-2026-2640,ISRO-TRAIN-LOT-2026,14,125.0,HEALTHY,0,10.004,10.255,10.222,10.402,2.543,2.658,2.615,2.675,1.3229,1.3195,1.3332,1.3575
CMP-2026-2641,ISRO-TRAIN-LOT-2026,21,125.0,HEALTHY,0,12.118,12.506,12.868,12.994,3.05,3.044,3.06,3.093,1.3562,1.364,1.3488,1.3668
CMP-2026-2642,ISRO-TRAIN-LOT-2026,18,125.0,HEALTHY,0,10.307,10.638,10.583,10.962,2.713,2.797,2.851,2.889,1.2858,1.2851,1.2901,1.3326
CMP-2026-2643,ISRO-TRAIN-LOT-2026,21,125.0,HEALTHY,0,12.032,12.492,12.039,12.951,2.52,2.56,2.588,2.68,1.2856,1.2943,1.2894,1.3027
CMP-2026-2644,ISRO-TRAIN-LOT-2026,13,125.0,LATENT_PAT_OUTLIER,1,39.39,41.251,44.616,47.936,8.244,9.044,10.244,12.044,1.5557,1.6057,1.6857,1.8057
CMP-2026-2645,ISRO-TRAIN-LOT-2026,8,125.0,HEALTHY,0,11.173,11.271,11.5,11.693,2.732,2.766,2.885,2.886,1.2503,1.2428,1.2498,1.2799
CMP-2026-2646,ISRO-TRAIN-LOT-2026,11,125.0,HEALTHY,0,11.268,11.585,11.684,12.006,3.352,3.369,3.488,3.529,1.1689,1.1615,1.1824,1.1892
CMP-2026-2647,ISRO-TRAIN-LOT-2026,10,125.0,HEALTHY,0,11.887,12.326,12.536,12.506,3.032,3.118,3.107,3.153,1.1565,1.1569,1.166,1.1807
CMP-2026-2648,ISRO-TRAIN-LOT-2026,5,125.0,LATENT_DRIFT,1,12.33,20.389,57.469,111.715,1.991,2.391,4.491,10.991,1.2633,1.3433,1.5933,2.1433
CMP-2026-2649,ISRO-TRAIN-LOT-2026,13,125.0,HEALTHY,0,7.467,7.505,8.044,7.783,1.984,1.951,1.986,2.124,1.225,1.2177,1.2403,1.2459
CMP-2026-2650,ISRO-TRAIN-LOT-2026,3,125.0,HEALTHY,0,10.786,10.927,11.262,11.599,2.59,2.616,2.638,2.656,1.1191,1.1176,1.1282,1.1615
CMP-2026-2651,ISRO-TRAIN-LOT-2026,24,125.0,HEALTHY,0,9.129,9.338,9.427,9.365,2.333,2.375,2.399,2.389,1.2009,1.1996,1.2072,1.2344
CMP-2026-2652,ISRO-TRAIN-LOT-2026,11,125.0,HEALTHY,0,10.883,11.069,11.695,11.632,2.249,2.294,2.324,2.371,1.3071,1.3147,1.3239,1.3478
CMP-2026-2653,ISRO-TRAIN-LOT-2026,3,125.0,HEALTHY,0,10.461,10.711,10.691,10.88,2.219,2.243,2.272,2.283,1.251,1.2504,1.2696,1.2883
CMP-2026-2654,ISRO-TRAIN-LOT-2026,17,125.0,HEALTHY,0,11.64,11.943,12.383,12.303,2.06,2.08,2.157,2.141,1.0427,1.0454,1.0409,1.0704
CMP-2026-2655,ISRO-TRAIN-LOT-2026,2,125.0,HEALTHY,0,9.712,10.164,10.161,10.605,2.379,2.411,2.431,2.485,1.3044,1.3074,1.3049,1.3323
CMP-2026-2656,ISRO-TRAIN-LOT-2026,1,125.0,HEALTHY,0,9.263,9.717,9.917,10.293,2.173,2.203,2.218,2.382,1.1136,1.1151,1.1346,1.1437
CMP-2026-2657,ISRO-TRAIN-LOT-2026,10,125.0,HEALTHY,0,7.652,7.8,8.197,8.347,1.954,1.936,2.001,2.016,1.0389,1.0364,1.0555,1.067
CMP-2026-2658,ISRO-TRAIN-LOT-2026,21,125.0,HEALTHY,0,10.45,10.65,10.979,10.723,2.206,2.201,2.297,2.197,1.2,1.2,1.2099,1.2409
CMP-2026-2659,ISRO-TRAIN-LOT-2026,16,125.0,HEALTHY,0,10.769,10.786,11.033,11.422,1.848,1.85,1.9,2.104,1.1638,1.1718,1.1729,1.1833
CMP-2026-2660,ISRO-TRAIN-LOT-2026,13,125.0,HEALTHY,0,9.718,10.106,10.596,10.612,2.318,2.366,2.394,2.401,1.1011,1.1144,1.1077,1.1283
CMP-2026-2661,ISRO-TRAIN-LOT-2026,15,125.0,LATENT_PAT_OUTLIER,1,44.396,46.143,47.873,50.611,9.063,9.863,11.063,12.863,1.6344,1.6844,1.7644,1.8844
CMP-2026-2662,ISRO-TRAIN-LOT-2026,7,125.0,HEALTHY,0,11.547,11.874,12.268,12.708,2.552,2.653,2.655,2.615,1.2544,1.2562,1.2626,1.2763
CMP-2026-2663,ISRO-TRAIN-LOT-2026,16,125.0,HEALTHY,0,10.624,10.876,10.925,10.829,1.809,1.867,1.883,1.996,1.2174,1.215,1.2215,1.2629
CMP-2026-2664,ISRO-TRAIN-LOT-2026,13,125.0,HEALTHY,0,10.224,10.25,10.842,10.73,2.714,2.751,2.751,2.81,1.2235,1.2266,1.2384,1.2729
CMP-2026-2665,ISRO-TRAIN-LOT-2026,2,125.0,HEALTHY,0,10.178,10.509,10.612,10.656,2.587,2.61,2.77,2.578,1.305,1.3157,1.3174,1.3342
CMP-2026-2666,ISRO-TRAIN-LOT-2026,2,125.0,HEALTHY,0,10.467,10.701,11.016,11.446,1.951,1.992,1.997,1.995,1.2024,1.2032,1.1982,1.2299
CMP-2026-2667,ISRO-TRAIN-LOT-2026,3,125.0,HEALTHY,0,9.864,10.126,10.388,10.369,2.672,2.696,2.758,2.696,1.1649,1.169,1.1796,1.1992
CMP-2026-2668,ISRO-TRAIN-LOT-2026,2,125.0,HEALTHY,0,10.697,11.203,11.312,11.666,2.486,2.498,2.472,2.58,1.1324,1.1368,1.1575,1.1546
CMP-2026-2669,ISRO-TRAIN-LOT-2026,11,125.0,HEALTHY,0,9.479,9.892,10.114,10.036,2.169,2.189,2.239,2.193,1.2342,1.2372,1.2443,1.2446
CMP-2026-2670,ISRO-TRAIN-LOT-2026,20,125.0,HEALTHY,0,10.618,10.92,11.631,11.53,2.852,2.898,2.925,2.988,1.2189,1.2274,1.2217,1.2489
CMP-2026-2671,ISRO-TRAIN-LOT-2026,23,125.0,HEALTHY,0,11.213,11.428,11.907,11.914,2.14,2.199,2.201,2.183,1.3087,1.3019,1.3239,1.3305
CMP-2026-2672,ISRO-TRAIN-LOT-2026,19,125.0,HEALTHY,0,11.547,11.723,12.024,12.408,2.503,2.534,2.605,2.578,1.3711,1.3821,1.3772,1.3801
CMP-2026-2673,ISRO-TRAIN-LOT-2026,19,125.0,HEALTHY,0,10.28,10.443,10.85,11.033,1.989,2.045,2.066,2.059,1.1281,1.1338,1.1558,1.1694
CMP-2026-2674,ISRO-TRAIN-LOT-2026,10,125.0,HEALTHY,0,12.142,12.568,12.49,12.589,2.239,2.229,2.33,2.409,1.3253,1.3301,1.336,1.3549
CMP-2026-2675,ISRO-TRAIN-LOT-2026,5,125.0,HEALTHY,0,10.114,10.316,10.854,11.134,2.729,2.693,2.84,2.842,1.1981,1.1968,1.2033,1.2228
CMP-2026-2676,ISRO-TRAIN-LOT-2026,10,125.0,HEALTHY,0,11.822,12.032,12.376,12.706,1.994,2.037,2.1,2.14,1.2318,1.2319,1.2438,1.2619
CMP-2026-2677,ISRO-TRAIN-LOT-2026,19,125.0,HEALTHY,0,10.7,10.975,11.169,11.419,2.707,2.716,2.763,2.834,1.2057,1.2003,1.2238,1.2252
CMP-2026-2678,ISRO-TRAIN-LOT-2026,11,125.0,LATENT_DRIFT,1,11.711,16.446,37.923,70.374,2.445,2.845,4.945,11.445,1.1948,1.2748,1.5248,2.0748
CMP-2026-2679,ISRO-TRAIN-LOT-2026,4,125.0,HEALTHY,0,9.448,9.727,9.729,10.089,2.406,2.442,2.45,2.54,1.2786,1.271,1.2736,1.2994
CMP-2026-2680,ISRO-TRAIN-LOT-2026,2,125.0,HEALTHY,0,11.72,12.02,12.377,12.857,2.919,2.981,2.943,3.002,1.1776,1.1832,1.1718,1.2129
CMP-2026-2681,ISRO-TRAIN-LOT-2026,2,125.0,HEALTHY,0,9.135,9.513,9.609,9.998,2.925,2.964,3.024,2.973,1.1266,1.1272,1.1369,1.1512
CMP-2026-2682,ISRO-TRAIN-LOT-2026,6,125.0,HEALTHY,0,10.349,10.636,11.25,11.198,2.324,2.345,2.369,2.468,1.3424,1.3402,1.365,1.3674
CMP-2026-2683,ISRO-TRAIN-LOT-2026,13,125.0,HEALTHY,0,10.248,10.662,11.037,10.973,2.671,2.69,2.769,2.805,1.2825,1.2833,1.2986,1.2931
CMP-2026-2684,ISRO-TRAIN-LOT-2026,19,125.0,HEALTHY,0,11.518,11.902,12.192,12.349,2.553,2.584,2.608,2.677,1.2873,1.2869,1.2933,1.3269
CMP-2026-2685,ISRO-TRAIN-LOT-2026,24,125.0,HEALTHY,0,10.622,10.958,11.402,11.545,2.474,2.52,2.623,2.593,1.3086,1.3025,1.3176,1.3375
CMP-2026-2686,ISRO-TRAIN-LOT-2026,11,125.0,HEALTHY,0,10.265,10.56,10.879,11.025,2.412,2.453,2.478,2.546,1.2504,1.2479,1.2664,1.2864
CMP-2026-2687,ISRO-TRAIN-LOT-2026,25,125.0,HEALTHY,0,13.632,13.848,14.345,14.701,2.704,2.761,2.746,2.89,1.2878,1.2968,1.2808,1.31
CMP-2026-2688,ISRO-TRAIN-LOT-2026,17,125.0,HEALTHY,0,9.924,10.396,10.513,10.783,2.437,2.469,2.421,2.558,1.103,1.1085,1.1118,1.1523
CMP-2026-2689,ISRO-TRAIN-LOT-2026,2,125.0,HEALTHY,0,9.717,9.698,10.103,10.026,2.547,2.586,2.651,2.685,1.2885,1.284,1.2921,1.3094
CMP-2026-2690,ISRO-TRAIN-LOT-2026,23,125.0,LATENT_PAT_OUTLIER,1,45.529,47.559,49.649,53.535,7.342,8.142,9.342,11.142,1.5979,1.6479,1.7279,1.8479
CMP-2026-2691,ISRO-TRAIN-LOT-2026,5,125.0,HEALTHY,0,10.551,10.872,11.174,11.275,2.542,2.561,2.554,2.591,1.1502,1.1494,1.1561,1.1863
CMP-2026-2692,ISRO-TRAIN-LOT-2026,8,125.0,HEALTHY,0,9.015,9.451,9.677,10.267,2.227,2.291,2.262,2.337,1.203,1.2117,1.2286,1.2374
CMP-2026-2693,ISRO-TRAIN-LOT-2026,16,125.0,LATENT_DRIFT,1,11.433,19.234,54.945,108.829,3.091,3.491,5.591,12.091,1.3137,1.3937,1.6437,2.1937
CMP-2026-2694,ISRO-TRAIN-LOT-2026,5,125.0,HEALTHY,0,9.945,9.884,10.601,10.804,3.005,3.072,3.098,3.108,1.2616,1.2599,1.2728,1.2893
CMP-2026-2695,ISRO-TRAIN-LOT-2026,25,125.0,HEALTHY,0,12.256,12.575,12.908,13.027,2.408,2.445,2.419,2.517,1.0793,1.0677,1.1015,1.0941
CMP-2026-2696,ISRO-TRAIN-LOT-2026,10,125.0,HEALTHY,0,11.615,11.865,11.891,12.118,2.173,2.213,2.206,2.303,1.1984,1.1947,1.2053,1.2265
CMP-2026-2697,ISRO-TRAIN-LOT-2026,9,125.0,HEALTHY,0,10.621,10.843,11.186,11.34,2.663,2.7,2.743,2.724,1.3076,1.3124,1.3308,1.3351
CMP-2026-2698,ISRO-TRAIN-LOT-2026,1,125.0,LATENT_PAT_OUTLIER,1,43.417,44.457,46.202,48.215,6.702,7.502,8.702,10.502,1.6161,1.6661,1.7461,1.8661
CMP-2026-2699,ISRO-TRAIN-LOT-2026,5,125.0,HEALTHY,0,11.035,11.196,11.377,11.334,2.81,2.862,2.913,2.934,1.3088,1.3159,1.3129,1.3298
CMP-2026-2700,ISRO-TRAIN-LOT-2026,5,125.0,HEALTHY,0,10.682,10.979,11.133,11.415,2.134,2.157,2.214,2.218,1.1874,1.1795,1.1876,1.212
CMP-2026-2701,ISRO-TRAIN-LOT-2026,7,125.0,HEALTHY,0,8.634,8.976,9.382,9.327,2.674,2.708,2.733,2.756,1.1109,1.1048,1.1156,1.1363
CMP-2026-2702,ISRO-TRAIN-LOT-2026,22,125.0,HEALTHY,0,13.115,13.58,13.78,13.69,3.073,3.086,3.174,3.064,1.3331,1.3327,1.3423,1.3606
CMP-2026-2703,ISRO-TRAIN-LOT-2026,24,125.0,HEALTHY,0,10.684,10.84,11.252,11.496,2.407,2.466,2.459,2.486,1.152,1.1626,1.1598,1.1819
CMP-2026-2704,ISRO-TRAIN-LOT-2026,7,125.0,HEALTHY,0,9.52,9.742,10.011,10.779,2.196,2.28,2.26,2.307,1.143,1.1476,1.1654,1.164
CMP-2026-2705,ISRO-TRAIN-LOT-2026,6,125.0,HEALTHY,0,10.85,11.141,11.329,11.81,2.774,2.839,2.786,2.775,1.1599,1.165,1.1803,1.2123
CMP-2026-2706,ISRO-TRAIN-LOT-2026,6,125.0,HEALTHY,0,9.527,9.799,10.078,9.952,2.643,2.685,2.744,2.806,1.1132,1.1115,1.1152,1.1363
CMP-2026-2707,ISRO-TRAIN-LOT-2026,11,125.0,HEALTHY,0,9.783,10.025,10.086,10.275,2.675,2.755,2.756,2.778,1.4065,1.4036,1.4147,1.4463
CMP-2026-2708,ISRO-TRAIN-LOT-2026,24,125.0,HEALTHY,0,10.316,10.515,10.53,11.327,3.045,3.073,3.152,3.123,1.2089,1.2079,1.2088,1.2353
CMP-2026-2709,ISRO-TRAIN-LOT-2026,5,125.0,HEALTHY,0,10.705,11.046,11.296,11.588,2.11,2.154,2.21,2.105,1.1247,1.1342,1.1317,1.1359
CMP-2026-2710,ISRO-TRAIN-LOT-2026,23,125.0,LATENT_PAT_OUTLIER,1,41.293,43.198,44.762,47.345,9.308,10.108,11.308,13.108,1.5755,1.6255,1.7055,1.8255
CMP-2026-2711,ISRO-TRAIN-LOT-2026,18,125.0,LATENT_PAT_OUTLIER,1,44.536,45.619,48.497,52.287,7.25,8.05,9.25,11.05,1.6382,1.6882,1.7682,1.8882
CMP-2026-2712,ISRO-TRAIN-LOT-2026,6,125.0,LATENT_PAT_OUTLIER,1,38.843,41.093,44.198,47.554,7.623,8.423,9.623,11.423,1.5201,1.5701,1.6501,1.7701
CMP-2026-2713,ISRO-TRAIN-LOT-2026,1,125.0,HEALTHY,0,11.798,12.081,12.558,12.389,2.84,2.913,2.925,2.899,1.2596,1.268,1.2651,1.2728
CMP-2026-2714,ISRO-TRAIN-LOT-2026,4,125.0,HEALTHY,0,11.971,12.202,12.292,12.3,1.955,2.01,2.059,2.011,1.2437,1.2421,1.2396,1.2713
CMP-2026-2715,ISRO-TRAIN-LOT-2026,2,125.0,HEALTHY,0,11.96,12.008,12.206,12.207,2.858,2.831,2.871,2.986,1.005,1.0117,1.0005,1.037
CMP-2026-2716,ISRO-TRAIN-LOT-2026,23,125.0,HEALTHY,0,11.018,11.237,11.449,11.49,2.547,2.582,2.647,2.746,1.1277,1.1244,1.1422,1.1387
CMP-2026-2717,ISRO-TRAIN-LOT-2026,16,125.0,LATENT_PAT_OUTLIER,1,37.837,38.88,41.544,43.868,6.589,7.389,8.589,10.389,1.5988,1.6488,1.7288,1.8488
CMP-2026-2718,ISRO-TRAIN-LOT-2026,8,125.0,HEALTHY,0,10.99,11.24,11.174,11.741,2.057,2.052,2.112,2.096,1.1663,1.1646,1.1867,1.1966
CMP-2026-2719,ISRO-TRAIN-LOT-2026,1,125.0,HEALTHY,0,11.212,11.282,12.146,12.294,2.607,2.685,2.694,2.73,1.1199,1.1334,1.1278,1.1581
CMP-2026-2720,ISRO-TRAIN-LOT-2026,6,125.0,HEALTHY,0,11.603,11.847,11.965,12.376,2.645,2.733,2.642,2.72,1.2215,1.2171,1.233,1.2569
CMP-2026-2721,ISRO-TRAIN-LOT-2026,18,125.0,HEALTHY,0,11.464,11.661,12.331,12.439,2.466,2.495,2.582,2.573,1.1884,1.1895,1.1944,1.2184
CMP-2026-2722,ISRO-TRAIN-LOT-2026,3,125.0,HEALTHY,0,9.013,9.363,9.242,9.474,2.912,2.932,3.017,2.971,1.1499,1.1499,1.174,1.1554
CMP-2026-2723,ISRO-TRAIN-LOT-2026,8,125.0,HEALTHY,0,8.848,9.17,9.423,9.522,2.371,2.414,2.438,2.525,1.2131,1.2192,1.2223,1.2438
CMP-2026-2724,ISRO-TRAIN-LOT-2026,1,125.0,HEALTHY,0,10.437,10.937,11.196,11.461,2.808,2.819,2.944,2.99,1.1767,1.1861,1.1842,1.2191
CMP-2026-2725,ISRO-TRAIN-LOT-2026,2,125.0,HEALTHY,0,9.217,9.396,9.775,9.745,2.134,2.147,2.235,2.214,1.1961,1.1997,1.2008,1.2131
CMP-2026-2726,ISRO-TRAIN-LOT-2026,17,125.0,LATENT_PAT_OUTLIER,1,37.068,39.108,41.142,44.595,8.288,9.088,10.288,12.088,1.4731,1.5231,1.6031,1.7231
CMP-2026-2727,ISRO-TRAIN-LOT-2026,19,125.0,HEALTHY,0,10.013,10.245,10.427,10.5,2.769,2.857,2.866,2.892,1.2297,1.227,1.2398,1.2589
CMP-2026-2728,ISRO-TRAIN-LOT-2026,1,125.0,HEALTHY,0,10.179,10.578,10.8,10.853,2.195,2.226,2.256,2.325,1.1024,1.1064,1.1276,1.1331
CMP-2026-2729,ISRO-TRAIN-LOT-2026,7,125.0,HEALTHY,0,10.916,11.117,11.562,11.833,2.684,2.733,2.753,2.799,1.1742,1.1717,1.1775,1.1959
CMP-2026-2730,ISRO-TRAIN-LOT-2026,18,125.0,HEALTHY,0,10.391,10.734,11.024,11.319,3.019,3.1,3.107,3.132,1.3001,1.3006,1.3138,1.3471
CMP-2026-2731,ISRO-TRAIN-LOT-2026,6,125.0,HEALTHY,0,10.218,10.687,11.015,10.978,2.991,3.07,3.09,3.094,1.1598,1.1668,1.1762,1.1853
CMP-2026-2732,ISRO-TRAIN-LOT-2026,19,125.0,HEALTHY,0,10.652,11.072,11.392,11.484,2.761,2.82,2.983,2.836,1.3991,1.4011,1.4213,1.4311
CMP-2026-2733,ISRO-TRAIN-LOT-2026,20,125.0,HEALTHY,0,10.323,10.553,10.78,11.134,3.181,3.225,3.215,3.238,1.0876,1.0891,1.1161,1.1089
CMP-2026-2734,ISRO-TRAIN-LOT-2026,10,125.0,HEALTHY,0,9.813,10.287,10.44,10.845,2.459,2.499,2.546,2.526,1.2654,1.27,1.2833,1.2966
CMP-2026-2735,ISRO-TRAIN-LOT-2026,6,125.0,LATENT_DRIFT,1,13.174,21.011,56.903,110.644,2.878,3.278,5.378,11.878,1.1264,1.2064,1.4564,2.0064
CMP-2026-2736,ISRO-TRAIN-LOT-2026,10,125.0,LATENT_PAT_OUTLIER,1,41.667,42.754,46.204,49.716,5.019,5.819,7.019,8.819,1.5055,1.5555,1.6355,1.7555
CMP-2026-2737,ISRO-TRAIN-LOT-2026,16,125.0,HEALTHY,0,11.547,11.733,11.945,11.766,2.273,2.262,2.388,2.38,1.1816,1.1849,1.1978,1.208
CMP-2026-2738,ISRO-TRAIN-LOT-2026,9,125.0,HEALTHY,0,8.344,8.8,8.733,8.67,1.861,1.893,1.965,2.013,1.2935,1.3,1.3219,1.3093
CMP-2026-2739,ISRO-TRAIN-LOT-2026,3,125.0,HEALTHY,0,8.645,9.004,9.324,9.262,2.604,2.628,2.689,2.638,1.1679,1.1669,1.1778,1.1986
CMP-2026-2740,ISRO-TRAIN-LOT-2026,7,125.0,HEALTHY,0,9.479,9.697,10.067,10.266,2.585,2.607,2.608,2.63,1.1416,1.1426,1.1518,1.1622
CMP-2026-2741,ISRO-TRAIN-LOT-2026,15,125.0,HEALTHY,0,9.884,10.264,10.624,11.041,2.12,2.122,2.237,2.272,1.0901,1.0945,1.105,1.1212
CMP-2026-2742,ISRO-TRAIN-LOT-2026,10,125.0,LATENT_PAT_OUTLIER,1,42.254,43.639,45.802,49.065,5.773,6.573,7.773,9.573,1.6325,1.6825,1.7625,1.8825
CMP-2026-2743,ISRO-TRAIN-LOT-2026,7,125.0,HEALTHY,0,10.554,11.012,11.225,11.488,2.537,2.579,2.622,2.626,1.1759,1.1741,1.1925,1.2046
CMP-2026-2744,ISRO-TRAIN-LOT-2026,16,125.0,HEALTHY,0,11.203,11.587,11.697,12.027,2.797,2.839,2.905,2.9,1.1215,1.1252,1.1327,1.1577
CMP-2026-2745,ISRO-TRAIN-LOT-2026,6,125.0,HEALTHY,0,9.709,10.192,10.404,10.514,2.684,2.732,2.763,2.676,1.1006,1.1031,1.1196,1.1411
CMP-2026-2746,ISRO-TRAIN-LOT-2026,22,125.0,HEALTHY,0,10.864,11.173,11.554,11.854,3.01,3.011,3.08,3.103,1.1695,1.1656,1.1677,1.2069
CMP-2026-2747,ISRO-TRAIN-LOT-2026,9,125.0,HEALTHY,0,10.578,10.632,10.885,10.867,3.071,3.115,3.193,3.107,1.3049,1.298,1.3148,1.3293
CMP-2026-2748,ISRO-TRAIN-LOT-2026,25,125.0,HEALTHY,0,10.956,11.184,11.34,11.389,2.773,2.773,2.88,2.839,1.1274,1.1246,1.1338,1.155
CMP-2026-2749,ISRO-TRAIN-LOT-2026,17,125.0,HEALTHY,0,11.684,11.925,12.368,12.398,2.655,2.677,2.731,2.79,1.3603,1.3665,1.3715,1.3945
CMP-2026-2750,ISRO-TRAIN-LOT-2026,21,125.0,HEALTHY,0,11.331,11.729,12.238,12.519,2.562,2.566,2.733,2.629,1.2695,1.2668,1.2768,1.276
CMP-2026-2751,ISRO-TRAIN-LOT-2026,12,125.0,HEALTHY,0,9.717,9.918,9.934,10.618,2.221,2.262,2.287,2.257,1.2324,1.2335,1.2534,1.2646
CMP-2026-2752,ISRO-TRAIN-LOT-2026,22,125.0,HEALTHY,0,9.593,10.013,10.443,10.729,2.211,2.206,2.231,2.341,1.2195,1.2259,1.2229,1.2602
CMP-2026-2753,ISRO-TRAIN-LOT-2026,5,125.0,HEALTHY,0,10.553,10.825,11.121,11.077,2.332,2.354,2.432,2.45,1.2929,1.3005,1.3056,1.3065
CMP-2026-2754,ISRO-TRAIN-LOT-2026,12,125.0,GROSS_OUTLIER,1,60.852,65.219,80.108,97.452,28.917,31.917,36.917,44.917,3.7705,3.9705,4.3705,4.9705
CMP-2026-2755,ISRO-TRAIN-LOT-2026,16,125.0,HEALTHY,0,12.184,12.639,12.717,13.343,2.607,2.623,2.717,2.759,1.2363,1.2392,1.254,1.264
CMP-2026-2756,ISRO-TRAIN-LOT-2026,19,125.0,HEALTHY,0,11.637,11.697,12.033,11.959,2.39,2.523,2.474,2.548,1.1071,1.1069,1.1148,1.1356
CMP-2026-2757,ISRO-TRAIN-LOT-2026,15,125.0,HEALTHY,0,11.747,12.005,12.264,12.177,2.71,2.736,2.784,2.834,1.0603,1.0565,1.0697,1.0976
CMP-2026-2758,ISRO-TRAIN-LOT-2026,22,125.0,HEALTHY,0,10.148,10.498,10.723,10.682,2.629,2.606,2.68,2.76,1.1631,1.1573,1.1679,1.1985
CMP-2026-2759,ISRO-TRAIN-LOT-2026,9,125.0,HEALTHY,0,12.213,12.436,12.426,12.499,2.215,2.237,2.287,2.353,1.341,1.337,1.3602,1.3562
CMP-2026-2760,ISRO-TRAIN-LOT-2026,3,125.0,HEALTHY,0,9.41,9.783,10.09,9.994,2.428,2.429,2.499,2.528,1.0864,1.093,1.0924,1.1249
CMP-2026-2761,ISRO-TRAIN-LOT-2026,8,125.0,HEALTHY,0,10.626,10.802,11.199,11.123,2.63,2.661,2.749,2.673,1.2962,1.2937,1.3167,1.3226
CMP-2026-2762,ISRO-TRAIN-LOT-2026,20,125.0,HEALTHY,0,12.151,12.075,12.519,12.692,2.665,2.648,2.84,2.852,1.2726,1.2794,1.2893,1.3085
CMP-2026-2763,ISRO-TRAIN-LOT-2026,22,125.0,HEALTHY,0,10.972,11.304,11.501,11.33,2.552,2.564,2.608,2.692,1.2342,1.238,1.2397,1.2629
CMP-2026-2764,ISRO-TRAIN-LOT-2026,5,125.0,LATENT_PAT_OUTLIER,1,42.298,44.614,46.143,50.136,7.004,7.804,9.004,10.804,1.6017,1.6517,1.7317,1.8517
CMP-2026-2765,ISRO-TRAIN-LOT-2026,3,125.0,HEALTHY,0,11.268,11.467,11.852,12.118,2.445,2.483,2.544,2.48,1.2297,1.23,1.2549,1.2596
CMP-2026-2766,ISRO-TRAIN-LOT-2026,18,125.0,HEALTHY,0,11.522,11.831,12.153,12.502,2.237,2.272,2.317,2.382,1.1454,1.1502,1.1558,1.1877
CMP-2026-2767,ISRO-TRAIN-LOT-2026,3,125.0,HEALTHY,0,8.211,8.442,8.593,8.675,2.196,2.219,2.237,2.418,1.3559,1.3594,1.3706,1.3757
CMP-2026-2768,ISRO-TRAIN-LOT-2026,9,125.0,HEALTHY,0,9.868,9.983,10.393,10.413,2.368,2.368,2.366,2.401,1.0713,1.0755,1.0871,1.1028
CMP-2026-2769,ISRO-TRAIN-LOT-2026,19,125.0,HEALTHY,0,10.162,10.547,10.288,10.632,2.494,2.506,2.596,2.595,1.188,1.1864,1.1974,1.2049
CMP-2026-2770,ISRO-TRAIN-LOT-2026,13,125.0,HEALTHY,0,10.162,10.268,10.931,10.736,2.527,2.582,2.602,2.627,1.276,1.2794,1.3065,1.2998
CMP-2026-2771,ISRO-TRAIN-LOT-2026,6,125.0,HEALTHY,0,9.965,10.039,10.172,10.156,2.484,2.533,2.664,2.625,1.1846,1.1879,1.1921,1.2289
CMP-2026-2772,ISRO-TRAIN-LOT-2026,18,125.0,HEALTHY,0,12.348,12.514,12.862,13.029,2.27,2.333,2.341,2.365,1.2429,1.2451,1.2566,1.2724
CMP-2026-2773,ISRO-TRAIN-LOT-2026,12,125.0,HEALTHY,0,10.795,11.135,11.112,11.553,2.354,2.339,2.423,2.381,1.2545,1.2601,1.268,1.2738
CMP-2026-2774,ISRO-TRAIN-LOT-2026,3,125.0,HEALTHY,0,10.226,10.138,10.721,10.728,2.79,2.841,2.899,2.923,1.2666,1.2689,1.2815,1.3117
CMP-2026-2775,ISRO-TRAIN-LOT-2026,14,125.0,HEALTHY,0,9.933,10.037,10.027,10.324,2.457,2.433,2.48,2.554,1.182,1.1881,1.191,1.2131
CMP-2026-2776,ISRO-TRAIN-LOT-2026,23,125.0,LATENT_DRIFT,1,11.52,16.139,36.418,67.169,2.584,2.984,5.084,11.584,1.2122,1.2922,1.5422,2.0922
CMP-2026-2777,ISRO-TRAIN-LOT-2026,13,125.0,HEALTHY,0,8.67,8.818,9.242,9.268,2.182,2.184,2.221,2.255,1.1063,1.1119,1.126,1.1472
CMP-2026-2778,ISRO-TRAIN-LOT-2026,11,125.0,HEALTHY,0,11.307,11.609,11.509,11.642,2.734,2.844,2.767,2.753,1.1206,1.1205,1.146,1.1369
CMP-2026-2779,ISRO-TRAIN-LOT-2026,5,125.0,HEALTHY,0,8.716,8.973,8.954,9.212,2.956,3.004,3.025,3.025,1.1706,1.1689,1.1693,1.189
CMP-2026-2780,ISRO-TRAIN-LOT-2026,4,125.0,HEALTHY,0,10.883,10.817,11.124,11.489,2.139,2.134,2.189,2.266,1.1571,1.1662,1.1688,1.1947
CMP-2026-2781,ISRO-TRAIN-LOT-2026,20,125.0,HEALTHY,0,12.756,13.036,13.125,12.958,2.738,2.748,2.776,2.837,1.2371,1.2422,1.253,1.2464
CMP-2026-2782,ISRO-TRAIN-LOT-2026,14,125.0,HEALTHY,0,10.502,10.895,11.266,11.416,2.663,2.682,2.776,2.73,1.1002,1.1022,1.1294,1.1216
CMP-2026-2783,ISRO-TRAIN-LOT-2026,6,125.0,HEALTHY,0,9.193,9.344,10.041,10.477,2.498,2.555,2.584,2.516,1.3269,1.3374,1.3264,1.3532
CMP-2026-2784,ISRO-TRAIN-LOT-2026,21,125.0,HEALTHY,0,11.471,11.825,11.794,12.456,2.255,2.307,2.32,2.29,1.2083,1.2132,1.2253,1.2309
CMP-2026-2785,ISRO-TRAIN-LOT-2026,4,125.0,HEALTHY,0,10.403,10.635,10.941,11.101,1.984,2.049,2.107,2.091,1.2481,1.2519,1.2508,1.2769
CMP-2026-2786,ISRO-TRAIN-LOT-2026,14,125.0,HEALTHY,0,11.446,11.651,11.982,12.447,2.148,2.202,2.268,2.281,1.1536,1.1506,1.1715,1.2055
CMP-2026-2787,ISRO-TRAIN-LOT-2026,19,125.0,HEALTHY,0,12.506,12.662,13.371,13.27,2.265,2.275,2.386,2.301,1.2995,1.3018,1.3137,1.3368
CMP-2026-2788,ISRO-TRAIN-LOT-2026,23,125.0,HEALTHY,0,10.124,10.526,10.78,11.067,2.436,2.428,2.548,2.592,1.2663,1.2671,1.2762,1.3036
CMP-2026-2789,ISRO-TRAIN-LOT-2026,17,125.0,HEALTHY,0,11.041,11.217,11.582,11.503,2.756,2.801,2.842,2.904,1.2737,1.2743,1.297,1.2906
CMP-2026-2790,ISRO-TRAIN-LOT-2026,25,125.0,HEALTHY,0,10.926,11.221,11.671,11.994,2.507,2.539,2.62,2.605,1.2304,1.2342,1.2412,1.2548
CMP-2026-2791,ISRO-TRAIN-LOT-2026,17,125.0,HEALTHY,0,10.969,11.224,11.501,11.561,2.504,2.541,2.564,2.582,1.293,1.2909,1.301,1.326
CMP-2026-2792,ISRO-TRAIN-LOT-2026,9,125.0,HEALTHY,0,10.24,10.293,10.723,10.747,2.327,2.336,2.402,2.431,1.0702,1.0722,1.0723,1.122
CMP-2026-2793,ISRO-TRAIN-LOT-2026,4,125.0,HEALTHY,0,9.112,9.29,9.494,10.302,2.123,2.2,2.224,2.291,1.0847,1.0814,1.1045,1.1147
CMP-2026-2794,ISRO-TRAIN-LOT-2026,21,125.0,HEALTHY,0,11.841,12.156,12.709,12.963,2.592,2.659,2.682,2.712,1.1655,1.1686,1.1777,1.1708
CMP-2026-2795,ISRO-TRAIN-LOT-2026,11,125.0,LATENT_PAT_OUTLIER,1,41.18,42.344,45.132,48.161,7.671,8.471,9.671,11.471,1.5713,1.6213,1.7013,1.8213
CMP-2026-2796,ISRO-TRAIN-LOT-2026,4,125.0,HEALTHY,0,10.355,10.593,10.888,11.019,2.601,2.639,2.757,2.683,1.1802,1.1808,1.196,1.2149
CMP-2026-2797,ISRO-TRAIN-LOT-2026,7,125.0,HEALTHY,0,9.584,9.943,10.284,10.509,2.603,2.65,2.725,2.703,1.0979,1.1075,1.0957,1.1154
CMP-2026-2798,ISRO-TRAIN-LOT-2026,5,125.0,HEALTHY,0,11.331,11.72,11.999,12.285,2.273,2.298,2.366,2.44,1.2366,1.231,1.2512,1.2639
CMP-2026-2799,ISRO-TRAIN-LOT-2026,9,125.0,HEALTHY,0,10.668,10.932,11.435,11.165,3.004,3.037,3.139,3.051,1.1467,1.1459,1.1518,1.1746
CMP-2026-2800,ISRO-TRAIN-LOT-2026,4,125.0,HEALTHY,0,9.593,9.96,10.172,10.234,2.305,2.317,2.4,2.406,1.1752,1.1827,1.1895,1.2111
CMP-2026-2801,ISRO-TRAIN-LOT-2026,1,125.0,HEALTHY,0,11.443,11.693,12.038,11.805,2.533,2.502,2.592,2.69,1.1394,1.1408,1.1493,1.1581
CMP-2026-2802,ISRO-TRAIN-LOT-2026,16,125.0,HEALTHY,0,10.995,11.073,11.665,11.679,2.001,2.048,2.034,2.115,1.1534,1.1566,1.1661,1.1691
CMP-2026-2803,ISRO-TRAIN-LOT-2026,25,125.0,LATENT_PAT_OUTLIER,1,36.33,38.806,42.161,45.084,7.868,8.668,9.868,11.668,1.6279,1.6779,1.7579,1.8779
CMP-2026-2804,ISRO-TRAIN-LOT-2026,2,125.0,LATENT_PAT_OUTLIER,1,41.508,42.721,46.211,49.015,9.633,10.433,11.633,13.433,1.4354,1.4854,1.5654,1.6854
CMP-2026-2805,ISRO-TRAIN-LOT-2026,1,125.0,HEALTHY,0,10.812,11.009,11.446,11.02,2.304,2.296,2.381,2.373,1.1908,1.1922,1.2002,1.2331
CMP-2026-2806,ISRO-TRAIN-LOT-2026,20,125.0,LATENT_DRIFT,1,14.693,19.854,42.239,78.167,2.246,2.646,4.746,11.246,1.1539,1.2339,1.4839,2.0339
CMP-2026-2807,ISRO-TRAIN-LOT-2026,11,125.0,HEALTHY,0,12.057,12.302,13.055,13.097,2.501,2.493,2.581,2.686,1.2631,1.2585,1.2688,1.2891
CMP-2026-2808,ISRO-TRAIN-LOT-2026,13,125.0,HEALTHY,0,12.687,12.954,12.804,13.282,2.509,2.521,2.629,2.603,1.3569,1.3619,1.3632,1.3957
CMP-2026-2809,ISRO-TRAIN-LOT-2026,24,125.0,HEALTHY,0,12.195,12.54,12.954,13.295,2.738,2.761,2.81,2.832,1.1522,1.1493,1.1552,1.1717
CMP-2026-2810,ISRO-TRAIN-LOT-2026,6,125.0,HEALTHY,0,10.433,10.626,10.967,10.983,2.508,2.501,2.611,2.581,1.1311,1.1274,1.1405,1.18
CMP-2026-2811,ISRO-TRAIN-LOT-2026,9,125.0,LATENT_DRIFT,1,9.361,16.961,50.659,101.292,2.727,3.127,5.227,11.727,1.1758,1.2558,1.5058,2.0558
CMP-2026-2812,ISRO-TRAIN-LOT-2026,24,125.0,HEALTHY,0,10.361,10.434,10.748,11.433,2.368,2.407,2.487,2.37,1.198,1.1973,1.1949,1.2188
CMP-2026-2813,ISRO-TRAIN-LOT-2026,6,125.0,GROSS_OUTLIER,1,81.341,83.445,98.319,124.622,31.069,34.069,39.069,47.069,3.6797,3.8797,4.2797,4.8797
CMP-2026-2814,ISRO-TRAIN-LOT-2026,7,125.0,HEALTHY,0,8.431,8.577,9.067,9.183,2.152,2.179,2.193,2.217,1.1421,1.1359,1.1529,1.1755
CMP-2026-2815,ISRO-TRAIN-LOT-2026,4,125.0,HEALTHY,0,9.197,9.258,9.603,9.741,2.639,2.635,2.698,2.662,1.2607,1.2608,1.2799,1.2842
CMP-2026-2816,ISRO-TRAIN-LOT-2026,13,125.0,HEALTHY,0,8.43,8.614,8.661,8.748,3.034,3.074,3.111,3.097,1.4003,1.4078,1.4048,1.4175
CMP-2026-2817,ISRO-TRAIN-LOT-2026,13,125.0,HEALTHY,0,8.966,9.155,9.496,9.405,2.616,2.685,2.673,2.757,1.2335,1.2246,1.2456,1.2605
CMP-2026-2818,ISRO-TRAIN-LOT-2026,10,125.0,HEALTHY,0,9.742,10.01,9.922,10.139,2.153,2.224,2.311,2.305,1.2201,1.2192,1.2382,1.2409
CMP-2026-2819,ISRO-TRAIN-LOT-2026,1,125.0,HEALTHY,0,9.606,9.851,10.272,10.391,2.443,2.496,2.527,2.441,1.1133,1.1092,1.1267,1.1376
CMP-2026-2820,ISRO-TRAIN-LOT-2026,23,125.0,HEALTHY,0,9.921,10.012,10.379,10.646,2.527,2.602,2.605,2.659,1.1895,1.1939,1.2051,1.2224
CMP-2026-2821,ISRO-TRAIN-LOT-2026,21,125.0,HEALTHY,0,12.313,12.403,12.648,12.942,2.121,2.124,2.219,2.238,1.1924,1.1875,1.2175,1.2271
CMP-2026-2822,ISRO-TRAIN-LOT-2026,2,125.0,HEALTHY,0,10.334,10.843,10.753,11.079,2.448,2.553,2.457,2.557,1.2825,1.2895,1.2975,1.311
CMP-2026-2823,ISRO-TRAIN-LOT-2026,15,125.0,LATENT_DRIFT,1,11.665,17.993,48.512,92.376,2.327,2.727,4.827,11.327,1.2829,1.3629,1.6129,2.1629
CMP-2026-2824,ISRO-TRAIN-LOT-2026,13,125.0,HEALTHY,0,8.797,8.888,9.074,9.695,2.019,2.029,2.098,2.12,1.225,1.226,1.242,1.2587
CMP-2026-2825,ISRO-TRAIN-LOT-2026,11,125.0,HEALTHY,0,11.501,11.775,12.246,12.163,2.5,2.495,2.539,2.614,1.1217,1.1228,1.1447,1.1613
CMP-2026-2826,ISRO-TRAIN-LOT-2026,1,125.0,HEALTHY,0,11.227,11.353,11.819,11.589,2.639,2.639,2.73,2.688,1.122,1.1139,1.1358,1.1547
CMP-2026-2827,ISRO-TRAIN-LOT-2026,15,125.0,HEALTHY,0,9.609,9.614,10.232,10.307,2.528,2.563,2.557,2.644,1.1625,1.1614,1.1838,1.2088
CMP-2026-2828,ISRO-TRAIN-LOT-2026,18,125.0,HEALTHY,0,10.711,11.076,11.629,11.366,2.272,2.297,2.363,2.466,1.287,1.2921,1.2971,1.3256
CMP-2026-2829,ISRO-TRAIN-LOT-2026,8,125.0,HEALTHY,0,10.105,10.249,10.561,10.819,2.88,2.924,2.983,3.015,1.2635,1.2727,1.2681,1.2967
CMP-2026-2830,ISRO-TRAIN-LOT-2026,2,125.0,HEALTHY,0,7.854,8.032,8.035,8.174,3.094,3.143,3.205,3.209,1.1031,1.1086,1.1049,1.1363
CMP-2026-2831,ISRO-TRAIN-LOT-2026,19,125.0,HEALTHY,0,11.918,12.089,12.675,12.931,2.568,2.636,2.624,2.733,1.392,1.3903,1.4128,1.4238
CMP-2026-2832,ISRO-TRAIN-LOT-2026,6,125.0,HEALTHY,0,7.753,7.978,8.306,8.193,2.068,2.14,2.186,2.14,1.172,1.1813,1.1816,1.1958
CMP-2026-2833,ISRO-TRAIN-LOT-2026,7,125.0,HEALTHY,0,10.574,10.74,10.984,11.378,2.424,2.467,2.444,2.541,1.1677,1.1772,1.191,1.2019
CMP-2026-2834,ISRO-TRAIN-LOT-2026,7,125.0,HEALTHY,0,9.072,9.18,9.631,9.584,2.918,2.939,2.929,3.03,1.2943,1.2973,1.3063,1.3138
CMP-2026-2835,ISRO-TRAIN-LOT-2026,2,125.0,HEALTHY,0,8.544,8.874,9.0,9.326,2.519,2.542,2.678,2.527,1.0726,1.073,1.0854,1.1131
CMP-2026-2836,ISRO-TRAIN-LOT-2026,11,125.0,HEALTHY,0,9.955,10.276,10.841,11.127,2.487,2.518,2.541,2.589,1.1405,1.1404,1.1473,1.1664
CMP-2026-2837,ISRO-TRAIN-LOT-2026,15,125.0,HEALTHY,0,9.472,9.744,9.936,10.327,3.379,3.422,3.435,3.507,1.0911,1.0981,1.1019,1.1302
CMP-2026-2838,ISRO-TRAIN-LOT-2026,1,125.0,HEALTHY,0,10.437,10.69,11.005,10.987,2.479,2.48,2.671,2.552,1.1812,1.1825,1.1895,1.2166
CMP-2026-2839,ISRO-TRAIN-LOT-2026,13,125.0,HEALTHY,0,11.359,11.699,12.181,12.281,2.357,2.35,2.411,2.337,1.3354,1.3307,1.3662,1.3542
CMP-2026-2840,ISRO-TRAIN-LOT-2026,6,125.0,HEALTHY,0,9.36,9.575,10.045,10.33,2.235,2.294,2.268,2.383,1.26,1.2644,1.2593,1.3109
CMP-2026-2841,ISRO-TRAIN-LOT-2026,15,125.0,HEALTHY,0,11.919,12.103,12.541,12.632,2.813,2.857,2.792,2.902,1.163,1.1634,1.1935,1.1929
CMP-2026-2842,ISRO-TRAIN-LOT-2026,3,125.0,HEALTHY,0,9.703,10.016,10.394,10.323,2.178,2.256,2.337,2.26,1.0273,1.0318,1.0556,1.0643
CMP-2026-2843,ISRO-TRAIN-LOT-2026,6,125.0,HEALTHY,0,10.107,10.217,10.384,10.428,1.814,1.881,1.959,1.951,1.1661,1.1753,1.1748,1.2074
CMP-2026-2844,ISRO-TRAIN-LOT-2026,3,125.0,HEALTHY,0,11.621,11.942,12.519,12.776,2.151,2.225,2.338,2.233,1.156,1.1514,1.162,1.2121
CMP-2026-2845,ISRO-TRAIN-LOT-2026,1,125.0,HEALTHY,0,9.815,10.099,10.467,10.593,2.565,2.623,2.619,2.646,1.343,1.3488,1.346,1.388
CMP-2026-2846,ISRO-TRAIN-LOT-2026,11,125.0,HEALTHY,0,11.153,11.521,11.916,11.905,2.557,2.563,2.564,2.717,1.0989,1.0969,1.1055,1.1198
CMP-2026-2847,ISRO-TRAIN-LOT-2026,8,125.0,HEALTHY,0,10.352,10.56,10.529,10.556,2.796,2.803,2.849,2.999,1.1399,1.1446,1.1256,1.1764
CMP-2026-2848,ISRO-TRAIN-LOT-2026,11,125.0,HEALTHY,0,10.323,10.571,11.153,10.693,2.113,2.153,2.134,2.229,1.3307,1.3223,1.3451,1.347
CMP-2026-2849,ISRO-TRAIN-LOT-2026,16,125.0,HEALTHY,0,10.636,11.0,11.563,11.356,2.42,2.44,2.493,2.531,1.0352,1.0398,1.0455,1.0875
CMP-2026-2850,ISRO-TRAIN-LOT-2026,4,125.0,HEALTHY,0,9.815,10.054,10.063,10.132,2.953,3.004,3.094,3.139,1.2391,1.2391,1.2554,1.2443
CMP-2026-2851,ISRO-TRAIN-LOT-2026,25,125.0,HEALTHY,0,10.968,11.131,11.283,11.549,2.735,2.709,2.763,2.88,1.1748,1.1755,1.1773,1.2027
CMP-2026-2852,ISRO-TRAIN-LOT-2026,22,125.0,HEALTHY,0,10.89,11.241,11.242,11.511,2.724,2.729,2.797,2.891,1.1843,1.1768,1.1917,1.2173
CMP-2026-2853,ISRO-TRAIN-LOT-2026,20,125.0,HEALTHY,0,11.554,11.684,12.134,12.106,2.93,2.939,2.984,2.952,1.341,1.337,1.36,1.3563
CMP-2026-2854,ISRO-TRAIN-LOT-2026,5,125.0,HEALTHY,0,11.198,11.552,12.087,11.653,2.827,2.859,2.964,3.019,1.2259,1.225,1.2526,1.2568
CMP-2026-2855,ISRO-TRAIN-LOT-2026,19,125.0,LATENT_PAT_OUTLIER,1,42.794,43.995,46.754,50.297,7.998,8.798,9.998,11.798,1.5439,1.5939,1.6739,1.7939
CMP-2026-2856,ISRO-TRAIN-LOT-2026,16,125.0,HEALTHY,0,10.947,11.057,11.26,11.258,2.521,2.537,2.557,2.557,1.2711,1.2758,1.2951,1.2974
CMP-2026-2857,ISRO-TRAIN-LOT-2026,3,125.0,HEALTHY,0,8.692,8.802,9.476,9.191,2.401,2.453,2.473,2.51,1.122,1.128,1.1296,1.1566
CMP-2026-2858,ISRO-TRAIN-LOT-2026,4,125.0,HEALTHY,0,9.421,9.634,9.888,10.312,2.282,2.302,2.36,2.403,1.2579,1.2516,1.2787,1.2778
CMP-2026-2859,ISRO-TRAIN-LOT-2026,5,125.0,HEALTHY,0,9.04,9.391,9.572,9.91,1.861,1.887,1.947,1.99,1.2531,1.2597,1.2563,1.2605
CMP-2026-2860,ISRO-TRAIN-LOT-2026,13,125.0,HEALTHY,0,12.518,12.961,13.158,13.761,2.563,2.617,2.651,2.619,1.182,1.1818,1.1846,1.2019
CMP-2026-2861,ISRO-TRAIN-LOT-2026,23,125.0,HEALTHY,0,11.656,12.049,12.572,12.457,2.892,2.932,2.961,3.078,1.2478,1.2447,1.2661,1.2775
CMP-2026-2862,ISRO-TRAIN-LOT-2026,2,125.0,HEALTHY,0,10.371,10.516,10.634,10.935,2.289,2.322,2.339,2.357,1.297,1.2878,1.3115,1.3096
CMP-2026-2863,ISRO-TRAIN-LOT-2026,22,125.0,HEALTHY,0,11.405,11.814,12.136,12.223,2.37,2.418,2.462,2.476,1.1974,1.2003,1.2228,1.2251
CMP-2026-2864,ISRO-TRAIN-LOT-2026,20,125.0,HEALTHY,0,11.106,11.396,11.467,11.946,2.975,2.954,3.13,3.183,1.0802,1.0924,1.0953,1.1148
CMP-2026-2865,ISRO-TRAIN-LOT-2026,13,125.0,HEALTHY,0,9.019,9.369,9.172,9.452,2.23,2.301,2.29,2.253,1.0825,1.0763,1.0969,1.1166
CMP-2026-2866,ISRO-TRAIN-LOT-2026,20,125.0,HEALTHY,0,13.114,13.316,14.148,13.828,2.543,2.62,2.572,2.704,1.3305,1.3365,1.3278,1.3603
CMP-2026-2867,ISRO-TRAIN-LOT-2026,4,125.0,HEALTHY,0,11.035,11.101,11.301,11.378,3.12,3.173,3.21,3.189,1.1498,1.1497,1.1618,1.1784
CMP-2026-2868,ISRO-TRAIN-LOT-2026,2,125.0,HEALTHY,0,10.962,11.338,11.55,11.88,2.324,2.365,2.357,2.393,1.1527,1.1461,1.1701,1.1677
CMP-2026-2869,ISRO-TRAIN-LOT-2026,24,125.0,HEALTHY,0,12.392,12.441,13.112,13.233,2.357,2.363,2.506,2.475,1.2298,1.2279,1.2543,1.2546
CMP-2026-2870,ISRO-TRAIN-LOT-2026,13,125.0,HEALTHY,0,11.481,11.855,12.198,12.513,2.041,2.093,2.104,2.066,1.3193,1.3333,1.3295,1.367
CMP-2026-2871,ISRO-TRAIN-LOT-2026,3,125.0,HEALTHY,0,10.091,10.51,10.96,10.771,2.717,2.736,2.844,2.84,1.2357,1.2378,1.2428,1.2503
CMP-2026-2872,ISRO-TRAIN-LOT-2026,19,125.0,HEALTHY,0,9.366,9.536,9.977,10.026,2.438,2.515,2.529,2.484,1.2042,1.1974,1.2191,1.2355
CMP-2026-2873,ISRO-TRAIN-LOT-2026,9,125.0,HEALTHY,0,10.644,10.797,11.37,11.324,2.435,2.419,2.488,2.594,1.1378,1.1485,1.1374,1.1686
CMP-2026-2874,ISRO-TRAIN-LOT-2026,15,125.0,HEALTHY,0,11.585,11.623,11.745,12.202,2.717,2.772,2.711,2.768,1.0931,1.1056,1.1075,1.1238
CMP-2026-2875,ISRO-TRAIN-LOT-2026,12,125.0,GROSS_OUTLIER,1,63.859,67.634,73.955,90.423,18.948,21.948,26.948,34.948,3.9203,4.1203,4.5203,5.1203
CMP-2026-2876,ISRO-TRAIN-LOT-2026,6,125.0,HEALTHY,0,10.778,11.139,12.062,11.552,2.31,2.323,2.452,2.428,1.212,1.2152,1.2237,1.2276
CMP-2026-2877,ISRO-TRAIN-LOT-2026,12,125.0,HEALTHY,0,9.083,9.437,9.691,9.512,2.369,2.414,2.455,2.443,1.2196,1.2215,1.2391,1.257
CMP-2026-2878,ISRO-TRAIN-LOT-2026,19,125.0,HEALTHY,0,12.374,12.88,12.989,12.903,2.798,2.88,2.909,2.951,1.3061,1.3066,1.3161,1.3217
CMP-2026-2879,ISRO-TRAIN-LOT-2026,19,125.0,LATENT_DRIFT,1,11.531,16.898,41.08,76.439,2.423,2.823,4.923,11.423,1.105,1.185,1.435,1.985
CMP-2026-2880,ISRO-TRAIN-LOT-2026,8,125.0,HEALTHY,0,10.681,10.917,11.385,11.367,2.609,2.64,2.719,2.631,1.1461,1.1429,1.156,1.1683
CMP-2026-2881,ISRO-TRAIN-LOT-2026,2,125.0,HEALTHY,0,10.725,11.029,11.084,10.997,3.041,3.079,3.044,3.139,1.2299,1.2254,1.2567,1.2546
CMP-2026-2882,ISRO-TRAIN-LOT-2026,16,125.0,HEALTHY,0,10.093,10.275,10.591,10.608,2.989,3.034,3.062,3.073,1.2626,1.2638,1.2743,1.2967
CMP-2026-2883,ISRO-TRAIN-LOT-2026,22,125.0,HEALTHY,0,10.283,10.525,11.183,11.144,2.125,2.178,2.132,2.25,1.285,1.2876,1.306,1.3193
CMP-2026-2884,ISRO-TRAIN-LOT-2026,25,125.0,HEALTHY,0,11.286,11.628,11.816,12.073,2.421,2.445,2.494,2.525,1.1431,1.1383,1.1542,1.1815
CMP-2026-2885,ISRO-TRAIN-LOT-2026,4,125.0,HEALTHY,0,8.573,8.872,8.919,8.591,2.738,2.767,2.846,2.838,1.1746,1.1778,1.1772,1.2131
CMP-2026-2886,ISRO-TRAIN-LOT-2026,24,125.0,GROSS_OUTLIER,1,78.866,82.121,97.661,120.017,32.503,35.503,40.503,48.503,3.3936,3.5936,3.9936,4.5936
CMP-2026-2887,ISRO-TRAIN-LOT-2026,13,125.0,HEALTHY,0,11.561,11.765,12.071,12.135,2.55,2.587,2.727,2.589,1.2202,1.2201,1.2291,1.2399
CMP-2026-2888,ISRO-TRAIN-LOT-2026,25,125.0,HEALTHY,0,10.685,10.995,11.436,11.655,2.093,2.141,2.194,2.273,1.2253,1.2251,1.2317,1.2658
CMP-2026-2889,ISRO-TRAIN-LOT-2026,21,125.0,HEALTHY,0,9.47,9.73,10.084,9.863,2.696,2.731,2.825,2.87,1.147,1.1416,1.1652,1.1792
CMP-2026-2890,ISRO-TRAIN-LOT-2026,17,125.0,HEALTHY,0,11.517,11.792,12.174,12.274,2.497,2.514,2.584,2.646,1.215,1.2194,1.2198,1.2591
CMP-2026-2891,ISRO-TRAIN-LOT-2026,15,125.0,HEALTHY,0,10.981,11.068,11.383,11.606,2.511,2.537,2.613,2.623,1.2412,1.2295,1.2457,1.2859
CMP-2026-2892,ISRO-TRAIN-LOT-2026,20,125.0,HEALTHY,0,10.423,10.853,10.771,11.238,2.562,2.607,2.715,2.695,1.1659,1.1712,1.1826,1.2008
CMP-2026-2893,ISRO-TRAIN-LOT-2026,21,125.0,LATENT_PAT_OUTLIER,1,46.3,47.823,50.031,52.443,6.64,7.44,8.64,10.44,1.3937,1.4437,1.5237,1.6437
CMP-2026-2894,ISRO-TRAIN-LOT-2026,17,125.0,HEALTHY,0,10.553,10.988,11.239,11.079,1.976,2.038,2.09,2.085,1.2735,1.271,1.2837,1.2964
CMP-2026-2895,ISRO-TRAIN-LOT-2026,15,125.0,HEALTHY,0,9.942,10.245,10.657,11.012,2.332,2.389,2.347,2.425,1.367,1.3722,1.3777,1.4
CMP-2026-2896,ISRO-TRAIN-LOT-2026,10,125.0,HEALTHY,0,11.016,11.063,11.894,11.324,2.648,2.651,2.73,2.809,1.2091,1.2088,1.2315,1.2498
CMP-2026-2897,ISRO-TRAIN-LOT-2026,1,125.0,HEALTHY,0,9.85,10.185,10.503,11.111,2.987,3.069,3.041,3.126,1.1955,1.1974,1.2162,1.2357
CMP-2026-2898,ISRO-TRAIN-LOT-2026,22,125.0,HEALTHY,0,11.318,11.474,11.497,11.577,2.476,2.505,2.58,2.578,1.3006,1.3076,1.3199,1.3166
CMP-2026-2899,ISRO-TRAIN-LOT-2026,15,125.0,HEALTHY,0,9.726,9.945,10.248,10.236,2.223,2.283,2.25,2.285,1.2326,1.2348,1.2507,1.2743
CMP-2026-2900,ISRO-TRAIN-LOT-2026,6,125.0,LATENT_PAT_OUTLIER,1,38.963,40.7,43.874,46.456,8.053,8.853,10.053,11.853,1.4744,1.5244,1.6044,1.7244
CMP-2026-2901,ISRO-TRAIN-LOT-2026,8,125.0,LATENT_DRIFT,1,10.413,16.234,41.761,79.592,2.369,2.769,4.869,11.369,1.0833,1.1633,1.4133,1.9633
CMP-2026-2902,ISRO-TRAIN-LOT-2026,11,125.0,HEALTHY,0,11.18,11.402,11.61,12.2,2.701,2.672,2.791,2.75,1.1551,1.1552,1.1662,1.1835
CMP-2026-2903,ISRO-TRAIN-LOT-2026,23,125.0,HEALTHY,0,11.615,11.848,12.028,11.891,2.766,2.804,2.851,2.878,0.9705,0.9733,0.9809,1.0015
CMP-2026-2904,ISRO-TRAIN-LOT-2026,21,125.0,HEALTHY,0,10.835,11.259,11.782,12.122,2.464,2.503,2.55,2.642,1.0475,1.0523,1.0554,1.0601
CMP-2026-2905,ISRO-TRAIN-LOT-2026,10,125.0,HEALTHY,0,9.924,10.339,10.898,10.793,2.364,2.406,2.474,2.469,1.1367,1.1431,1.155,1.1727
CMP-2026-2906,ISRO-TRAIN-LOT-2026,2,125.0,HEALTHY,0,8.001,8.232,8.387,8.652,2.0,2.028,2.042,2.101,1.2281,1.2302,1.2521,1.2601
CMP-2026-2907,ISRO-TRAIN-LOT-2026,14,125.0,HEALTHY,0,11.747,11.864,12.052,11.795,2.453,2.439,2.516,2.505,1.1681,1.1763,1.1742,1.1866
CMP-2026-2908,ISRO-TRAIN-LOT-2026,18,125.0,HEALTHY,0,11.232,11.405,11.564,12.03,2.448,2.464,2.499,2.52,1.118,1.1231,1.1397,1.1257
CMP-2026-2909,ISRO-TRAIN-LOT-2026,5,125.0,LATENT_DRIFT,1,12.967,20.523,54.458,103.683,2.633,3.033,5.133,11.633,1.202,1.282,1.532,2.082
CMP-2026-2910,ISRO-TRAIN-LOT-2026,23,125.0,HEALTHY,0,10.283,10.688,10.897,11.087,2.273,2.303,2.34,2.394,1.2712,1.2696,1.2857,1.293
CMP-2026-2911,ISRO-TRAIN-LOT-2026,11,125.0,HEALTHY,0,12.353,12.564,13.064,13.191,2.473,2.527,2.515,2.563,1.2371,1.2425,1.2466,1.2665
CMP-2026-2912,ISRO-TRAIN-LOT-2026,12,125.0,HEALTHY,0,11.431,11.603,12.094,12.494,2.094,2.167,2.261,2.287,1.0393,1.0409,1.0464,1.0888
CMP-2026-2913,ISRO-TRAIN-LOT-2026,12,125.0,LATENT_PAT_OUTLIER,1,45.572,47.206,49.68,53.363,7.284,8.084,9.284,11.084,1.3316,1.3816,1.4616,1.5816
CMP-2026-2914,ISRO-TRAIN-LOT-2026,6,125.0,HEALTHY,0,11.55,11.973,12.299,12.301,2.688,2.734,2.689,2.727,1.1189,1.1213,1.1399,1.1525
CMP-2026-2915,ISRO-TRAIN-LOT-2026,17,125.0,HEALTHY,0,11.506,11.604,12.025,12.18,2.703,2.718,2.791,2.857,1.0352,1.0397,1.0371,1.079
CMP-2026-2916,ISRO-TRAIN-LOT-2026,18,125.0,HEALTHY,0,10.713,11.04,11.148,11.022,2.534,2.587,2.599,2.67,1.292,1.296,1.3163,1.3278
CMP-2026-2917,ISRO-TRAIN-LOT-2026,21,125.0,HEALTHY,0,13.009,13.419,13.592,13.634,2.443,2.513,2.509,2.51,1.1212,1.1195,1.1453,1.1496
CMP-2026-2918,ISRO-TRAIN-LOT-2026,2,125.0,HEALTHY,0,9.898,10.337,10.91,10.641,2.274,2.296,2.303,2.464,1.1834,1.19,1.1994,1.2152
CMP-2026-2919,ISRO-TRAIN-LOT-2026,4,125.0,HEALTHY,0,10.085,10.368,11.113,10.811,2.549,2.549,2.634,2.622,1.2586,1.2583,1.2672,1.2944
CMP-2026-2920,ISRO-TRAIN-LOT-2026,22,125.0,HEALTHY,0,13.009,13.184,13.615,13.269,2.474,2.532,2.538,2.582,1.1502,1.1502,1.1805,1.1851
CMP-2026-2921,ISRO-TRAIN-LOT-2026,22,125.0,HEALTHY,0,9.943,10.176,10.526,10.633,2.598,2.645,2.686,2.735,1.0895,1.0946,1.0985,1.1064
CMP-2026-2922,ISRO-TRAIN-LOT-2026,25,125.0,HEALTHY,0,11.534,11.912,12.228,12.396,2.748,2.765,2.774,2.844,1.3728,1.3608,1.3786,1.3956
CMP-2026-2923,ISRO-TRAIN-LOT-2026,21,125.0,HEALTHY,0,10.689,11.057,11.079,11.786,2.302,2.366,2.341,2.431,1.2564,1.2645,1.2779,1.2764
CMP-2026-2924,ISRO-TRAIN-LOT-2026,20,125.0,HEALTHY,0,10.706,10.761,10.789,10.857,3.436,3.464,3.422,3.534,1.2237,1.2231,1.2381,1.2796
CMP-2026-2925,ISRO-TRAIN-LOT-2026,8,125.0,HEALTHY,0,11.495,11.861,11.916,12.337,2.777,2.804,2.842,2.858,1.1642,1.17,1.1684,1.1898
CMP-2026-2926,ISRO-TRAIN-LOT-2026,1,125.0,HEALTHY,0,10.539,10.727,10.766,11.242,2.484,2.499,2.579,2.691,1.219,1.215,1.2239,1.2568
CMP-2026-2927,ISRO-TRAIN-LOT-2026,1,125.0,HEALTHY,0,10.577,10.772,11.119,11.783,1.768,1.807,1.893,1.824,1.1093,1.107,1.1229,1.1333
CMP-2026-2928,ISRO-TRAIN-LOT-2026,3,125.0,HEALTHY,0,8.822,8.989,9.325,9.265,2.547,2.589,2.642,2.601,1.2528,1.2555,1.2512,1.3059
CMP-2026-2929,ISRO-TRAIN-LOT-2026,12,125.0,HEALTHY,0,9.496,9.897,10.31,10.49,2.595,2.597,2.692,2.689,1.2987,1.2921,1.3227,1.3203
CMP-2026-2930,ISRO-TRAIN-LOT-2026,11,125.0,HEALTHY,0,9.605,9.874,9.972,10.377,2.369,2.408,2.473,2.436,1.0981,1.1002,1.1151,1.1236
CMP-2026-2931,ISRO-TRAIN-LOT-2026,23,125.0,HEALTHY,0,9.647,10.078,10.04,10.03,2.438,2.478,2.543,2.587,1.2609,1.2731,1.2708,1.2824
CMP-2026-2932,ISRO-TRAIN-LOT-2026,15,125.0,HEALTHY,0,11.608,11.887,12.431,12.394,2.981,3.003,2.983,3.115,0.9821,0.9844,1.0006,1.0008
CMP-2026-2933,ISRO-TRAIN-LOT-2026,14,125.0,HEALTHY,0,10.737,10.785,11.008,10.621,2.457,2.514,2.565,2.486,1.1078,1.104,1.112,1.1466
CMP-2026-2934,ISRO-TRAIN-LOT-2026,3,125.0,HEALTHY,0,10.751,11.118,11.229,11.169,1.728,1.818,1.803,1.886,1.2311,1.2284,1.2507,1.2857
CMP-2026-2935,ISRO-TRAIN-LOT-2026,7,125.0,HEALTHY,0,9.868,9.927,10.171,10.445,2.759,2.814,2.868,2.87,1.2272,1.2294,1.2428,1.2679
CMP-2026-2936,ISRO-TRAIN-LOT-2026,22,125.0,HEALTHY,0,10.467,10.673,11.115,11.192,2.467,2.474,2.634,2.558,1.0606,1.0578,1.0732,1.1001
CMP-2026-2937,ISRO-TRAIN-LOT-2026,8,125.0,HEALTHY,0,10.294,10.543,10.511,10.747,3.131,3.146,3.209,3.134,1.3028,1.309,1.3089,1.3494
CMP-2026-2938,ISRO-TRAIN-LOT-2026,17,125.0,HEALTHY,0,11.513,11.724,12.005,11.755,2.286,2.285,2.329,2.406,1.1439,1.1482,1.1603,1.1745
CMP-2026-2939,ISRO-TRAIN-LOT-2026,19,125.0,LATENT_PAT_OUTLIER,1,43.525,44.758,48.088,51.009,5.884,6.684,7.884,9.684,1.4869,1.5369,1.6169,1.7369
CMP-2026-2940,ISRO-TRAIN-LOT-2026,17,125.0,HEALTHY,0,11.683,12.012,12.158,12.504,2.605,2.651,2.715,2.752,1.264,1.2668,1.2621,1.2898
CMP-2026-2941,ISRO-TRAIN-LOT-2026,7,125.0,HEALTHY,0,11.058,11.447,11.546,11.795,2.298,2.313,2.383,2.421,1.3545,1.3568,1.3734,1.3857
CMP-2026-2942,ISRO-TRAIN-LOT-2026,17,125.0,HEALTHY,0,11.509,11.629,11.913,12.225,2.933,3.004,3.011,2.976,1.2667,1.2762,1.2766,1.295
CMP-2026-2943,ISRO-TRAIN-LOT-2026,7,125.0,HEALTHY,0,11.293,11.468,11.978,12.16,2.625,2.654,2.739,2.697,1.1387,1.1445,1.1509,1.1806
CMP-2026-2944,ISRO-TRAIN-LOT-2026,25,125.0,HEALTHY,0,11.479,11.647,11.736,12.107,2.65,2.661,2.828,2.836,1.2129,1.2161,1.2128,1.2364
CMP-2026-2945,ISRO-TRAIN-LOT-2026,20,125.0,HEALTHY,0,9.52,9.751,10.093,10.237,2.277,2.303,2.331,2.332,1.2761,1.2746,1.2868,1.3088
CMP-2026-2946,ISRO-TRAIN-LOT-2026,24,125.0,HEALTHY,0,13.108,13.373,13.734,13.858,2.481,2.57,2.557,2.661,1.2936,1.2935,1.2988,1.3275
CMP-2026-2947,ISRO-TRAIN-LOT-2026,15,125.0,HEALTHY,0,12.911,13.144,13.23,13.513,2.782,2.838,2.914,2.828,1.0126,1.0146,1.0434,1.0523
CMP-2026-2948,ISRO-TRAIN-LOT-2026,10,125.0,HEALTHY,0,8.913,9.184,9.321,9.498,2.366,2.404,2.45,2.509,1.3409,1.3379,1.3551,1.3598
CMP-2026-2949,ISRO-TRAIN-LOT-2026,24,125.0,HEALTHY,0,11.916,12.266,12.514,13.009,2.811,2.78,2.914,2.934,1.1459,1.1464,1.1576,1.1712
CMP-2026-2950,ISRO-TRAIN-LOT-2026,17,125.0,HEALTHY,0,9.187,9.533,9.869,9.903,2.497,2.55,2.612,2.572,1.1672,1.1674,1.1703,1.1813
CMP-2026-2951,ISRO-TRAIN-LOT-2026,19,125.0,HEALTHY,0,10.694,10.913,10.909,10.796,2.6,2.624,2.668,2.68,1.1016,1.1051,1.1069,1.1368
CMP-2026-2952,ISRO-TRAIN-LOT-2026,12,125.0,HEALTHY,0,11.556,11.813,12.404,12.383,2.611,2.676,2.597,2.768,1.0701,1.0779,1.0963,1.1283
CMP-2026-2953,ISRO-TRAIN-LOT-2026,16,125.0,HEALTHY,0,11.994,12.022,12.214,12.49,2.547,2.568,2.602,2.656,1.1601,1.1648,1.1651,1.1852
CMP-2026-2954,ISRO-TRAIN-LOT-2026,24,125.0,HEALTHY,0,12.412,12.551,12.714,12.501,2.256,2.253,2.312,2.397,1.2694,1.2709,1.2849,1.3067
CMP-2026-2955,ISRO-TRAIN-LOT-2026,8,125.0,HEALTHY,0,10.699,10.816,10.905,11.392,2.415,2.407,2.481,2.499,1.227,1.2337,1.234,1.2519
CMP-2026-2956,ISRO-TRAIN-LOT-2026,19,125.0,HEALTHY,0,12.378,12.658,12.702,12.943,2.292,2.257,2.357,2.474,1.2989,1.2986,1.3096,1.3292
CMP-2026-2957,ISRO-TRAIN-LOT-2026,20,125.0,HEALTHY,0,12.127,12.161,12.434,13.031,2.909,2.977,3.019,3.024,1.2344,1.2381,1.2424,1.2619
CMP-2026-2958,ISRO-TRAIN-LOT-2026,9,125.0,LATENT_DRIFT,1,13.276,17.61,38.375,68.615,2.577,2.977,5.077,11.577,1.1176,1.1976,1.4476,1.9976
CMP-2026-2959,ISRO-TRAIN-LOT-2026,11,125.0,HEALTHY,0,10.247,10.284,10.547,10.673,3.11,3.116,3.134,3.145,1.2972,1.305,1.3111,1.3228
CMP-2026-2960,ISRO-TRAIN-LOT-2026,22,125.0,HEALTHY,0,12.209,12.358,12.907,12.848,2.912,2.938,3.045,3.005,1.1438,1.1413,1.1471,1.1664
CMP-2026-2961,ISRO-TRAIN-LOT-2026,15,125.0,HEALTHY,0,10.942,11.193,11.45,11.532,2.714,2.752,2.828,2.755,1.2439,1.2409,1.2546,1.2644
CMP-2026-2962,ISRO-TRAIN-LOT-2026,22,125.0,HEALTHY,0,12.539,12.958,12.887,13.333,2.36,2.431,2.439,2.444,1.2357,1.2379,1.2395,1.2741
CMP-2026-2963,ISRO-TRAIN-LOT-2026,19,125.0,LATENT_PAT_OUTLIER,1,37.891,39.785,43.276,46.527,6.386,7.186,8.386,10.186,1.3861,1.4361,1.5161,1.6361
CMP-2026-2964,ISRO-TRAIN-LOT-2026,8,125.0,HEALTHY,0,12.93,13.281,13.639,13.654,2.615,2.667,2.712,2.669,1.1861,1.1951,1.2,1.2203
CMP-2026-2965,ISRO-TRAIN-LOT-2026,7,125.0,HEALTHY,0,11.311,11.604,11.855,11.952,3.272,3.335,3.344,3.392,1.1948,1.1901,1.2047,1.2394
CMP-2026-2966,ISRO-TRAIN-LOT-2026,1,125.0,HEALTHY,0,9.861,10.055,10.313,10.687,2.912,2.952,3.023,2.921,1.2174,1.2178,1.2347,1.2311
CMP-2026-2967,ISRO-TRAIN-LOT-2026,6,125.0,HEALTHY,0,9.323,9.641,9.468,9.735,1.972,1.995,2.005,2.074,1.2544,1.256,1.2726,1.295
CMP-2026-2968,ISRO-TRAIN-LOT-2026,14,125.0,HEALTHY,0,11.887,12.211,12.699,12.928,2.509,2.58,2.496,2.613,1.0961,1.0964,1.1114,1.123
CMP-2026-2969,ISRO-TRAIN-LOT-2026,16,125.0,HEALTHY,0,10.077,10.117,10.515,11.089,2.118,2.173,2.193,2.21,1.3447,1.3381,1.3543,1.3825
CMP-2026-2970,ISRO-TRAIN-LOT-2026,19,125.0,HEALTHY,0,10.215,10.579,10.951,11.325,2.543,2.535,2.553,2.62,1.239,1.2386,1.2604,1.2803
CMP-2026-2971,ISRO-TRAIN-LOT-2026,1,125.0,HEALTHY,0,10.943,11.058,11.164,11.198,2.194,2.237,2.293,2.303,1.2165,1.2137,1.2202,1.2499
CMP-2026-2972,ISRO-TRAIN-LOT-2026,1,125.0,HEALTHY,0,8.423,8.773,8.882,9.306,2.795,2.805,2.912,2.847,1.2443,1.246,1.2588,1.283
CMP-2026-2973,ISRO-TRAIN-LOT-2026,22,125.0,HEALTHY,0,11.614,11.873,12.281,12.371,2.576,2.611,2.592,2.708,1.1118,1.1105,1.1224,1.1418
CMP-2026-2974,ISRO-TRAIN-LOT-2026,12,125.0,HEALTHY,0,10.552,10.907,11.535,11.384,1.856,1.91,1.909,1.907,1.3881,1.3955,1.4249,1.4245
CMP-2026-2975,ISRO-TRAIN-LOT-2026,12,125.0,HEALTHY,0,9.214,9.343,9.35,9.596,2.796,2.894,2.889,2.796,1.0792,1.0828,1.0858,1.1092
CMP-2026-2976,ISRO-TRAIN-LOT-2026,19,125.0,HEALTHY,0,10.627,10.862,11.398,11.831,2.382,2.436,2.516,2.403,1.2843,1.2814,1.312,1.306
CMP-2026-2977,ISRO-TRAIN-LOT-2026,16,125.0,HEALTHY,0,9.154,9.41,9.725,9.737,2.462,2.467,2.57,2.479,1.2875,1.2882,1.3208,1.3239
CMP-2026-2978,ISRO-TRAIN-LOT-2026,1,125.0,HEALTHY,0,7.699,7.907,7.955,8.209,2.489,2.502,2.562,2.539,1.1781,1.1845,1.1902,1.2055
CMP-2026-2979,ISRO-TRAIN-LOT-2026,12,125.0,HEALTHY,0,10.017,10.349,10.504,10.474,2.517,2.553,2.594,2.677,1.2775,1.2875,1.2935,1.3078
CMP-2026-2980,ISRO-TRAIN-LOT-2026,8,125.0,HEALTHY,0,10.197,10.517,10.584,10.41,2.21,2.176,2.325,2.325,1.2175,1.219,1.2185,1.2465
CMP-2026-2981,ISRO-TRAIN-LOT-2026,14,125.0,LATENT_PAT_OUTLIER,1,41.336,43.76,45.301,48.718,8.782,9.582,10.782,12.582,1.5204,1.5704,1.6504,1.7704
CMP-2026-2982,ISRO-TRAIN-LOT-2026,23,125.0,HEALTHY,0,10.759,11.187,11.612,11.709,2.281,2.285,2.408,2.386,1.1892,1.1835,1.1915,1.231
CMP-2026-2983,ISRO-TRAIN-LOT-2026,16,125.0,HEALTHY,0,11.662,11.917,12.282,12.197,2.371,2.436,2.452,2.43,1.3797,1.375,1.3931,1.4189
CMP-2026-2984,ISRO-TRAIN-LOT-2026,1,125.0,HEALTHY,0,10.634,11.048,11.058,11.565,2.6,2.605,2.698,2.643,1.2319,1.2334,1.2373,1.2503
CMP-2026-2985,ISRO-TRAIN-LOT-2026,23,125.0,HEALTHY,0,8.236,8.675,8.942,8.979,2.173,2.246,2.251,2.251,1.2101,1.2087,1.2252,1.2437
CMP-2026-2986,ISRO-TRAIN-LOT-2026,23,125.0,LATENT_DRIFT,1,11.408,18.133,49.355,95.464,2.616,3.016,5.116,11.616,1.1198,1.1998,1.4498,1.9998
CMP-2026-2987,ISRO-TRAIN-LOT-2026,25,125.0,HEALTHY,0,10.766,10.853,11.234,11.32,2.537,2.571,2.595,2.598,1.2654,1.2811,1.2784,1.2911
CMP-2026-2988,ISRO-TRAIN-LOT-2026,4,125.0,HEALTHY,0,9.126,9.31,9.464,9.787,2.609,2.653,2.744,2.739,1.2926,1.2954,1.3076,1.3195
CMP-2026-2989,ISRO-TRAIN-LOT-2026,19,125.0,HEALTHY,0,11.017,11.204,11.403,11.661,2.377,2.449,2.417,2.401,1.212,1.2181,1.2262,1.2432
CMP-2026-2990,ISRO-TRAIN-LOT-2026,14,125.0,HEALTHY,0,11.194,11.396,11.963,11.886,2.681,2.702,2.805,2.759,1.2159,1.2115,1.2253,1.2493
CMP-2026-2991,ISRO-TRAIN-LOT-2026,3,125.0,HEALTHY,0,12.27,12.467,13.285,12.814,2.757,2.836,2.87,2.893,1.1015,1.1095,1.1132,1.134
CMP-2026-2992,ISRO-TRAIN-LOT-2026,4,125.0,HEALTHY,0,10.858,11.135,11.636,12.061,2.824,2.842,2.907,2.854,1.3437,1.3444,1.3386,1.377
CMP-2026-2993,ISRO-TRAIN-LOT-2026,10,125.0,HEALTHY,0,12.167,12.51,12.415,12.766,1.864,1.939,1.982,1.919,1.2854,1.2882,1.3042,1.3146
CMP-2026-2994,ISRO-TRAIN-LOT-2026,21,125.0,HEALTHY,0,11.248,11.634,12.09,11.966,2.46,2.474,2.561,2.584,1.1064,1.0988,1.109,1.1193
CMP-2026-2995,ISRO-TRAIN-LOT-2026,22,125.0,LATENT_DRIFT,1,12.581,20.12,53.019,100.923,2.306,2.706,4.806,11.306,1.2543,1.3343,1.5843,2.1343
CMP-2026-2996,ISRO-TRAIN-LOT-2026,3,125.0,LATENT_DRIFT,1,9.617,15.556,42.472,81.922,2.143,2.543,4.643,11.143,1.1741,1.2541,1.5041,2.0541
CMP-2026-2997,ISRO-TRAIN-LOT-2026,1,125.0,HEALTHY,0,12.209,12.452,12.656,12.41,2.807,2.869,2.841,2.924,1.2733,1.2785,1.2727,1.293
CMP-2026-2998,ISRO-TRAIN-LOT-2026,16,125.0,LATENT_DRIFT,1,10.831,18.984,54.673,105.913,3.051,3.451,5.551,12.051,1.2272,1.3072,1.5572,2.1072
CMP-2026-2999,ISRO-TRAIN-LOT-2026,22,125.0,HEALTHY,0,9.837,9.845,10.122,10.546,2.365,2.466,2.425,2.474,1.1932,1.194,1.2028,1.2117
CMP-2026-3000,ISRO-TRAIN-LOT-2026,18,125.0,GROSS_OUTLIER,1,56.674,60.86,72.098,94.502,21.058,24.058,29.058,37.058,2.7103,2.9103,3.3103,3.9103
CMP-2026-3001,ISRO-TRAIN-LOT-2026,4,125.0,HEALTHY,0,11.338,11.633,11.636,11.848,2.465,2.48,2.576,2.444,1.1346,1.1368,1.1445,1.1824
CMP-2026-3002,ISRO-TRAIN-LOT-2026,11,125.0,HEALTHY,0,9.67,9.682,10.066,9.978,2.59,2.619,2.586,2.662,1.2893,1.2966,1.2933,1.3145
CMP-2026-3003,ISRO-TRAIN-LOT-2026,18,125.0,HEALTHY,0,9.909,10.414,10.634,11.031,2.458,2.499,2.559,2.57,1.152,1.1505,1.1692,1.175
CMP-2026-3004,ISRO-TRAIN-LOT-2026,12,125.0,HEALTHY,0,10.525,10.559,11.088,11.089,2.447,2.49,2.46,2.479,1.1845,1.1837,1.2013,1.2085
CMP-2026-3005,ISRO-TRAIN-LOT-2026,6,125.0,HEALTHY,0,10.846,11.164,11.398,11.929,2.622,2.591,2.682,2.725,1.2313,1.225,1.234,1.273
CMP-2026-3006,ISRO-TRAIN-LOT-2026,17,125.0,GROSS_OUTLIER,1,66.661,73.36,85.168,99.715,29.141,32.141,37.141,45.141,3.6392,3.8392,4.2392,4.8392
CMP-2026-3007,ISRO-TRAIN-LOT-2026,8,125.0,HEALTHY,0,9.856,10.143,10.258,10.392,1.91,1.948,1.949,1.969,1.2113,1.2173,1.2261,1.2622
CMP-2026-3008,ISRO-TRAIN-LOT-2026,18,125.0,HEALTHY,0,11.068,11.231,11.525,11.282,2.575,2.603,2.728,2.652,1.1432,1.146,1.1502,1.1765
CMP-2026-3009,ISRO-TRAIN-LOT-2026,13,125.0,HEALTHY,0,11.543,11.67,12.057,11.954,2.107,2.093,2.232,2.161,1.2569,1.2613,1.2783,1.297
CMP-2026-3010,ISRO-TRAIN-LOT-2026,11,125.0,LATENT_PAT_OUTLIER,1,36.314,38.007,40.039,42.2,7.721,8.521,9.721,11.521,1.6698,1.7198,1.7998,1.9198
CMP-2026-3011,ISRO-TRAIN-LOT-2026,3,125.0,HEALTHY,0,11.313,11.538,12.046,12.177,2.629,2.657,2.74,2.654,1.216,1.2142,1.2263,1.2503
CMP-2026-3012,ISRO-TRAIN-LOT-2026,8,125.0,HEALTHY,0,11.58,11.684,11.757,11.794,2.437,2.477,2.596,2.514,1.164,1.1579,1.1869,1.2085
CMP-2026-3013,ISRO-TRAIN-LOT-2026,11,125.0,HEALTHY,0,10.811,11.035,11.228,11.099,2.408,2.424,2.5,2.526,1.17,1.1773,1.176,1.2084
CMP-2026-3014,ISRO-TRAIN-LOT-2026,12,125.0,HEALTHY,0,8.845,9.276,9.193,9.13,2.669,2.693,2.707,2.825,1.1295,1.1329,1.1409,1.1562
CMP-2026-3015,ISRO-TRAIN-LOT-2026,1,125.0,LATENT_PAT_OUTLIER,1,38.947,41.314,43.738,46.202,6.578,7.378,8.578,10.378,1.3764,1.4264,1.5064,1.6264
CMP-2026-3016,ISRO-TRAIN-LOT-2026,14,125.0,HEALTHY,0,11.143,11.402,11.562,11.526,2.58,2.603,2.652,2.846,1.239,1.2409,1.2519,1.2644
CMP-2026-3017,ISRO-TRAIN-LOT-2026,10,125.0,HEALTHY,0,8.643,8.873,9.26,9.293,2.031,2.005,2.165,2.031,1.2025,1.2086,1.2109,1.2385
CMP-2026-3018,ISRO-TRAIN-LOT-2026,18,125.0,HEALTHY,0,9.762,9.901,10.381,10.733,2.589,2.628,2.728,2.676,1.0881,1.0827,1.0974,1.1249
CMP-2026-3019,ISRO-TRAIN-LOT-2026,8,125.0,HEALTHY,0,9.227,9.545,9.992,9.986,2.878,2.875,2.967,3.016,1.2741,1.2696,1.3042,1.31
CMP-2026-3020,ISRO-TRAIN-LOT-2026,2,125.0,HEALTHY,0,10.124,10.461,10.936,11.216,2.858,2.879,2.935,2.846,1.1978,1.1995,1.2126,1.2153
CMP-2026-3021,ISRO-TRAIN-LOT-2026,8,125.0,HEALTHY,0,10.336,10.688,11.059,11.272,2.573,2.566,2.718,2.59,1.0812,1.0839,1.087,1.1073
CMP-2026-3022,ISRO-TRAIN-LOT-2026,23,125.0,HEALTHY,0,10.847,11.119,11.222,11.569,2.4,2.421,2.421,2.537,1.278,1.2788,1.2741,1.3088
CMP-2026-3023,ISRO-TRAIN-LOT-2026,12,125.0,HEALTHY,0,10.05,10.349,10.669,11.078,2.512,2.548,2.612,2.618,1.258,1.2556,1.2568,1.2857
CMP-2026-3024,ISRO-TRAIN-LOT-2026,2,125.0,HEALTHY,0,10.319,10.487,10.621,10.72,2.344,2.372,2.432,2.516,1.2014,1.194,1.2122,1.2371
CMP-2026-3025,ISRO-TRAIN-LOT-2026,3,125.0,HEALTHY,0,12.171,12.485,12.645,12.752,2.404,2.483,2.469,2.562,1.1545,1.1599,1.1795,1.1887
CMP-2026-3026,ISRO-TRAIN-LOT-2026,9,125.0,HEALTHY,0,10.764,11.05,11.657,11.616,2.41,2.472,2.536,2.501,1.2439,1.2436,1.2628,1.2745
CMP-2026-3027,ISRO-TRAIN-LOT-2026,12,125.0,LATENT_DRIFT,1,12.174,18.532,48.721,91.426,2.683,3.083,5.183,11.683,1.2077,1.2877,1.5377,2.0877
CMP-2026-3028,ISRO-TRAIN-LOT-2026,9,125.0,HEALTHY,0,9.178,9.281,9.548,9.747,2.292,2.378,2.342,2.368,1.1952,1.1923,1.2019,1.2248
CMP-2026-3029,ISRO-TRAIN-LOT-2026,11,125.0,HEALTHY,0,10.42,10.849,11.079,11.504,2.319,2.361,2.414,2.394,1.3087,1.3078,1.2956,1.3519
CMP-2026-3030,ISRO-TRAIN-LOT-2026,14,125.0,HEALTHY,0,10.937,10.895,11.265,11.35,2.454,2.484,2.534,2.54,1.2675,1.2633,1.2651,1.2983
CMP-2026-3031,ISRO-TRAIN-LOT-2026,2,125.0,HEALTHY,0,9.237,9.417,9.851,10.114,2.934,2.929,2.996,3.011,0.9766,0.9771,1.0007,1.0104
CMP-2026-3032,ISRO-TRAIN-LOT-2026,3,125.0,HEALTHY,0,10.229,10.421,10.896,11.185,2.263,2.286,2.335,2.375,1.0688,1.0759,1.066,1.1061
CMP-2026-3033,ISRO-TRAIN-LOT-2026,25,125.0,LATENT_DRIFT,1,13.496,19.926,48.123,88.488,2.105,2.505,4.605,11.105,1.3182,1.3982,1.6482,2.1982
CMP-2026-3034,ISRO-TRAIN-LOT-2026,10,125.0,HEALTHY,0,11.188,11.502,12.037,12.045,2.349,2.407,2.464,2.376,1.2498,1.247,1.2532,1.2715
CMP-2026-3035,ISRO-TRAIN-LOT-2026,23,125.0,HEALTHY,0,12.985,13.437,14.185,13.908,2.857,2.91,2.897,2.947,1.2718,1.2733,1.2806,1.3053
CMP-2026-3036,ISRO-TRAIN-LOT-2026,2,125.0,HEALTHY,0,11.586,11.905,12.572,12.569,1.847,1.911,1.914,1.961,1.1473,1.149,1.1665,1.1775
CMP-2026-3037,ISRO-TRAIN-LOT-2026,3,125.0,GROSS_OUTLIER,1,81.436,89.031,104.445,128.898,30.647,33.647,38.647,46.647,3.4504,3.6504,4.0504,4.6504
CMP-2026-3038,ISRO-TRAIN-LOT-2026,16,125.0,HEALTHY,0,10.738,11.132,11.337,11.183,2.511,2.557,2.528,2.584,1.2862,1.2896,1.3028,1.3104
CMP-2026-3039,ISRO-TRAIN-LOT-2026,22,125.0,HEALTHY,0,8.497,8.748,9.374,9.271,2.338,2.349,2.44,2.386,1.207,1.2116,1.2105,1.2423
CMP-2026-3040,ISRO-TRAIN-LOT-2026,6,125.0,HEALTHY,0,9.686,9.919,10.231,10.334,2.054,2.121,2.104,2.245,1.1154,1.1248,1.127,1.1493
CMP-2026-3041,ISRO-TRAIN-LOT-2026,6,125.0,HEALTHY,0,11.427,11.634,12.105,12.386,2.014,2.122,2.192,2.081,1.1885,1.191,1.2072,1.2246
CMP-2026-3042,ISRO-TRAIN-LOT-2026,12,125.0,HEALTHY,0,8.506,8.92,8.815,9.529,2.589,2.636,2.662,2.713,1.0816,1.0805,1.0759,1.112
CMP-2026-3043,ISRO-TRAIN-LOT-2026,12,125.0,HEALTHY,0,10.983,11.302,11.363,11.849,2.553,2.585,2.67,2.595,1.3443,1.3426,1.3605,1.3913
CMP-2026-3044,ISRO-TRAIN-LOT-2026,9,125.0,HEALTHY,0,9.041,9.058,9.387,9.149,2.481,2.58,2.608,2.634,1.2238,1.2139,1.2361,1.2535
CMP-2026-3045,ISRO-TRAIN-LOT-2026,13,125.0,HEALTHY,0,10.338,10.604,10.931,11.331,2.725,2.755,2.698,2.844,1.0924,1.0821,1.1085,1.1212
CMP-2026-3046,ISRO-TRAIN-LOT-2026,15,125.0,HEALTHY,0,11.286,11.355,11.386,11.52,2.661,2.676,2.705,2.617,1.157,1.1546,1.1658,1.1888
CMP-2026-3047,ISRO-TRAIN-LOT-2026,19,125.0,HEALTHY,0,11.042,10.998,11.332,11.369,2.33,2.367,2.46,2.411,1.1658,1.1617,1.1931,1.2137
CMP-2026-3048,ISRO-TRAIN-LOT-2026,14,125.0,HEALTHY,0,8.03,8.396,8.586,8.509,2.44,2.472,2.537,2.551,1.2806,1.2899,1.293,1.3127
CMP-2026-3049,ISRO-TRAIN-LOT-2026,11,125.0,HEALTHY,0,8.623,8.996,9.46,9.726,2.097,2.155,2.247,2.224,1.2535,1.2575,1.2712,1.2949
CMP-2026-3050,ISRO-TRAIN-LOT-2026,14,125.0,HEALTHY,0,8.277,8.429,9.011,9.277,2.575,2.614,2.566,2.653,1.2087,1.2145,1.2201,1.2394
CMP-2026-3051,ISRO-TRAIN-LOT-2026,22,125.0,HEALTHY,0,11.319,11.729,11.978,12.426,1.87,1.917,1.994,2.077,1.1947,1.2018,1.2052,1.2306
CMP-2026-3052,ISRO-TRAIN-LOT-2026,22,125.0,HEALTHY,0,11.274,11.63,11.94,12.003,2.588,2.611,2.681,2.743,1.1088,1.1156,1.121,1.1451
CMP-2026-3053,ISRO-TRAIN-LOT-2026,17,125.0,HEALTHY,0,9.908,10.136,10.392,10.636,2.73,2.778,2.838,2.813,1.2673,1.2702,1.2869,1.2971
CMP-2026-3054,ISRO-TRAIN-LOT-2026,20,125.0,HEALTHY,0,13.058,13.361,13.655,13.773,2.524,2.538,2.575,2.598,1.3259,1.3226,1.3446,1.3535
CMP-2026-3055,ISRO-TRAIN-LOT-2026,2,125.0,HEALTHY,0,9.963,10.396,10.747,10.943,2.653,2.691,2.679,2.746,1.2681,1.273,1.2705,1.297
CMP-2026-3056,ISRO-TRAIN-LOT-2026,6,125.0,HEALTHY,0,9.7,9.995,9.937,10.538,2.828,2.863,2.961,2.854,1.1667,1.1641,1.192,1.2002
CMP-2026-3057,ISRO-TRAIN-LOT-2026,8,125.0,HEALTHY,0,10.315,10.577,10.673,11.123,2.239,2.309,2.352,2.339,1.1574,1.1587,1.1815,1.1879
CMP-2026-3058,ISRO-TRAIN-LOT-2026,20,125.0,HEALTHY,0,12.595,12.758,13.108,12.896,2.779,2.813,2.872,2.859,1.2031,1.213,1.2201,1.2414
CMP-2026-3059,ISRO-TRAIN-LOT-2026,2,125.0,HEALTHY,0,10.559,10.779,11.314,11.629,2.688,2.711,2.753,2.876,1.1448,1.1457,1.1576,1.1743
CMP-2026-3060,ISRO-TRAIN-LOT-2026,13,125.0,LATENT_DRIFT,1,12.584,18.965,45.5,85.621,2.501,2.901,5.001,11.501,1.2046,1.2846,1.5346,2.0846
CMP-2026-3061,ISRO-TRAIN-LOT-2026,19,125.0,LATENT_PAT_OUTLIER,1,46.177,48.46,50.997,54.564,9.768,10.568,11.768,13.568,1.5532,1.6032,1.6832,1.8032
CMP-2026-3062,ISRO-TRAIN-LOT-2026,24,125.0,HEALTHY,0,10.929,11.22,11.651,11.183,2.42,2.455,2.505,2.525,1.0867,1.0865,1.1012,1.1137
CMP-2026-3063,ISRO-TRAIN-LOT-2026,13,125.0,HEALTHY,0,10.019,10.356,10.312,10.823,2.135,2.146,2.152,2.211,1.3221,1.3326,1.3321,1.342
CMP-2026-3064,ISRO-TRAIN-LOT-2026,15,125.0,HEALTHY,0,10.468,10.754,11.052,11.036,2.411,2.402,2.528,2.514,1.1026,1.1064,1.1181,1.1395
CMP-2026-3065,ISRO-TRAIN-LOT-2026,7,125.0,HEALTHY,0,11.557,11.49,11.777,11.501,2.593,2.614,2.656,2.647,1.1641,1.1659,1.1712,1.1943
CMP-2026-3066,ISRO-TRAIN-LOT-2026,18,125.0,HEALTHY,0,11.713,12.085,12.293,12.873,2.122,2.138,2.182,2.201,1.0815,1.0831,1.0825,1.1091
CMP-2026-3067,ISRO-TRAIN-LOT-2026,13,125.0,LATENT_DRIFT,1,10.446,16.978,46.582,87.788,2.181,2.581,4.681,11.181,1.3455,1.4255,1.6755,2.2255
CMP-2026-3068,ISRO-TRAIN-LOT-2026,9,125.0,HEALTHY,0,9.397,9.698,9.854,9.9,2.515,2.47,2.621,2.627,1.0857,1.0888,1.108,1.1036
CMP-2026-3069,ISRO-TRAIN-LOT-2026,17,125.0,HEALTHY,0,8.454,8.793,9.197,9.344,2.791,2.785,2.894,2.856,1.1419,1.1453,1.1523,1.1643
CMP-2026-3070,ISRO-TRAIN-LOT-2026,12,125.0,HEALTHY,0,11.15,11.481,11.955,11.619,2.682,2.7,2.776,2.736,1.1716,1.1843,1.185,1.1875
CMP-2026-3071,ISRO-TRAIN-LOT-2026,8,125.0,LATENT_DRIFT,1,13.059,19.55,49.351,91.113,2.781,3.181,5.281,11.781,1.1084,1.1884,1.4384,1.9884
CMP-2026-3072,ISRO-TRAIN-LOT-2026,19,125.0,HEALTHY,0,11.344,11.561,12.003,12.376,2.494,2.55,2.565,2.598,1.1866,1.1901,1.1964,1.2056
CMP-2026-3073,ISRO-TRAIN-LOT-2026,6,125.0,HEALTHY,0,10.941,10.954,11.323,11.316,2.26,2.331,2.35,2.447,1.1969,1.1945,1.2052,1.2394
CMP-2026-3074,ISRO-TRAIN-LOT-2026,3,125.0,HEALTHY,0,9.948,10.167,10.557,10.636,2.204,2.191,2.309,2.261,1.286,1.2881,1.2993,1.3116
CMP-2026-3075,ISRO-TRAIN-LOT-2026,4,125.0,HEALTHY,0,11.03,11.421,11.666,11.847,2.394,2.403,2.498,2.549,1.2601,1.2542,1.2631,1.2809
CMP-2026-3076,ISRO-TRAIN-LOT-2026,13,125.0,HEALTHY,0,10.89,11.209,11.416,11.539,2.986,3.062,3.101,3.11,1.234,1.2353,1.2515,1.2712
CMP-2026-3077,ISRO-TRAIN-LOT-2026,3,125.0,HEALTHY,0,11.333,11.469,11.481,12.091,2.915,2.955,2.98,3.018,1.3919,1.3979,1.4026,1.4288
CMP-2026-3078,ISRO-TRAIN-LOT-2026,13,125.0,HEALTHY,0,10.883,11.196,11.469,11.802,2.539,2.582,2.592,2.645,1.1495,1.1449,1.1549,1.1786
CMP-2026-3079,ISRO-TRAIN-LOT-2026,3,125.0,LATENT_DRIFT,1,10.511,17.207,46.592,88.918,2.076,2.476,4.576,11.076,1.3148,1.3948,1.6448,2.1948
CMP-2026-3080,ISRO-TRAIN-LOT-2026,12,125.0,GROSS_OUTLIER,1,76.627,83.338,93.72,109.806,26.417,29.417,34.417,42.417,3.4774,3.6774,4.0774,4.6774
CMP-2026-3081,ISRO-TRAIN-LOT-2026,18,125.0,HEALTHY,0,11.027,11.566,11.436,11.574,3.1,3.145,3.142,3.144,1.087,1.0863,1.0858,1.1298
CMP-2026-3082,ISRO-TRAIN-LOT-2026,13,125.0,HEALTHY,0,10.754,11.083,10.956,11.279,2.219,2.236,2.388,2.27,1.1009,1.1009,1.1152,1.1374
CMP-2026-3083,ISRO-TRAIN-LOT-2026,10,125.0,HEALTHY,0,10.499,10.86,11.194,11.325,2.993,2.978,3.088,3.127,1.0272,1.0306,1.0373,1.0601
CMP-2026-3084,ISRO-TRAIN-LOT-2026,10,125.0,HEALTHY,0,11.078,11.321,11.791,11.965,2.458,2.501,2.502,2.511,1.2262,1.2165,1.2443,1.2815
CMP-2026-3085,ISRO-TRAIN-LOT-2026,1,125.0,HEALTHY,0,8.714,9.008,9.507,9.829,2.136,2.175,2.318,2.244,1.1968,1.1992,1.2071,1.222
CMP-2026-3086,ISRO-TRAIN-LOT-2026,15,125.0,HEALTHY,0,10.631,11.008,11.636,11.558,2.465,2.537,2.557,2.593,1.1798,1.1768,1.2061,1.1991
CMP-2026-3087,ISRO-TRAIN-LOT-2026,16,125.0,HEALTHY,0,11.089,11.293,11.435,11.941,2.628,2.658,2.655,2.719,1.2302,1.2359,1.2385,1.2535
CMP-2026-3088,ISRO-TRAIN-LOT-2026,7,125.0,HEALTHY,0,10.57,10.902,10.784,11.009,2.515,2.556,2.661,2.544,1.2484,1.2493,1.2611,1.2821
CMP-2026-3089,ISRO-TRAIN-LOT-2026,20,125.0,HEALTHY,0,10.617,10.991,11.437,11.073,2.806,2.876,2.849,2.911,1.1476,1.1569,1.1503,1.1696
CMP-2026-3090,ISRO-TRAIN-LOT-2026,19,125.0,HEALTHY,0,11.996,12.315,12.487,13.062,2.609,2.666,2.685,2.723,1.2033,1.2023,1.2107,1.2429
CMP-2026-3091,ISRO-TRAIN-LOT-2026,15,125.0,HEALTHY,0,12.397,12.617,12.725,13.439,3.114,3.141,3.192,3.205,1.1908,1.1856,1.21,1.205
CMP-2026-3092,ISRO-TRAIN-LOT-2026,13,125.0,HEALTHY,0,9.223,9.275,9.565,9.99,2.846,2.889,2.93,2.974,1.2368,1.2358,1.2374,1.2529
CMP-2026-3093,ISRO-TRAIN-LOT-2026,10,125.0,HEALTHY,0,12.176,12.56,12.812,13.258,1.98,2.014,2.041,2.033,1.1535,1.1633,1.1624,1.1903
CMP-2026-3094,ISRO-TRAIN-LOT-2026,16,125.0,HEALTHY,0,10.107,10.331,10.982,10.668,2.544,2.567,2.626,2.713,1.1848,1.2004,1.1881,1.2113
CMP-2026-3095,ISRO-TRAIN-LOT-2026,14,125.0,HEALTHY,0,9.389,9.554,9.614,10.294,2.886,2.946,2.937,2.997,1.3137,1.3272,1.3114,1.3344
CMP-2026-3096,ISRO-TRAIN-LOT-2026,16,125.0,HEALTHY,0,11.331,11.548,11.993,12.238,2.736,2.739,2.809,2.805,1.2284,1.2309,1.2463,1.26
CMP-2026-3097,ISRO-TRAIN-LOT-2026,21,125.0,HEALTHY,0,10.849,11.123,11.274,11.452,2.396,2.362,2.453,2.519,1.1831,1.1849,1.1848,1.2193
CMP-2026-3098,ISRO-TRAIN-LOT-2026,4,125.0,HEALTHY,0,10.532,10.63,10.858,10.776,2.271,2.297,2.393,2.432,1.3048,1.3055,1.3176,1.3434
CMP-2026-3099,ISRO-TRAIN-LOT-2026,5,125.0,HEALTHY,0,9.04,9.34,9.651,9.773,2.279,2.306,2.407,2.394,1.1471,1.1514,1.1554,1.1663
CMP-2026-3100,ISRO-TRAIN-LOT-2026,16,125.0,HEALTHY,0,9.775,10.028,10.08,10.195,2.383,2.462,2.485,2.445,1.2482,1.2484,1.2671,1.2721
CMP-2026-3101,ISRO-TRAIN-LOT-2026,11,125.0,LATENT_DRIFT,1,12.913,18.258,41.108,73.314,2.991,3.391,5.491,11.991,1.3061,1.3861,1.6361,2.1861
CMP-2026-3102,ISRO-TRAIN-LOT-2026,23,125.0,HEALTHY,0,11.212,11.465,11.843,11.862,2.816,2.837,2.883,2.965,1.1615,1.1601,1.1739,1.1886
CMP-2026-3103,ISRO-TRAIN-LOT-2026,19,125.0,HEALTHY,0,10.886,11.07,11.685,12.079,3.169,3.198,3.302,3.293,1.301,1.3042,1.3046,1.3158
CMP-2026-3104,ISRO-TRAIN-LOT-2026,6,125.0,HEALTHY,0,8.953,8.946,9.367,9.292,2.423,2.501,2.572,2.44,1.2254,1.2298,1.2425,1.2598
CMP-2026-3105,ISRO-TRAIN-LOT-2026,18,125.0,HEALTHY,0,11.246,11.477,12.122,12.223,2.676,2.728,2.756,2.783,1.3524,1.3476,1.3521,1.3765
CMP-2026-3106,ISRO-TRAIN-LOT-2026,14,125.0,HEALTHY,0,12.042,12.403,12.78,12.836,2.604,2.63,2.631,2.696,0.9875,0.9964,0.9923,1.0282
CMP-2026-3107,ISRO-TRAIN-LOT-2026,5,125.0,HEALTHY,0,9.415,9.586,10.042,10.004,3.051,3.108,3.123,3.211,1.179,1.188,1.1969,1.2089
CMP-2026-3108,ISRO-TRAIN-LOT-2026,20,125.0,HEALTHY,0,10.983,11.175,11.627,11.725,3.101,3.113,3.209,3.239,1.231,1.2358,1.2487,1.2546
CMP-2026-3109,ISRO-TRAIN-LOT-2026,13,125.0,HEALTHY,0,11.814,12.044,12.192,12.285,3.017,3.042,3.141,3.237,1.3691,1.3723,1.3852,1.4071
CMP-2026-3110,ISRO-TRAIN-LOT-2026,8,125.0,HEALTHY,0,9.994,10.406,10.935,10.522,2.708,2.747,2.742,2.863,1.2932,1.2857,1.3156,1.3389
CMP-2026-3111,ISRO-TRAIN-LOT-2026,21,125.0,HEALTHY,0,9.56,9.719,10.093,10.398,2.739,2.776,2.814,2.812,1.2071,1.2052,1.2172,1.1995
CMP-2026-3112,ISRO-TRAIN-LOT-2026,15,125.0,HEALTHY,0,10.898,11.209,11.595,11.933,2.546,2.548,2.613,2.704,1.2006,1.198,1.2174,1.2335
CMP-2026-3113,ISRO-TRAIN-LOT-2026,7,125.0,HEALTHY,0,10.328,10.476,10.893,11.018,2.161,2.214,2.258,2.225,1.1911,1.1887,1.2179,1.2091
CMP-2026-3114,ISRO-TRAIN-LOT-2026,15,125.0,HEALTHY,0,10.636,10.803,11.543,11.419,2.647,2.709,2.782,2.761,1.2168,1.2176,1.237,1.2293
CMP-2026-3115,ISRO-TRAIN-LOT-2026,11,125.0,HEALTHY,0,8.929,9.283,9.71,9.829,2.694,2.74,2.809,2.862,1.254,1.2515,1.2726,1.2826
CMP-2026-3116,ISRO-TRAIN-LOT-2026,7,125.0,HEALTHY,0,11.31,11.469,11.749,11.763,1.74,1.781,1.774,1.803,1.1135,1.1069,1.1295,1.1493
CMP-2026-3117,ISRO-TRAIN-LOT-2026,9,125.0,HEALTHY,0,11.121,11.373,11.702,11.704,2.54,2.53,2.637,2.629,1.2024,1.206,1.2103,1.2508
CMP-2026-3118,ISRO-TRAIN-LOT-2026,10,125.0,HEALTHY,0,11.377,11.727,11.728,11.737,2.869,2.899,3.028,3.016,1.164,1.1614,1.1753,1.2034
CMP-2026-3119,ISRO-TRAIN-LOT-2026,9,125.0,HEALTHY,0,10.157,10.326,10.434,10.778,2.417,2.433,2.522,2.503,1.1938,1.1949,1.2118,1.2294
CMP-2026-3120,ISRO-TRAIN-LOT-2026,2,125.0,HEALTHY,0,10.658,10.992,11.203,11.614,2.413,2.408,2.491,2.523,1.1626,1.1611,1.1863,1.1811
CMP-2026-3121,ISRO-TRAIN-LOT-2026,13,125.0,HEALTHY,0,11.157,11.338,11.265,11.647,2.795,2.87,2.865,2.933,1.1783,1.1886,1.1908,1.201
CMP-2026-3122,ISRO-TRAIN-LOT-2026,9,125.0,HEALTHY,0,9.053,9.199,9.537,9.227,2.576,2.614,2.695,2.626,1.1436,1.1463,1.1336,1.1836
CMP-2026-3123,ISRO-TRAIN-LOT-2026,11,125.0,HEALTHY,0,10.51,10.864,11.128,11.118,2.161,2.267,2.274,2.3,1.2991,1.3014,1.3089,1.3128
CMP-2026-3124,ISRO-TRAIN-LOT-2026,14,125.0,HEALTHY,0,10.909,11.135,11.905,11.674,2.064,2.122,2.191,2.142,1.1031,1.1135,1.1183,1.1417
CMP-2026-3125,ISRO-TRAIN-LOT-2026,14,125.0,HEALTHY,0,10.653,11.156,11.465,11.178,2.269,2.279,2.327,2.375,1.1642,1.1579,1.17,1.2043
CMP-2026-3126,ISRO-TRAIN-LOT-2026,10,125.0,HEALTHY,0,11.342,11.736,11.895,11.982,2.77,2.815,2.785,2.882,1.1861,1.1856,1.1911,1.2165
CMP-2026-3127,ISRO-TRAIN-LOT-2026,25,125.0,LATENT_DRIFT,1,12.085,18.831,50.558,95.859,2.423,2.823,4.923,11.423,1.1917,1.2717,1.5217,2.0717
CMP-2026-3128,ISRO-TRAIN-LOT-2026,17,125.0,HEALTHY,0,8.736,9.054,9.535,9.713,3.133,3.119,3.327,3.203,1.1895,1.1909,1.2018,1.2105
CMP-2026-3129,ISRO-TRAIN-LOT-2026,15,125.0,HEALTHY,0,9.358,9.428,9.859,10.086,2.07,2.098,2.088,2.115,1.3422,1.3488,1.3526,1.3749
CMP-2026-3130,ISRO-TRAIN-LOT-2026,23,125.0,HEALTHY,0,10.403,10.725,10.891,10.962,2.654,2.735,2.757,2.765,1.2336,1.2335,1.2382,1.2684
CMP-2026-3131,ISRO-TRAIN-LOT-2026,16,125.0,HEALTHY,0,9.863,10.227,10.616,10.522,2.463,2.502,2.547,2.587,1.1784,1.1753,1.1669,1.2326
CMP-2026-3132,ISRO-TRAIN-LOT-2026,17,125.0,HEALTHY,0,9.929,10.01,10.754,10.873,2.361,2.424,2.44,2.5,1.3155,1.3091,1.3197,1.3444
CMP-2026-3133,ISRO-TRAIN-LOT-2026,7,125.0,HEALTHY,0,10.846,11.182,11.631,11.425,2.497,2.53,2.612,2.529,1.2419,1.2391,1.2553,1.269
CMP-2026-3134,ISRO-TRAIN-LOT-2026,18,125.0,LATENT_DRIFT,1,11.532,15.834,35.49,63.35,2.294,2.694,4.794,11.294,1.3608,1.4408,1.6908,2.2408
CMP-2026-3135,ISRO-TRAIN-LOT-2026,23,125.0,HEALTHY,0,11.459,11.638,11.902,11.808,2.527,2.556,2.579,2.655,1.2193,1.2242,1.2427,1.2599
CMP-2026-3136,ISRO-TRAIN-LOT-2026,22,125.0,HEALTHY,0,11.452,11.682,11.926,12.14,1.935,1.989,1.919,1.953,1.3666,1.3658,1.3846,1.393
CMP-2026-3137,ISRO-TRAIN-LOT-2026,5,125.0,HEALTHY,0,12.484,12.765,12.948,13.216,2.496,2.501,2.545,2.556,1.1467,1.1474,1.1567,1.1749
CMP-2026-3138,ISRO-TRAIN-LOT-2026,23,125.0,HEALTHY,0,11.469,11.656,12.239,12.148,2.43,2.502,2.495,2.459,1.1495,1.1495,1.1712,1.1862
CMP-2026-3139,ISRO-TRAIN-LOT-2026,24,125.0,HEALTHY,0,12.375,12.624,13.161,13.381,2.57,2.599,2.691,2.646,1.2701,1.2657,1.2831,1.2987
CMP-2026-3140,ISRO-TRAIN-LOT-2026,1,125.0,HEALTHY,0,10.47,10.59,10.733,10.641,2.664,2.729,2.726,2.686,1.165,1.1661,1.1717,1.2184
CMP-2026-3141,ISRO-TRAIN-LOT-2026,15,125.0,HEALTHY,0,11.074,11.399,11.578,11.804,2.207,2.276,2.304,2.296,1.2547,1.2552,1.2518,1.2891
CMP-2026-3142,ISRO-TRAIN-LOT-2026,25,125.0,HEALTHY,0,12.543,12.72,12.511,13.143,1.73,1.744,1.804,1.78,1.2657,1.2637,1.2747,1.283
CMP-2026-3143,ISRO-TRAIN-LOT-2026,25,125.0,HEALTHY,0,10.766,10.781,11.109,11.351,2.617,2.683,2.68,2.794,1.2182,1.2108,1.2155,1.2498
CMP-2026-3144,ISRO-TRAIN-LOT-2026,12,125.0,HEALTHY,0,11.899,12.05,12.286,12.817,2.845,2.919,2.989,2.884,1.3018,1.3032,1.3241,1.3311
CMP-2026-3145,ISRO-TRAIN-LOT-2026,20,125.0,LATENT_PAT_OUTLIER,1,36.685,38.715,41.66,45.874,5.824,6.624,7.824,9.624,1.5085,1.5585,1.6385,1.7585
CMP-2026-3146,ISRO-TRAIN-LOT-2026,20,125.0,HEALTHY,0,10.917,11.168,11.646,11.779,2.835,2.868,2.914,2.981,1.2813,1.2882,1.2962,1.3116
CMP-2026-3147,ISRO-TRAIN-LOT-2026,20,125.0,HEALTHY,0,9.955,10.197,10.602,10.611,2.289,2.35,2.372,2.406,1.3044,1.3051,1.3242,1.3351
CMP-2026-3148,ISRO-TRAIN-LOT-2026,6,125.0,HEALTHY,0,10.812,10.705,11.062,11.324,1.778,1.826,1.885,1.89,1.203,1.2075,1.2175,1.2159
CMP-2026-3149,ISRO-TRAIN-LOT-2026,9,125.0,HEALTHY,0,11.908,12.067,12.361,12.271,2.344,2.399,2.415,2.437,1.1307,1.1355,1.1499,1.17
CMP-2026-3150,ISRO-TRAIN-LOT-2026,13,125.0,HEALTHY,0,9.341,9.735,10.187,10.243,2.876,2.962,2.928,2.958,1.2599,1.2599,1.2637,1.2898
CMP-2026-3151,ISRO-TRAIN-LOT-2026,18,125.0,HEALTHY,0,11.193,11.307,11.542,12.012,2.292,2.366,2.332,2.396,1.2705,1.2706,1.2896,1.3025
CMP-2026-3152,ISRO-TRAIN-LOT-2026,16,125.0,HEALTHY,0,11.22,11.21,11.451,11.504,2.144,2.107,2.285,2.215,1.0791,1.0778,1.0875,1.0972
CMP-2026-3153,ISRO-TRAIN-LOT-2026,15,125.0,HEALTHY,0,11.05,11.188,11.565,11.395,1.946,1.965,2.069,2.078,1.2605,1.261,1.2655,1.2905
CMP-2026-3154,ISRO-TRAIN-LOT-2026,15,125.0,HEALTHY,0,9.384,9.641,9.872,9.931,2.576,2.56,2.621,2.689,1.3127,1.3202,1.326,1.3449
CMP-2026-3155,ISRO-TRAIN-LOT-2026,3,125.0,HEALTHY,0,9.708,9.956,10.485,10.67,2.305,2.292,2.36,2.459,1.1119,1.1104,1.13,1.1267
CMP-2026-3156,ISRO-TRAIN-LOT-2026,20,125.0,HEALTHY,0,10.813,11.106,11.287,11.734,2.188,2.199,2.248,2.282,1.189,1.1883,1.1923,1.2246
CMP-2026-3157,ISRO-TRAIN-LOT-2026,6,125.0,HEALTHY,0,11.335,11.657,11.67,12.298,2.544,2.583,2.556,2.634,1.2084,1.2011,1.2102,1.2504
CMP-2026-3158,ISRO-TRAIN-LOT-2026,8,125.0,LATENT_DRIFT,1,10.458,18.17,51.28,98.81,2.776,3.176,5.276,11.776,1.0658,1.1458,1.3958,1.9458
CMP-2026-3159,ISRO-TRAIN-LOT-2026,19,125.0,HEALTHY,0,11.514,11.6,12.076,11.933,1.913,1.916,1.953,1.937,1.2525,1.2581,1.2582,1.259
CMP-2026-3160,ISRO-TRAIN-LOT-2026,3,125.0,HEALTHY,0,10.931,10.994,11.329,11.89,2.452,2.468,2.533,2.618,1.1886,1.1856,1.1905,1.1946
CMP-2026-3161,ISRO-TRAIN-LOT-2026,15,125.0,HEALTHY,0,10.349,10.605,10.751,10.765,2.335,2.38,2.419,2.462,1.2401,1.2386,1.2472,1.2656
CMP-2026-3162,ISRO-TRAIN-LOT-2026,1,125.0,HEALTHY,0,9.799,10.26,10.493,10.657,2.159,2.232,2.202,2.239,1.1082,1.1082,1.1187,1.148
CMP-2026-3163,ISRO-TRAIN-LOT-2026,18,125.0,HEALTHY,0,12.256,12.475,12.775,12.603,2.241,2.283,2.33,2.373,0.9742,0.9694,0.9936,1.0102
CMP-2026-3164,ISRO-TRAIN-LOT-2026,20,125.0,LATENT_PAT_OUTLIER,1,45.417,46.775,49.241,52.955,9.053,9.853,11.053,12.853,1.7307,1.7807,1.8607,1.9807
CMP-2026-3165,ISRO-TRAIN-LOT-2026,6,125.0,HEALTHY,0,11.37,11.576,12.171,12.333,2.839,2.895,2.941,2.989,1.29,1.2938,1.3016,1.3174
CMP-2026-3166,ISRO-TRAIN-LOT-2026,20,125.0,HEALTHY,0,9.208,9.651,9.81,10.287,2.302,2.35,2.426,2.473,1.0849,1.0871,1.1045,1.1075
CMP-2026-3167,ISRO-TRAIN-LOT-2026,8,125.0,HEALTHY,0,11.122,11.427,11.593,11.989,2.247,2.218,2.348,2.327,1.1825,1.1914,1.1937,1.2279
CMP-2026-3168,ISRO-TRAIN-LOT-2026,9,125.0,HEALTHY,0,10.498,10.746,10.921,11.2,2.737,2.772,2.861,2.856,1.1341,1.1373,1.1472,1.1625
CMP-2026-3169,ISRO-TRAIN-LOT-2026,9,125.0,HEALTHY,0,12.021,12.402,12.688,13.063,1.817,1.806,1.918,1.967,1.1898,1.1864,1.1933,1.2493
CMP-2026-3170,ISRO-TRAIN-LOT-2026,14,125.0,HEALTHY,0,9.932,10.331,10.628,11.031,2.678,2.731,2.821,2.769,1.0384,1.0449,1.0478,1.0797
CMP-2026-3171,ISRO-TRAIN-LOT-2026,3,125.0,HEALTHY,0,9.702,9.87,10.049,10.061,2.588,2.607,2.694,2.7,1.0638,1.0707,1.0825,1.1011
CMP-2026-3172,ISRO-TRAIN-LOT-2026,5,125.0,HEALTHY,0,11.453,11.749,12.257,12.159,2.697,2.705,2.722,2.894,1.2646,1.27,1.2789,1.2751
CMP-2026-3173,ISRO-TRAIN-LOT-2026,11,125.0,HEALTHY,0,11.055,11.635,11.779,11.857,2.534,2.557,2.581,2.69,1.1505,1.1472,1.1597,1.1848
CMP-2026-3174,ISRO-TRAIN-LOT-2026,15,125.0,HEALTHY,0,10.718,11.008,11.31,11.461,2.472,2.469,2.584,2.564,1.231,1.2248,1.2446,1.273
CMP-2026-3175,ISRO-TRAIN-LOT-2026,6,125.0,HEALTHY,0,9.624,10.02,10.419,10.754,3.308,3.294,3.359,3.354,1.214,1.2229,1.227,1.2516
CMP-2026-3176,ISRO-TRAIN-LOT-2026,24,125.0,HEALTHY,0,11.17,11.489,11.715,12.375,2.714,2.755,2.767,2.693,1.2693,1.2653,1.2712,1.3015
CMP-2026-3177,ISRO-TRAIN-LOT-2026,14,125.0,GROSS_OUTLIER,1,81.903,90.75,97.445,125.864,23.345,26.345,31.345,39.345,3.0618,3.2618,3.6618,4.2618
CMP-2026-3178,ISRO-TRAIN-LOT-2026,21,125.0,HEALTHY,0,11.088,11.511,11.774,11.48,2.749,2.74,2.849,2.906,1.2992,1.309,1.3154,1.33
CMP-2026-3179,ISRO-TRAIN-LOT-2026,18,125.0,HEALTHY,0,12.691,13.0,13.035,13.181,2.463,2.523,2.538,2.561,1.2381,1.2469,1.2534,1.2778
CMP-2026-3180,ISRO-TRAIN-LOT-2026,12,125.0,HEALTHY,0,10.578,10.754,11.103,11.161,2.496,2.527,2.624,2.667,1.1614,1.1577,1.1712,1.1983
CMP-2026-3181,ISRO-TRAIN-LOT-2026,17,125.0,HEALTHY,0,11.238,11.429,11.702,11.746,2.221,2.245,2.253,2.366,1.1736,1.1756,1.1865,1.178
CMP-2026-3182,ISRO-TRAIN-LOT-2026,3,125.0,LATENT_DRIFT,1,8.519,16.39,53.969,107.291,2.94,3.34,5.44,11.94,1.3131,1.3931,1.6431,2.1931
CMP-2026-3183,ISRO-TRAIN-LOT-2026,24,125.0,HEALTHY,0,11.78,12.091,12.308,12.34,2.598,2.624,2.7,2.708,1.188,1.1918,1.2,1.2097
CMP-2026-3184,ISRO-TRAIN-LOT-2026,4,125.0,HEALTHY,0,11.395,11.89,11.982,12.165,2.377,2.398,2.426,2.517,1.2156,1.2128,1.2224,1.2579
CMP-2026-3185,ISRO-TRAIN-LOT-2026,8,125.0,LATENT_DRIFT,1,12.841,17.413,38.173,66.519,2.859,3.259,5.359,11.859,1.08,1.16,1.41,1.96
CMP-2026-3186,ISRO-TRAIN-LOT-2026,15,125.0,HEALTHY,0,11.045,11.177,11.424,11.72,2.105,2.108,2.191,2.185,1.1216,1.1223,1.142,1.1507
CMP-2026-3187,ISRO-TRAIN-LOT-2026,25,125.0,HEALTHY,0,11.739,12.047,12.306,12.676,2.421,2.46,2.492,2.55,1.1645,1.1692,1.1633,1.2005
CMP-2026-3188,ISRO-TRAIN-LOT-2026,2,125.0,HEALTHY,0,10.068,10.27,10.404,10.662,2.397,2.431,2.469,2.519,1.2787,1.2885,1.2836,1.2988
CMP-2026-3189,ISRO-TRAIN-LOT-2026,24,125.0,HEALTHY,0,12.492,12.733,12.596,13.007,2.416,2.391,2.532,2.382,1.1838,1.1802,1.1752,1.2294
CMP-2026-3190,ISRO-TRAIN-LOT-2026,15,125.0,HEALTHY,0,10.679,11.051,11.499,11.481,2.586,2.601,2.6,2.717,1.2237,1.2309,1.2271,1.2311
CMP-2026-3191,ISRO-TRAIN-LOT-2026,6,125.0,HEALTHY,0,9.968,10.099,10.604,10.331,2.239,2.313,2.351,2.332,1.0862,1.0907,1.1075,1.1083
CMP-2026-3192,ISRO-TRAIN-LOT-2026,18,125.0,HEALTHY,0,9.499,9.576,9.908,9.834,2.409,2.47,2.474,2.52,1.1828,1.1714,1.196,1.2152
CMP-2026-3193,ISRO-TRAIN-LOT-2026,13,125.0,HEALTHY,0,11.815,12.273,12.597,12.551,2.876,2.889,3.034,2.963,1.1935,1.1986,1.2046,1.226
CMP-2026-3194,ISRO-TRAIN-LOT-2026,12,125.0,HEALTHY,0,10.977,11.074,11.654,11.56,2.272,2.297,2.333,2.383,1.2787,1.2679,1.3015,1.3175
CMP-2026-3195,ISRO-TRAIN-LOT-2026,8,125.0,HEALTHY,0,11.079,11.066,11.393,11.558,2.927,2.929,2.95,3.101,1.1725,1.1744,1.1814,1.2129
CMP-2026-3196,ISRO-TRAIN-LOT-2026,9,125.0,HEALTHY,0,12.55,12.906,13.198,13.253,2.55,2.59,2.637,2.688,1.2842,1.2859,1.2978,1.3008
CMP-2026-3197,ISRO-TRAIN-LOT-2026,19,125.0,HEALTHY,0,10.502,10.667,11.102,10.971,2.615,2.661,2.662,2.752,1.2197,1.2261,1.2278,1.2316
CMP-2026-3198,ISRO-TRAIN-LOT-2026,16,125.0,HEALTHY,0,11.823,12.193,12.699,12.692,2.589,2.66,2.644,2.726,1.1663,1.168,1.1763,1.1898
CMP-2026-3199,ISRO-TRAIN-LOT-2026,2,125.0,HEALTHY,0,8.552,8.567,8.957,8.846,2.189,2.227,2.287,2.313,1.2327,1.2338,1.2444,1.2601
CMP-2026-3200,ISRO-TRAIN-LOT-2026,16,125.0,LATENT_PAT_OUTLIER,1,42.086,44.459,47.669,49.996,8.474,9.274,10.474,12.274,1.6246,1.6746,1.7546,1.8746
CMP-2026-3201,ISRO-TRAIN-LOT-2026,10,125.0,HEALTHY,0,10.127,10.391,10.828,11.087,2.748,2.821,2.809,2.853,1.0801,1.0768,1.0861,1.1075
CMP-2026-3202,ISRO-TRAIN-LOT-2026,5,125.0,HEALTHY,0,9.068,9.271,9.624,9.67,2.911,2.911,3.039,3.019,1.2165,1.2139,1.2383,1.2365
CMP-2026-3203,ISRO-TRAIN-LOT-2026,18,125.0,HEALTHY,0,11.337,11.542,12.071,12.459,2.654,2.676,2.767,2.822,1.1121,1.1097,1.1224,1.1384
CMP-2026-3204,ISRO-TRAIN-LOT-2026,3,125.0,HEALTHY,0,10.129,10.565,10.775,10.885,2.808,2.845,2.84,2.886,1.1788,1.1754,1.193,1.219
CMP-2026-3205,ISRO-TRAIN-LOT-2026,18,125.0,HEALTHY,0,8.978,9.308,9.802,10.125,2.873,2.925,3.06,2.933,1.2316,1.2295,1.2356,1.2715
CMP-2026-3206,ISRO-TRAIN-LOT-2026,10,125.0,HEALTHY,0,9.884,10.387,10.719,10.765,2.841,2.881,2.849,2.86,1.2693,1.2733,1.2765,1.2802
CMP-2026-3207,ISRO-TRAIN-LOT-2026,11,125.0,LATENT_PAT_OUTLIER,1,44.057,45.604,47.239,50.783,7.943,8.743,9.943,11.743,1.6058,1.6558,1.7358,1.8558
CMP-2026-3208,ISRO-TRAIN-LOT-2026,25,125.0,HEALTHY,0,12.969,13.087,13.478,13.778,3.067,3.123,3.124,3.151,1.0414,1.0463,1.0534,1.0721
CMP-2026-3209,ISRO-TRAIN-LOT-2026,25,125.0,HEALTHY,0,10.703,10.933,11.204,11.447,2.466,2.473,2.5,2.526,1.0739,1.0728,1.0809,1.1102
CMP-2026-3210,ISRO-TRAIN-LOT-2026,19,125.0,HEALTHY,0,12.278,12.303,12.609,13.017,3.142,3.136,3.228,3.184,1.2554,1.2626,1.282,1.2887
CMP-2026-3211,ISRO-TRAIN-LOT-2026,9,125.0,HEALTHY,0,13.321,13.329,13.689,13.783,2.983,3.04,3.097,3.102,1.2051,1.2068,1.2213,1.2355
CMP-2026-3212,ISRO-TRAIN-LOT-2026,17,125.0,HEALTHY,0,10.406,10.69,11.005,11.191,2.948,3.007,2.93,3.049,1.3577,1.363,1.3571,1.3846
CMP-2026-3213,ISRO-TRAIN-LOT-2026,5,125.0,LATENT_DRIFT,1,10.708,15.503,36.341,66.176,2.628,3.028,5.128,11.628,1.0574,1.1374,1.3874,1.9374
CMP-2026-3214,ISRO-TRAIN-LOT-2026,6,125.0,HEALTHY,0,9.039,9.335,9.578,9.694,2.479,2.487,2.542,2.544,1.1745,1.1708,1.1985,1.1863
CMP-2026-3215,ISRO-TRAIN-LOT-2026,9,125.0,HEALTHY,0,10.818,11.133,11.534,11.211,2.249,2.304,2.38,2.385,1.2234,1.2299,1.2406,1.2711
CMP-2026-3216,ISRO-TRAIN-LOT-2026,15,125.0,HEALTHY,0,12.529,12.721,13.017,12.852,2.972,3.031,3.05,3.04,1.0423,1.0426,1.0524,1.0601
CMP-2026-3217,ISRO-TRAIN-LOT-2026,3,125.0,HEALTHY,0,8.623,9.043,9.509,9.315,2.428,2.444,2.533,2.54,1.3023,1.3062,1.3098,1.3381
CMP-2026-3218,ISRO-TRAIN-LOT-2026,18,125.0,HEALTHY,0,10.342,10.715,10.785,11.172,2.354,2.404,2.408,2.471,1.1666,1.166,1.1795,1.204
CMP-2026-3219,ISRO-TRAIN-LOT-2026,15,125.0,HEALTHY,0,11.812,12.1,12.618,12.52,2.502,2.557,2.604,2.599,1.3295,1.3274,1.3372,1.3523
CMP-2026-3220,ISRO-TRAIN-LOT-2026,20,125.0,HEALTHY,0,10.558,10.749,11.016,10.959,2.294,2.295,2.326,2.433,1.2357,1.2409,1.2586,1.2597
CMP-2026-3221,ISRO-TRAIN-LOT-2026,7,125.0,HEALTHY,0,11.028,11.05,11.368,11.727,2.475,2.477,2.599,2.64,1.2099,1.1994,1.2218,1.2483
CMP-2026-3222,ISRO-TRAIN-LOT-2026,2,125.0,LATENT_DRIFT,1,11.983,16.998,38.042,69.161,2.347,2.747,4.847,11.347,1.2688,1.3488,1.5988,2.1488
CMP-2026-3223,ISRO-TRAIN-LOT-2026,10,125.0,LATENT_PAT_OUTLIER,1,42.112,43.364,46.037,48.914,10.187,10.987,12.187,13.987,1.6005,1.6505,1.7305,1.8505
CMP-2026-3224,ISRO-TRAIN-LOT-2026,19,125.0,HEALTHY,0,9.877,9.926,10.297,10.611,2.376,2.424,2.469,2.467,1.2306,1.2308,1.2323,1.2606
CMP-2026-3225,ISRO-TRAIN-LOT-2026,5,125.0,HEALTHY,0,9.703,9.879,9.965,10.759,2.698,2.726,2.77,2.803,1.1025,1.0981,1.1065,1.1288
CMP-2026-3226,ISRO-TRAIN-LOT-2026,17,125.0,HEALTHY,0,11.387,11.659,11.532,12.171,1.893,1.906,1.927,2.052,1.1124,1.1196,1.1238,1.1425
CMP-2026-3227,ISRO-TRAIN-LOT-2026,6,125.0,HEALTHY,0,9.41,9.687,10.393,10.342,2.192,2.21,2.19,2.186,1.2365,1.2378,1.2317,1.2586
CMP-2026-3228,ISRO-TRAIN-LOT-2026,12,125.0,HEALTHY,0,10.506,10.732,10.954,11.322,2.404,2.404,2.443,2.444,1.2745,1.2693,1.2916,1.3129
CMP-2026-3229,ISRO-TRAIN-LOT-2026,18,125.0,HEALTHY,0,11.024,11.258,11.61,11.69,2.631,2.633,2.661,2.802,1.2197,1.2147,1.2162,1.2578
CMP-2026-3230,ISRO-TRAIN-LOT-2026,11,125.0,HEALTHY,0,10.35,10.619,10.755,10.612,2.473,2.53,2.581,2.655,1.1685,1.1675,1.1939,1.2062
CMP-2026-3231,ISRO-TRAIN-LOT-2026,15,125.0,HEALTHY,0,9.44,9.694,10.14,10.174,2.554,2.571,2.619,2.662,1.3945,1.3998,1.4196,1.4241
CMP-2026-3232,ISRO-TRAIN-LOT-2026,17,125.0,HEALTHY,0,10.215,10.504,10.449,11.031,2.106,2.176,2.181,2.231,1.2105,1.2084,1.2241,1.2484
CMP-2026-3233,ISRO-TRAIN-LOT-2026,15,125.0,LATENT_PAT_OUTLIER,1,44.609,46.287,48.044,51.512,7.493,8.293,9.493,11.293,1.5921,1.6421,1.7221,1.8421
CMP-2026-3234,ISRO-TRAIN-LOT-2026,3,125.0,HEALTHY,0,10.933,11.156,11.19,11.587,2.206,2.186,2.303,2.258,1.1862,1.1824,1.1907,1.2182
CMP-2026-3235,ISRO-TRAIN-LOT-2026,7,125.0,HEALTHY,0,11.167,11.283,11.452,11.801,2.535,2.57,2.577,2.638,1.1489,1.1515,1.1762,1.1825
CMP-2026-3236,ISRO-TRAIN-LOT-2026,13,125.0,HEALTHY,0,8.948,9.036,9.241,8.847,2.693,2.753,2.742,2.777,1.2393,1.2378,1.2362,1.2649
CMP-2026-3237,ISRO-TRAIN-LOT-2026,2,125.0,HEALTHY,0,9.074,9.287,9.202,9.532,2.257,2.275,2.335,2.419,1.3635,1.3656,1.3714,1.3988
CMP-2026-3238,ISRO-TRAIN-LOT-2026,7,125.0,HEALTHY,0,10.668,10.962,11.272,11.6,2.333,2.368,2.437,2.423,1.2393,1.2445,1.2497,1.2633
CMP-2026-3239,ISRO-TRAIN-LOT-2026,17,125.0,HEALTHY,0,12.651,12.966,12.879,13.352,2.813,2.894,2.882,2.989,1.1814,1.1871,1.1971,1.2165
CMP-2026-3240,ISRO-TRAIN-LOT-2026,21,125.0,HEALTHY,0,9.877,10.252,10.447,10.724,2.405,2.443,2.498,2.516,1.2466,1.2426,1.2591,1.272
CMP-2026-3241,ISRO-TRAIN-LOT-2026,10,125.0,HEALTHY,0,9.719,9.763,10.02,10.057,2.509,2.564,2.537,2.695,1.2046,1.2083,1.2155,1.2392
CMP-2026-3242,ISRO-TRAIN-LOT-2026,6,125.0,GROSS_OUTLIER,1,83.465,91.874,106.405,121.268,24.986,27.986,32.986,40.986,2.8209,3.0209,3.4209,4.0209
CMP-2026-3243,ISRO-TRAIN-LOT-2026,2,125.0,LATENT_DRIFT,1,11.383,18.727,51.651,100.434,2.66,3.06,5.16,11.66,1.166,1.246,1.496,2.046
CMP-2026-3244,ISRO-TRAIN-LOT-2026,10,125.0,HEALTHY,0,11.096,11.273,11.553,11.743,2.623,2.669,2.711,2.771,1.033,1.0297,1.0538,1.0631
CMP-2026-3245,ISRO-TRAIN-LOT-2026,9,125.0,HEALTHY,0,11.464,11.516,12.142,11.824,2.882,2.919,2.894,2.93,1.3625,1.3663,1.3754,1.4035
CMP-2026-3246,ISRO-TRAIN-LOT-2026,6,125.0,HEALTHY,0,10.248,10.345,10.705,10.804,2.489,2.555,2.599,2.574,1.215,1.2139,1.2228,1.2489
CMP-2026-3247,ISRO-TRAIN-LOT-2026,23,125.0,HEALTHY,0,10.198,10.415,10.443,10.744,2.086,2.127,2.173,2.152,1.171,1.1689,1.188,1.2007
CMP-2026-3248,ISRO-TRAIN-LOT-2026,25,125.0,HEALTHY,0,9.781,10.199,10.573,10.74,2.996,3.001,3.032,3.125,1.1404,1.1446,1.1373,1.1735
CMP-2026-3249,ISRO-TRAIN-LOT-2026,1,125.0,HEALTHY,0,9.762,10.14,10.488,10.276,1.781,1.794,1.864,1.885,1.2121,1.2155,1.231,1.2342
CMP-2026-3250,ISRO-TRAIN-LOT-2026,17,125.0,HEALTHY,0,13.051,13.353,13.48,13.711,2.299,2.379,2.359,2.393,1.0948,1.0893,1.1159,1.1183
CMP-2026-3251,ISRO-TRAIN-LOT-2026,22,125.0,HEALTHY,0,11.778,12.076,12.452,12.81,2.345,2.397,2.353,2.496,1.1609,1.1621,1.1695,1.197
CMP-2026-3252,ISRO-TRAIN-LOT-2026,12,125.0,HEALTHY,0,10.227,10.312,10.67,10.93,2.313,2.375,2.432,2.483,1.1293,1.1339,1.1275,1.1572
CMP-2026-3253,ISRO-TRAIN-LOT-2026,4,125.0,GROSS_OUTLIER,1,67.479,72.943,92.862,115.15,34.483,37.483,42.483,50.483,3.3632,3.5632,3.9632,4.5632
CMP-2026-3254,ISRO-TRAIN-LOT-2026,11,125.0,HEALTHY,0,10.408,10.735,11.192,11.258,2.223,2.267,2.264,2.329,1.1456,1.1443,1.1637,1.1721
CMP-2026-3255,ISRO-TRAIN-LOT-2026,16,125.0,HEALTHY,0,10.788,10.969,11.49,11.904,2.348,2.345,2.42,2.474,1.2216,1.2199,1.2262,1.2487
CMP-2026-3256,ISRO-TRAIN-LOT-2026,4,125.0,HEALTHY,0,9.086,9.534,9.72,9.883,2.377,2.402,2.52,2.398,1.2092,1.2029,1.2307,1.2406
CMP-2026-3257,ISRO-TRAIN-LOT-2026,19,125.0,HEALTHY,0,8.594,8.594,8.804,9.059,1.777,1.778,1.876,1.823,1.2766,1.2831,1.2757,1.3057
CMP-2026-3258,ISRO-TRAIN-LOT-2026,17,125.0,HEALTHY,0,11.562,11.75,11.959,11.695,2.852,2.875,2.907,2.963,1.2131,1.2133,1.2223,1.2367
CMP-2026-3259,ISRO-TRAIN-LOT-2026,21,125.0,HEALTHY,0,10.823,11.004,11.399,11.833,2.595,2.617,2.615,2.714,1.3275,1.328,1.3404,1.3338
CMP-2026-3260,ISRO-TRAIN-LOT-2026,4,125.0,HEALTHY,0,11.104,11.554,11.48,11.795,2.978,3.03,2.957,3.09,1.2908,1.2917,1.3066,1.3245
CMP-2026-3261,ISRO-TRAIN-LOT-2026,8,125.0,HEALTHY,0,11.595,11.714,11.885,12.062,2.336,2.36,2.428,2.386,1.2745,1.2778,1.2922,1.289
CMP-2026-3262,ISRO-TRAIN-LOT-2026,14,125.0,LATENT_PAT_OUTLIER,1,41.555,43.243,45.633,48.386,7.426,8.226,9.426,11.226,1.4197,1.4697,1.5497,1.6697
CMP-2026-3263,ISRO-TRAIN-LOT-2026,15,125.0,HEALTHY,0,10.288,10.546,10.731,10.868,2.517,2.578,2.622,2.59,1.1766,1.1745,1.1948,1.2191
CMP-2026-3264,ISRO-TRAIN-LOT-2026,9,125.0,HEALTHY,0,9.361,9.725,9.947,10.236,2.611,2.637,2.778,2.697,1.2598,1.2599,1.2771,1.2756
CMP-2026-3265,ISRO-TRAIN-LOT-2026,22,125.0,HEALTHY,0,11.701,11.948,12.268,12.265,2.433,2.396,2.518,2.598,1.0899,1.091,1.1007,1.1189
CMP-2026-3266,ISRO-TRAIN-LOT-2026,13,125.0,HEALTHY,0,9.61,9.677,9.989,10.18,2.639,2.708,2.747,2.62,1.1232,1.1167,1.1315,1.157
CMP-2026-3267,ISRO-TRAIN-LOT-2026,12,125.0,HEALTHY,0,10.834,10.957,11.72,11.399,2.763,2.794,2.842,2.823,1.1174,1.1183,1.1175,1.1594
CMP-2026-3268,ISRO-TRAIN-LOT-2026,12,125.0,HEALTHY,0,8.88,9.394,9.766,9.872,2.089,2.113,2.186,2.238,1.1517,1.1556,1.1652,1.1835
CMP-2026-3269,ISRO-TRAIN-LOT-2026,14,125.0,HEALTHY,0,11.612,11.783,12.361,12.224,2.627,2.658,2.638,2.724,1.2825,1.2864,1.2948,1.3198
CMP-2026-3270,ISRO-TRAIN-LOT-2026,2,125.0,HEALTHY,0,9.187,9.234,9.384,9.525,2.671,2.693,2.715,2.795,1.2644,1.2676,1.2789,1.3028
CMP-2026-3271,ISRO-TRAIN-LOT-2026,7,125.0,HEALTHY,0,10.235,10.526,11.002,11.139,2.459,2.48,2.514,2.562,1.211,1.2085,1.2395,1.2312
CMP-2026-3272,ISRO-TRAIN-LOT-2026,20,125.0,HEALTHY,0,10.369,10.607,10.772,10.727,2.486,2.498,2.461,2.525,1.2258,1.2286,1.2455,1.2558
CMP-2026-3273,ISRO-TRAIN-LOT-2026,17,125.0,HEALTHY,0,10.884,10.91,11.124,11.233,2.841,2.861,2.953,2.934,1.1925,1.1817,1.1918,1.217
CMP-2026-3274,ISRO-TRAIN-LOT-2026,9,125.0,HEALTHY,0,10.951,11.313,11.695,11.573,3.194,3.218,3.24,3.218,1.2823,1.2793,1.2955,1.2971
CMP-2026-3275,ISRO-TRAIN-LOT-2026,16,125.0,HEALTHY,0,12.706,12.95,13.58,13.514,2.97,3.015,3.009,3.024,1.1652,1.1691,1.1798,1.1952
CMP-2026-3276,ISRO-TRAIN-LOT-2026,15,125.0,HEALTHY,0,10.84,11.051,11.088,11.047,2.488,2.485,2.593,2.577,1.2214,1.2197,1.2253,1.2616
CMP-2026-3277,ISRO-TRAIN-LOT-2026,13,125.0,GROSS_OUTLIER,1,53.094,57.476,77.273,87.955,21.754,24.754,29.754,37.754,3.2087,3.4087,3.8087,4.4087
CMP-2026-3278,ISRO-TRAIN-LOT-2026,6,125.0,HEALTHY,0,10.251,10.482,11.004,11.207,2.202,2.267,2.298,2.305,1.4371,1.4418,1.463,1.4762
CMP-2026-3279,ISRO-TRAIN-LOT-2026,21,125.0,HEALTHY,0,10.163,10.302,10.711,10.66,2.543,2.518,2.628,2.648,1.2637,1.2608,1.2835,1.2947
CMP-2026-3280,ISRO-TRAIN-LOT-2026,5,125.0,HEALTHY,0,8.067,8.394,8.955,8.861,2.641,2.664,2.79,2.764,1.1627,1.1628,1.1735,1.1847
CMP-2026-3281,ISRO-TRAIN-LOT-2026,16,125.0,HEALTHY,0,9.991,10.076,10.474,10.654,2.29,2.357,2.453,2.396,1.1405,1.1451,1.1573,1.1695
CMP-2026-3282,ISRO-TRAIN-LOT-2026,14,125.0,HEALTHY,0,10.126,10.16,10.535,10.471,2.292,2.329,2.361,2.361,1.2457,1.2452,1.2614,1.2832
CMP-2026-3283,ISRO-TRAIN-LOT-2026,3,125.0,HEALTHY,0,11.071,11.425,11.811,11.919,2.489,2.469,2.61,2.548,1.2645,1.2636,1.2845,1.2783
CMP-2026-3284,ISRO-TRAIN-LOT-2026,19,125.0,HEALTHY,0,10.239,10.47,10.696,10.8,2.335,2.427,2.449,2.497,1.1561,1.1612,1.1561,1.1941
CMP-2026-3285,ISRO-TRAIN-LOT-2026,20,125.0,HEALTHY,0,10.504,10.838,10.885,11.299,2.265,2.337,2.307,2.312,1.1219,1.1248,1.122,1.1667
CMP-2026-3286,ISRO-TRAIN-LOT-2026,2,125.0,HEALTHY,0,10.289,10.49,10.87,11.066,2.504,2.507,2.558,2.599,1.3494,1.3482,1.3703,1.3823
CMP-2026-3287,ISRO-TRAIN-LOT-2026,12,125.0,HEALTHY,0,11.021,11.209,11.682,11.955,2.339,2.342,2.429,2.496,1.2474,1.2569,1.2644,1.2852
CMP-2026-3288,ISRO-TRAIN-LOT-2026,14,125.0,HEALTHY,0,11.285,11.858,11.46,12.182,2.073,2.039,2.161,2.229,1.2195,1.2189,1.212,1.2618
CMP-2026-3289,ISRO-TRAIN-LOT-2026,10,125.0,LATENT_PAT_OUTLIER,1,45.05,46.518,48.452,51.706,7.014,7.814,9.014,10.814,1.4736,1.5236,1.6036,1.7236
CMP-2026-3290,ISRO-TRAIN-LOT-2026,2,125.0,HEALTHY,0,9.218,9.612,9.831,10.114,2.518,2.558,2.611,2.663,1.1825,1.1747,1.196,1.2171
CMP-2026-3291,ISRO-TRAIN-LOT-2026,25,125.0,HEALTHY,0,10.237,10.497,10.827,11.33,1.939,1.961,1.982,2.005,1.3013,1.2984,1.2959,1.3424
CMP-2026-3292,ISRO-TRAIN-LOT-2026,17,125.0,HEALTHY,0,10.683,10.731,10.96,11.127,2.616,2.637,2.665,2.727,1.1879,1.1886,1.197,1.211
CMP-2026-3293,ISRO-TRAIN-LOT-2026,25,125.0,HEALTHY,0,13.061,13.189,13.555,13.3,2.211,2.283,2.338,2.241,1.147,1.1386,1.1562,1.1623
CMP-2026-3294,ISRO-TRAIN-LOT-2026,7,125.0,HEALTHY,0,9.424,9.62,9.843,9.691,2.449,2.49,2.531,2.579,1.2252,1.2296,1.2362,1.2473
CMP-2026-3295,ISRO-TRAIN-LOT-2026,17,125.0,HEALTHY,0,9.404,9.52,9.744,9.715,2.17,2.225,2.256,2.218,1.3535,1.3605,1.3708,1.3872
CMP-2026-3296,ISRO-TRAIN-LOT-2026,1,125.0,HEALTHY,0,11.324,11.475,11.859,12.035,2.482,2.543,2.583,2.671,1.1054,1.1129,1.1076,1.1492
CMP-2026-3297,ISRO-TRAIN-LOT-2026,3,125.0,LATENT_PAT_OUTLIER,1,45.393,46.72,48.927,52.072,8.589,9.389,10.589,12.389,1.5629,1.6129,1.6929,1.8129
CMP-2026-3298,ISRO-TRAIN-LOT-2026,19,125.0,HEALTHY,0,11.049,11.467,11.815,12.141,2.427,2.455,2.508,2.462,1.0311,1.0278,1.0414,1.0731
CMP-2026-3299,ISRO-TRAIN-LOT-2026,17,125.0,HEALTHY,0,12.373,12.458,12.695,12.509,2.425,2.441,2.534,2.504,1.275,1.2765,1.275,1.322
CMP-2026-3300,ISRO-TRAIN-LOT-2026,22,125.0,LATENT_DRIFT,1,12.451,19.433,51.019,96.784,2.326,2.726,4.826,11.326,1.1292,1.2092,1.4592,2.0092
CMP-2026-3301,ISRO-TRAIN-LOT-2026,24,125.0,HEALTHY,0,14.308,14.421,14.95,14.979,3.028,3.081,3.146,3.144,1.2557,1.2539,1.2848,1.2666
CMP-2026-3302,ISRO-TRAIN-LOT-2026,9,125.0,HEALTHY,0,8.522,9.081,9.435,9.484,2.86,2.882,2.912,2.957,1.2968,1.2893,1.3159,1.315
CMP-2026-3303,ISRO-TRAIN-LOT-2026,10,125.0,HEALTHY,0,11.97,12.22,12.374,12.562,2.429,2.457,2.434,2.491,1.2421,1.2459,1.2518,1.2853
CMP-2026-3304,ISRO-TRAIN-LOT-2026,18,125.0,HEALTHY,0,11.09,11.303,11.588,11.82,2.549,2.568,2.642,2.698,1.2217,1.2287,1.2409,1.2424
CMP-2026-3305,ISRO-TRAIN-LOT-2026,21,125.0,HEALTHY,0,11.495,11.593,11.84,12.192,2.222,2.262,2.279,2.346,1.2709,1.2675,1.2798,1.2977
CMP-2026-3306,ISRO-TRAIN-LOT-2026,9,125.0,HEALTHY,0,10.222,10.653,10.618,11.227,2.875,2.928,2.941,2.888,1.1213,1.1214,1.1434,1.1494
CMP-2026-3307,ISRO-TRAIN-LOT-2026,23,125.0,HEALTHY,0,10.402,10.439,10.959,11.171,2.828,2.85,2.891,2.912,1.357,1.3498,1.3669,1.3787
CMP-2026-3308,ISRO-TRAIN-LOT-2026,10,125.0,HEALTHY,0,11.541,11.671,11.889,12.386,2.658,2.68,2.798,2.73,1.1699,1.1684,1.1787,1.1927
CMP-2026-3309,ISRO-TRAIN-LOT-2026,6,125.0,HEALTHY,0,11.142,11.454,11.795,11.697,2.195,2.231,2.262,2.252,1.23,1.2345,1.2408,1.2729
CMP-2026-3310,ISRO-TRAIN-LOT-2026,13,125.0,HEALTHY,0,12.75,13.014,13.405,13.985,2.117,2.182,2.191,2.237,1.3637,1.3637,1.3706,1.405
CMP-2026-3311,ISRO-TRAIN-LOT-2026,22,125.0,HEALTHY,0,10.779,11.329,11.576,11.394,2.495,2.559,2.584,2.565,1.1308,1.1242,1.1497,1.1564
CMP-2026-3312,ISRO-TRAIN-LOT-2026,24,125.0,HEALTHY,0,12.029,12.483,12.823,13.123,2.266,2.306,2.403,2.371,1.1194,1.1187,1.1382,1.1505
CMP-2026-3313,ISRO-TRAIN-LOT-2026,14,125.0,LATENT_PAT_OUTLIER,1,37.831,40.24,42.122,45.005,7.457,8.257,9.457,11.257,1.7244,1.7744,1.8544,1.9744
CMP-2026-3314,ISRO-TRAIN-LOT-2026,13,125.0,LATENT_PAT_OUTLIER,1,40.6,42.927,44.455,48.533,8.908,9.708,10.908,12.708,1.3823,1.4323,1.5123,1.6323
CMP-2026-3315,ISRO-TRAIN-LOT-2026,13,125.0,HEALTHY,0,10.37,10.413,10.873,10.434,2.661,2.687,2.711,2.861,1.1969,1.2028,1.211,1.2272
CMP-2026-3316,ISRO-TRAIN-LOT-2026,12,125.0,HEALTHY,0,10.447,10.556,11.048,11.61,2.196,2.224,2.217,2.343,1.2013,1.1997,1.215,1.2265
CMP-2026-3317,ISRO-TRAIN-LOT-2026,1,125.0,HEALTHY,0,11.229,11.398,11.939,12.123,2.533,2.591,2.682,2.655,1.2845,1.29,1.3004,1.3272
CMP-2026-3318,ISRO-TRAIN-LOT-2026,3,125.0,HEALTHY,0,10.602,10.911,11.103,11.343,2.651,2.72,2.75,2.741,1.2372,1.2351,1.2484,1.2711
CMP-2026-3319,ISRO-TRAIN-LOT-2026,16,125.0,HEALTHY,0,8.488,8.689,8.965,8.989,2.648,2.711,2.733,2.771,1.1931,1.1976,1.2055,1.2081
CMP-2026-3320,ISRO-TRAIN-LOT-2026,22,125.0,HEALTHY,0,12.856,13.103,13.166,13.629,2.743,2.736,2.828,2.82,1.241,1.2367,1.2406,1.2718
CMP-2026-3321,ISRO-TRAIN-LOT-2026,15,125.0,HEALTHY,0,8.769,8.779,9.142,9.404,2.064,2.104,2.126,2.134,1.2146,1.2128,1.2488,1.2545
CMP-2026-3322,ISRO-TRAIN-LOT-2026,20,125.0,HEALTHY,0,9.975,10.002,10.299,10.471,2.31,2.308,2.336,2.351,1.243,1.2544,1.2531,1.2699
CMP-2026-3323,ISRO-TRAIN-LOT-2026,17,125.0,HEALTHY,0,12.207,12.376,12.398,12.604,2.204,2.276,2.292,2.249,1.1896,1.1962,1.205,1.2288
CMP-2026-3324,ISRO-TRAIN-LOT-2026,12,125.0,HEALTHY,0,12.673,12.747,13.11,13.555,2.323,2.404,2.377,2.437,1.2115,1.2082,1.2183,1.2547
CMP-2026-3325,ISRO-TRAIN-LOT-2026,15,125.0,HEALTHY,0,10.027,10.153,10.172,10.431,2.567,2.61,2.589,2.747,1.2175,1.217,1.2393,1.249
CMP-2026-3326,ISRO-TRAIN-LOT-2026,22,125.0,HEALTHY,0,10.19,10.572,10.66,10.646,2.953,3.006,3.041,3.004,1.1196,1.1234,1.1342,1.1536
CMP-2026-3327,ISRO-TRAIN-LOT-2026,19,125.0,HEALTHY,0,9.677,10.114,10.494,10.918,2.577,2.569,2.628,2.721,1.1789,1.1818,1.1901,1.1958
CMP-2026-3328,ISRO-TRAIN-LOT-2026,18,125.0,HEALTHY,0,11.633,12.027,12.328,12.409,2.4,2.456,2.5,2.438,1.3995,1.396,1.4068,1.4335
CMP-2026-3329,ISRO-TRAIN-LOT-2026,15,125.0,HEALTHY,0,10.331,10.398,10.612,10.849,2.355,2.396,2.415,2.457,1.2247,1.2302,1.2487,1.2504
CMP-2026-3330,ISRO-TRAIN-LOT-2026,1,125.0,HEALTHY,0,11.117,11.395,11.567,11.946,2.275,2.33,2.355,2.402,1.2281,1.2243,1.254,1.2455
CMP-2026-3331,ISRO-TRAIN-LOT-2026,22,125.0,HEALTHY,0,9.836,10.171,10.432,10.454,2.555,2.598,2.612,2.637,1.2014,1.2054,1.206,1.2254
CMP-2026-3332,ISRO-TRAIN-LOT-2026,25,125.0,HEALTHY,0,11.238,11.443,11.811,12.126,3.029,3.059,3.124,3.037,1.173,1.1763,1.185,1.2024
CMP-2026-3333,ISRO-TRAIN-LOT-2026,2,125.0,HEALTHY,0,11.184,11.556,11.731,11.785,2.723,2.775,2.776,2.787,1.3133,1.3138,1.3139,1.3425
CMP-2026-3334,ISRO-TRAIN-LOT-2026,16,125.0,HEALTHY,0,10.656,11.032,11.301,11.469,2.856,2.915,2.935,2.965,1.1953,1.1955,1.2097,1.232
CMP-2026-3335,ISRO-TRAIN-LOT-2026,3,125.0,HEALTHY,0,10.818,10.944,11.138,11.638,2.66,2.703,2.747,2.88,1.224,1.2263,1.219,1.2529
CMP-2026-3336,ISRO-TRAIN-LOT-2026,24,125.0,HEALTHY,0,12.879,13.165,13.412,14.015,2.343,2.359,2.384,2.416,1.2262,1.2267,1.2474,1.2539
CMP-2026-3337,ISRO-TRAIN-LOT-2026,23,125.0,HEALTHY,0,9.348,9.442,9.522,9.841,2.954,2.942,3.064,3.112,1.2789,1.2808,1.2943,1.306
CMP-2026-3338,ISRO-TRAIN-LOT-2026,4,125.0,GROSS_OUTLIER,1,75.63,84.917,102.174,129.014,18.612,21.612,26.612,34.612,3.2997,3.4997,3.8997,4.4997
CMP-2026-3339,ISRO-TRAIN-LOT-2026,4,125.0,HEALTHY,0,10.754,11.104,11.3,11.514,2.399,2.458,2.507,2.577,1.313,1.3204,1.3333,1.3395
CMP-2026-3340,ISRO-TRAIN-LOT-2026,1,125.0,HEALTHY,0,8.584,8.825,9.13,9.368,2.651,2.736,2.783,2.766,1.2288,1.2313,1.2461,1.2622
CMP-2026-3341,ISRO-TRAIN-LOT-2026,11,125.0,HEALTHY,0,9.648,9.807,10.346,10.124,2.381,2.397,2.517,2.514,1.2246,1.2269,1.2371,1.2597
CMP-2026-3342,ISRO-TRAIN-LOT-2026,13,125.0,LATENT_DRIFT,1,14.339,22.63,59.414,114.429,2.39,2.79,4.89,11.39,1.211,1.291,1.541,2.091
CMP-2026-3343,ISRO-TRAIN-LOT-2026,20,125.0,HEALTHY,0,12.815,13.104,13.035,13.757,2.913,2.943,3.013,3.017,1.237,1.2437,1.2593,1.278
CMP-2026-3344,ISRO-TRAIN-LOT-2026,5,125.0,HEALTHY,0,10.05,10.419,10.821,10.902,2.139,2.201,2.269,2.216,1.2468,1.2491,1.2665,1.2742
CMP-2026-3345,ISRO-TRAIN-LOT-2026,12,125.0,HEALTHY,0,10.974,11.126,11.615,11.671,2.184,2.208,2.208,2.368,1.2351,1.233,1.2502,1.2626
CMP-2026-3346,ISRO-TRAIN-LOT-2026,15,125.0,HEALTHY,0,11.783,12.088,12.293,12.378,2.333,2.419,2.483,2.422,1.3467,1.3461,1.3615,1.3814
CMP-2026-3347,ISRO-TRAIN-LOT-2026,6,125.0,HEALTHY,0,10.012,10.293,10.301,10.95,2.359,2.411,2.448,2.447,1.3938,1.3968,1.4255,1.4119
CMP-2026-3348,ISRO-TRAIN-LOT-2026,24,125.0,HEALTHY,0,11.33,11.688,12.121,12.196,3.133,3.15,3.214,3.223,1.2021,1.2081,1.2143,1.2314
CMP-2026-3349,ISRO-TRAIN-LOT-2026,4,125.0,HEALTHY,0,9.848,10.23,10.735,10.876,2.083,2.122,2.224,2.265,1.0646,1.0653,1.0874,1.1195
CMP-2026-3350,ISRO-TRAIN-LOT-2026,11,125.0,HEALTHY,0,10.139,10.469,10.959,11.195,2.888,2.893,2.899,2.96,1.2408,1.2414,1.2521,1.2646
CMP-2026-3351,ISRO-TRAIN-LOT-2026,5,125.0,HEALTHY,0,10.974,11.203,11.082,11.71,2.493,2.554,2.58,2.562,1.2563,1.2591,1.2709,1.2697
CMP-2026-3352,ISRO-TRAIN-LOT-2026,17,125.0,HEALTHY,0,10.732,10.828,10.843,10.874,3.01,3.032,3.067,3.102,1.1564,1.1554,1.1757,1.1945
CMP-2026-3353,ISRO-TRAIN-LOT-2026,20,125.0,HEALTHY,0,12.391,12.716,12.794,12.972,2.293,2.274,2.364,2.322,1.2425,1.2423,1.243,1.2604
CMP-2026-3354,ISRO-TRAIN-LOT-2026,4,125.0,HEALTHY,0,10.632,10.969,11.206,11.374,2.481,2.493,2.503,2.62,1.1019,1.0945,1.1225,1.147
CMP-2026-3355,ISRO-TRAIN-LOT-2026,23,125.0,HEALTHY,0,11.481,11.587,11.934,12.035,2.115,2.149,2.21,2.23,1.0975,1.111,1.098,1.1217
CMP-2026-3356,ISRO-TRAIN-LOT-2026,22,125.0,HEALTHY,0,9.217,9.471,9.554,9.998,2.937,2.986,3.005,3.104,1.2596,1.2625,1.2706,1.2661
CMP-2026-3357,ISRO-TRAIN-LOT-2026,16,125.0,HEALTHY,0,11.683,11.923,12.455,12.259,2.568,2.622,2.718,2.728,1.1508,1.1555,1.1611,1.1786
CMP-2026-3358,ISRO-TRAIN-LOT-2026,7,125.0,HEALTHY,0,11.606,11.792,11.951,11.75,2.51,2.512,2.607,2.583,1.2463,1.2387,1.2635,1.2618
CMP-2026-3359,ISRO-TRAIN-LOT-2026,24,125.0,LATENT_PAT_OUTLIER,1,39.402,41.347,43.13,47.534,7.377,8.177,9.377,11.177,1.4058,1.4558,1.5358,1.6558
CMP-2026-3360,ISRO-TRAIN-LOT-2026,17,125.0,HEALTHY,0,10.685,10.791,11.14,11.038,2.532,2.61,2.568,2.589,1.2617,1.2586,1.287,1.314
CMP-2026-3361,ISRO-TRAIN-LOT-2026,1,125.0,HEALTHY,0,10.285,10.374,10.889,11.148,2.596,2.608,2.622,2.74,1.2917,1.2855,1.3156,1.3053
CMP-2026-3362,ISRO-TRAIN-LOT-2026,6,125.0,HEALTHY,0,10.823,11.027,11.151,11.308,2.579,2.59,2.723,2.701,1.243,1.2406,1.2617,1.2825
CMP-2026-3363,ISRO-TRAIN-LOT-2026,12,125.0,LATENT_DRIFT,1,10.464,16.812,44.985,86.506,2.934,3.334,5.434,11.934,1.2339,1.3139,1.5639,2.1139
CMP-2026-3364,ISRO-TRAIN-LOT-2026,10,125.0,HEALTHY,0,9.499,9.679,9.89,9.977,2.593,2.607,2.737,2.725,1.2119,1.2096,1.2281,1.2459
CMP-2026-3365,ISRO-TRAIN-LOT-2026,13,125.0,HEALTHY,0,13.19,13.566,13.805,13.912,2.159,2.23,2.258,2.298,1.2328,1.2373,1.2328,1.2458
CMP-2026-3366,ISRO-TRAIN-LOT-2026,4,125.0,HEALTHY,0,10.231,10.364,10.997,10.979,2.283,2.263,2.374,2.511,1.0621,1.0747,1.0731,1.1025
CMP-2026-3367,ISRO-TRAIN-LOT-2026,3,125.0,HEALTHY,0,10.723,11.012,11.506,11.504,2.253,2.295,2.34,2.472,1.3276,1.3297,1.329,1.3531
CMP-2026-3368,ISRO-TRAIN-LOT-2026,22,125.0,HEALTHY,0,10.733,10.955,11.223,11.491,3.032,3.122,3.092,3.145,1.2085,1.2069,1.2145,1.2373
CMP-2026-3369,ISRO-TRAIN-LOT-2026,12,125.0,HEALTHY,0,11.778,12.035,12.616,12.627,2.238,2.256,2.273,2.315,1.2254,1.2317,1.2341,1.2575
CMP-2026-3370,ISRO-TRAIN-LOT-2026,4,125.0,HEALTHY,0,9.631,9.943,10.319,10.594,2.866,2.899,2.991,2.949,1.3405,1.3495,1.359,1.3687
CMP-2026-3371,ISRO-TRAIN-LOT-2026,10,125.0,HEALTHY,0,9.238,9.719,9.597,10.104,2.136,2.212,2.236,2.275,1.1317,1.1392,1.1463,1.1582
CMP-2026-3372,ISRO-TRAIN-LOT-2026,23,125.0,HEALTHY,0,8.369,8.706,8.385,8.346,2.4,2.397,2.469,2.523,1.4644,1.4697,1.473,1.4991
CMP-2026-3373,ISRO-TRAIN-LOT-2026,16,125.0,HEALTHY,0,11.301,11.622,12.313,12.402,2.04,2.079,2.18,2.044,1.1641,1.1675,1.1712,1.1717
CMP-2026-3374,ISRO-TRAIN-LOT-2026,25,125.0,HEALTHY,0,8.845,9.048,9.566,9.632,2.76,2.851,2.823,2.864,1.1136,1.1109,1.1238,1.1301
CMP-2026-3375,ISRO-TRAIN-LOT-2026,21,125.0,HEALTHY,0,9.56,9.717,10.012,10.529,2.614,2.703,2.714,2.709,1.1915,1.2029,1.1995,1.2174
CMP-2026-3376,ISRO-TRAIN-LOT-2026,23,125.0,HEALTHY,0,11.603,11.845,12.312,12.403,2.188,2.227,2.314,2.272,1.251,1.252,1.2476,1.2936
CMP-2026-3377,ISRO-TRAIN-LOT-2026,8,125.0,HEALTHY,0,10.706,10.648,11.037,11.115,2.983,2.992,3.061,3.159,1.0777,1.0881,1.0935,1.1261
CMP-2026-3378,ISRO-TRAIN-LOT-2026,24,125.0,HEALTHY,0,9.557,9.974,10.342,10.5,2.223,2.25,2.332,2.314,1.2199,1.2203,1.2314,1.2489
CMP-2026-3379,ISRO-TRAIN-LOT-2026,3,125.0,HEALTHY,0,9.773,10.139,10.042,10.116,2.046,2.068,2.088,2.165,1.266,1.2728,1.2788,1.3028
CMP-2026-3380,ISRO-TRAIN-LOT-2026,25,125.0,HEALTHY,0,11.801,12.135,12.552,12.281,2.388,2.411,2.434,2.503,1.2869,1.2863,1.3072,1.3185
CMP-2026-3381,ISRO-TRAIN-LOT-2026,13,125.0,HEALTHY,0,11.035,11.313,11.377,11.364,2.373,2.428,2.385,2.431,1.1845,1.1934,1.1943,1.2146
CMP-2026-3382,ISRO-TRAIN-LOT-2026,18,125.0,HEALTHY,0,12.707,12.946,13.374,13.588,2.846,2.862,2.89,2.945,1.1856,1.1883,1.2039,1.2243
CMP-2026-3383,ISRO-TRAIN-LOT-2026,13,125.0,HEALTHY,0,10.116,10.162,10.56,10.275,2.797,2.818,2.855,2.875,1.1617,1.1649,1.1657,1.2073
CMP-2026-3384,ISRO-TRAIN-LOT-2026,3,125.0,GROSS_OUTLIER,1,68.164,71.661,84.713,104.916,16.741,19.741,24.741,32.741,2.669,2.869,3.269,3.869
CMP-2026-3385,ISRO-TRAIN-LOT-2026,11,125.0,HEALTHY,0,11.963,12.151,12.549,12.399,2.546,2.572,2.678,2.708,1.2045,1.2088,1.2166,1.2341
CMP-2026-3386,ISRO-TRAIN-LOT-2026,3,125.0,HEALTHY,0,9.516,9.793,9.769,9.806,2.442,2.506,2.5,2.555,1.2894,1.2838,1.302,1.3173
CMP-2026-3387,ISRO-TRAIN-LOT-2026,15,125.0,HEALTHY,0,10.725,11.017,11.495,11.489,3.217,3.301,3.224,3.335,1.1569,1.161,1.1706,1.1934
CMP-2026-3388,ISRO-TRAIN-LOT-2026,24,125.0,HEALTHY,0,10.238,10.221,10.558,10.594,2.354,2.372,2.379,2.55,1.0974,1.093,1.1297,1.1541
CMP-2026-3389,ISRO-TRAIN-LOT-2026,21,125.0,HEALTHY,0,9.82,9.945,10.301,10.048,2.384,2.362,2.398,2.563,1.3074,1.3181,1.3065,1.3387
CMP-2026-3390,ISRO-TRAIN-LOT-2026,3,125.0,HEALTHY,0,10.223,10.397,10.991,11.068,2.456,2.466,2.588,2.604,1.3535,1.3525,1.375,1.3807
CMP-2026-3391,ISRO-TRAIN-LOT-2026,21,125.0,HEALTHY,0,11.617,11.786,11.873,11.951,2.391,2.46,2.431,2.431,1.2352,1.2401,1.2412,1.2656
CMP-2026-3392,ISRO-TRAIN-LOT-2026,22,125.0,HEALTHY,0,11.093,11.434,11.555,11.981,2.252,2.302,2.337,2.334,1.2557,1.2592,1.2695,1.2678
CMP-2026-3393,ISRO-TRAIN-LOT-2026,5,125.0,HEALTHY,0,12.521,12.792,13.022,12.997,2.105,2.184,2.245,2.294,1.2561,1.2604,1.2892,1.2888
CMP-2026-3394,ISRO-TRAIN-LOT-2026,16,125.0,HEALTHY,0,10.958,11.267,11.634,11.642,2.761,2.806,2.874,2.884,1.2218,1.2214,1.2392,1.2475
CMP-2026-3395,ISRO-TRAIN-LOT-2026,10,125.0,HEALTHY,0,10.579,10.563,10.954,11.022,2.62,2.608,2.688,2.711,1.2089,1.2032,1.2107,1.2325
CMP-2026-3396,ISRO-TRAIN-LOT-2026,2,125.0,HEALTHY,0,9.54,9.844,10.306,10.318,3.12,3.172,3.261,3.155,1.171,1.1673,1.1714,1.208
CMP-2026-3397,ISRO-TRAIN-LOT-2026,8,125.0,HEALTHY,0,10.699,11.153,11.423,11.491,2.922,2.957,2.95,3.049,1.0378,1.0393,1.0617,1.0465
CMP-2026-3398,ISRO-TRAIN-LOT-2026,17,125.0,HEALTHY,0,8.502,8.719,9.229,9.222,2.094,2.107,2.152,2.199,1.1997,1.1975,1.2084,1.2432
CMP-2026-3399,ISRO-TRAIN-LOT-2026,24,125.0,HEALTHY,0,11.164,11.508,11.702,11.956,2.405,2.464,2.489,2.472,1.1722,1.1848,1.1964,1.2041
CMP-2026-3400,ISRO-TRAIN-LOT-2026,23,125.0,HEALTHY,0,12.546,12.759,13.297,13.728,2.547,2.589,2.664,2.666,1.2377,1.2337,1.2528,1.2595
CMP-2026-3401,ISRO-TRAIN-LOT-2026,12,125.0,HEALTHY,0,10.518,10.619,11.018,11.298,2.217,2.274,2.312,2.354,1.1548,1.1611,1.1582,1.1813
CMP-2026-3402,ISRO-TRAIN-LOT-2026,1,125.0,HEALTHY,0,11.679,11.769,12.453,12.258,2.639,2.632,2.661,2.717,1.1266,1.1414,1.1316,1.1515
CMP-2026-3403,ISRO-TRAIN-LOT-2026,18,125.0,HEALTHY,0,9.143,9.426,9.523,10.25,2.157,2.203,2.204,2.263,1.1423,1.1499,1.1528,1.1768
CMP-2026-3404,ISRO-TRAIN-LOT-2026,16,125.0,HEALTHY,0,11.1,11.317,11.674,11.647,2.461,2.526,2.499,2.594,1.2155,1.2235,1.2362,1.2399
CMP-2026-3405,ISRO-TRAIN-LOT-2026,5,125.0,HEALTHY,0,10.865,11.097,11.433,11.25,2.832,2.877,2.829,2.914,1.2276,1.2251,1.2276,1.2356
CMP-2026-3406,ISRO-TRAIN-LOT-2026,3,125.0,HEALTHY,0,8.695,9.16,9.516,9.665,2.383,2.428,2.381,2.566,1.2063,1.2056,1.2094,1.2429
CMP-2026-3407,ISRO-TRAIN-LOT-2026,9,125.0,HEALTHY,0,9.501,9.627,9.993,9.788,2.733,2.766,2.803,2.92,1.228,1.222,1.2453,1.2596
CMP-2026-3408,ISRO-TRAIN-LOT-2026,10,125.0,HEALTHY,0,9.979,10.25,10.54,11.196,2.67,2.702,2.691,2.704,1.1215,1.1235,1.125,1.1584
CMP-2026-3409,ISRO-TRAIN-LOT-2026,20,125.0,HEALTHY,0,11.213,11.412,11.517,11.814,2.61,2.611,2.724,2.689,1.1696,1.1636,1.1701,1.1904
CMP-2026-3410,ISRO-TRAIN-LOT-2026,7,125.0,HEALTHY,0,10.904,11.094,11.467,11.703,2.492,2.535,2.607,2.545,1.1323,1.1376,1.1204,1.1472
CMP-2026-3411,ISRO-TRAIN-LOT-2026,10,125.0,HEALTHY,0,10.99,11.185,11.468,11.949,3.006,3.034,3.104,3.099,1.1296,1.1281,1.147,1.1669
CMP-2026-3412,ISRO-TRAIN-LOT-2026,2,125.0,HEALTHY,0,9.954,10.143,10.286,10.446,2.744,2.79,2.799,2.791,1.2425,1.2419,1.2511,1.2592
CMP-2026-3413,ISRO-TRAIN-LOT-2026,1,125.0,HEALTHY,0,10.706,10.726,11.393,11.43,2.594,2.652,2.619,2.716,1.313,1.3125,1.3097,1.3493
CMP-2026-3414,ISRO-TRAIN-LOT-2026,22,125.0,HEALTHY,0,11.439,11.652,11.904,12.302,2.754,2.716,2.856,2.826,1.2486,1.2484,1.2566,1.2792
CMP-2026-3415,ISRO-TRAIN-LOT-2026,23,125.0,HEALTHY,0,9.735,9.935,10.336,10.146,2.452,2.476,2.511,2.543,1.0562,1.0577,1.0624,1.0907
CMP-2026-3416,ISRO-TRAIN-LOT-2026,18,125.0,HEALTHY,0,11.097,11.427,11.936,11.903,2.629,2.699,2.716,2.677,1.1711,1.1724,1.1807,1.2098
CMP-2026-3417,ISRO-TRAIN-LOT-2026,14,125.0,HEALTHY,0,9.634,10.015,9.947,10.113,2.637,2.673,2.715,2.752,1.1847,1.1924,1.205,1.1835
CMP-2026-3418,ISRO-TRAIN-LOT-2026,8,125.0,HEALTHY,0,11.623,11.926,12.527,12.72,2.461,2.514,2.572,2.543,1.0857,1.0775,1.0997,1.1187
CMP-2026-3419,ISRO-TRAIN-LOT-2026,20,125.0,HEALTHY,0,11.88,11.861,12.052,12.239,2.34,2.366,2.358,2.51,1.1641,1.1703,1.1738,1.1896
CMP-2026-3420,ISRO-TRAIN-LOT-2026,22,125.0,HEALTHY,0,9.803,10.259,10.301,10.175,2.224,2.308,2.274,2.365,1.3453,1.3517,1.3656,1.3802
CMP-2026-3421,ISRO-TRAIN-LOT-2026,7,125.0,HEALTHY,0,9.795,9.863,9.981,9.872,2.201,2.198,2.316,2.319,1.1726,1.1752,1.1763,1.2178
CMP-2026-3422,ISRO-TRAIN-LOT-2026,1,125.0,GROSS_OUTLIER,1,63.206,72.872,79.505,91.444,20.815,23.815,28.815,36.815,3.4449,3.6449,4.0449,4.6449
CMP-2026-3423,ISRO-TRAIN-LOT-2026,17,125.0,HEALTHY,0,10.786,11.255,11.482,11.714,2.383,2.461,2.379,2.47,1.2528,1.2606,1.263,1.3034
CMP-2026-3424,ISRO-TRAIN-LOT-2026,2,125.0,HEALTHY,0,9.111,9.204,9.496,9.378,2.451,2.541,2.515,2.591,1.2364,1.2376,1.2402,1.2671
CMP-2026-3425,ISRO-TRAIN-LOT-2026,12,125.0,HEALTHY,0,9.714,9.833,10.012,10.279,2.21,2.199,2.303,2.281,1.2129,1.2083,1.2323,1.2383
CMP-2026-3426,ISRO-TRAIN-LOT-2026,25,125.0,LATENT_PAT_OUTLIER,1,37.923,40.095,42.507,44.907,10.741,11.541,12.741,14.541,1.4255,1.4755,1.5555,1.6755
CMP-2026-3427,ISRO-TRAIN-LOT-2026,9,125.0,HEALTHY,0,10.653,10.992,11.394,11.619,1.954,2.004,2.059,2.078,1.1686,1.1689,1.1801,1.1886
CMP-2026-3428,ISRO-TRAIN-LOT-2026,6,125.0,HEALTHY,0,10.353,10.492,10.825,10.938,2.271,2.341,2.422,2.374,1.2752,1.2814,1.2981,1.326
CMP-2026-3429,ISRO-TRAIN-LOT-2026,6,125.0,HEALTHY,0,9.954,10.096,10.561,10.581,2.503,2.526,2.5,2.584,1.1691,1.179,1.1717,1.1951
CMP-2026-3430,ISRO-TRAIN-LOT-2026,5,125.0,HEALTHY,0,10.441,10.448,10.578,10.791,2.094,2.132,2.178,2.237,1.1656,1.1649,1.1841,1.2041
CMP-2026-3431,ISRO-TRAIN-LOT-2026,18,125.0,HEALTHY,0,9.757,9.945,10.25,10.022,2.629,2.699,2.645,2.721,1.1634,1.1629,1.1756,1.198
CMP-2026-3432,ISRO-TRAIN-LOT-2026,15,125.0,LATENT_PAT_OUTLIER,1,40.684,43.097,45.728,49.38,6.478,7.278,8.478,10.278,1.6291,1.6791,1.7591,1.8791
CMP-2026-3433,ISRO-TRAIN-LOT-2026,4,125.0,LATENT_PAT_OUTLIER,1,43.208,45.648,48.603,52.92,5.775,6.575,7.775,9.575,1.4695,1.5195,1.5995,1.7195
CMP-2026-3434,ISRO-TRAIN-LOT-2026,1,125.0,HEALTHY,0,10.643,10.917,11.257,11.141,2.722,2.768,2.726,2.778,1.217,1.2135,1.2323,1.2457
CMP-2026-3435,ISRO-TRAIN-LOT-2026,24,125.0,HEALTHY,0,11.489,11.609,11.77,12.24,2.482,2.513,2.555,2.495,1.1906,1.1808,1.2022,1.2106
CMP-2026-3436,ISRO-TRAIN-LOT-2026,9,125.0,GROSS_OUTLIER,1,77.396,84.474,90.159,119.187,32.992,35.992,40.992,48.992,3.3743,3.5743,3.9743,4.5743
CMP-2026-3437,ISRO-TRAIN-LOT-2026,9,125.0,HEALTHY,0,11.913,12.081,12.51,12.336,2.418,2.443,2.495,2.505,1.2044,1.2071,1.2253,1.2282
CMP-2026-3438,ISRO-TRAIN-LOT-2026,15,125.0,HEALTHY,0,9.355,9.662,10.058,10.412,2.597,2.601,2.72,2.648,1.344,1.3478,1.3676,1.3688
CMP-2026-3439,ISRO-TRAIN-LOT-2026,23,125.0,HEALTHY,0,11.183,11.385,11.82,11.807,2.439,2.462,2.454,2.527,1.2672,1.2666,1.2807,1.3028
CMP-2026-3440,ISRO-TRAIN-LOT-2026,8,125.0,HEALTHY,0,11.196,11.368,11.661,11.489,2.863,2.872,2.914,3.022,1.2082,1.2013,1.2145,1.243
CMP-2026-3441,ISRO-TRAIN-LOT-2026,1,125.0,HEALTHY,0,10.259,10.549,10.746,10.454,2.522,2.574,2.57,2.537,1.2875,1.2877,1.2895,1.3144
CMP-2026-3442,ISRO-TRAIN-LOT-2026,1,125.0,HEALTHY,0,11.661,11.85,11.96,12.271,2.533,2.583,2.588,2.594,1.2128,1.2071,1.2032,1.2585
CMP-2026-3443,ISRO-TRAIN-LOT-2026,16,125.0,HEALTHY,0,12.495,12.796,12.968,13.042,2.532,2.542,2.622,2.643,1.1316,1.1288,1.1395,1.1778
CMP-2026-3444,ISRO-TRAIN-LOT-2026,7,125.0,HEALTHY,0,9.896,10.09,10.291,10.002,3.042,3.033,3.147,3.148,1.1919,1.201,1.1967,1.2153
CMP-2026-3445,ISRO-TRAIN-LOT-2026,17,125.0,HEALTHY,0,10.877,11.011,11.526,11.459,3.177,3.247,3.284,3.264,1.2855,1.2878,1.3021,1.3149
CMP-2026-3446,ISRO-TRAIN-LOT-2026,7,125.0,HEALTHY,0,10.264,10.349,10.488,10.912,2.894,2.897,2.978,3.056,1.2837,1.2759,1.3072,1.299
CMP-2026-3447,ISRO-TRAIN-LOT-2026,19,125.0,HEALTHY,0,11.049,11.318,11.448,11.456,2.411,2.426,2.485,2.541,1.2771,1.2757,1.2857,1.2967
CMP-2026-3448,ISRO-TRAIN-LOT-2026,4,125.0,HEALTHY,0,10.716,11.175,11.486,11.694,2.162,2.174,2.25,2.288,1.1555,1.1637,1.1685,1.18
CMP-2026-3449,ISRO-TRAIN-LOT-2026,19,125.0,HEALTHY,0,10.89,11.026,11.437,11.664,2.782,2.792,2.868,2.755,1.2836,1.2868,1.3066,1.3183
CMP-2026-3450,ISRO-TRAIN-LOT-2026,11,125.0,HEALTHY,0,10.605,10.741,11.171,11.094,2.716,2.761,2.706,2.851,1.2289,1.2233,1.2378,1.263
CMP-2026-3451,ISRO-TRAIN-LOT-2026,4,125.0,HEALTHY,0,8.361,8.894,8.928,9.461,2.419,2.419,2.475,2.596,1.3843,1.382,1.3923,1.4321
CMP-2026-3452,ISRO-TRAIN-LOT-2026,10,125.0,HEALTHY,0,11.428,11.687,12.332,12.439,2.289,2.358,2.366,2.385,1.2944,1.3001,1.2996,1.3294
CMP-2026-3453,ISRO-TRAIN-LOT-2026,13,125.0,HEALTHY,0,10.618,10.688,10.802,10.837,2.355,2.436,2.395,2.548,1.1989,1.1955,1.2267,1.2172
CMP-2026-3454,ISRO-TRAIN-LOT-2026,13,125.0,HEALTHY,0,10.034,10.247,10.799,10.842,2.604,2.669,2.696,2.71,1.0135,1.0073,1.0178,1.0554
CMP-2026-3455,ISRO-TRAIN-LOT-2026,5,125.0,HEALTHY,0,12.649,12.969,13.207,13.1,2.982,2.979,3.133,3.041,1.2216,1.2275,1.2331,1.2632
CMP-2026-3456,ISRO-TRAIN-LOT-2026,18,125.0,HEALTHY,0,10.334,10.753,11.105,11.288,2.228,2.28,2.22,2.379,1.0875,1.0861,1.0986,1.1047
CMP-2026-3457,ISRO-TRAIN-LOT-2026,19,125.0,HEALTHY,0,11.004,11.28,11.515,11.346,2.603,2.624,2.572,2.724,1.1694,1.1644,1.1752,1.2077
CMP-2026-3458,ISRO-TRAIN-LOT-2026,16,125.0,HEALTHY,0,11.648,11.867,12.448,12.618,2.548,2.572,2.673,2.78,1.3199,1.326,1.3253,1.3652
CMP-2026-3459,ISRO-TRAIN-LOT-2026,12,125.0,HEALTHY,0,10.388,10.511,10.69,10.815,2.68,2.764,2.701,2.764,1.1297,1.1264,1.1486,1.1743
CMP-2026-3460,ISRO-TRAIN-LOT-2026,19,125.0,HEALTHY,0,11.695,11.759,12.176,12.364,2.269,2.317,2.36,2.264,1.2815,1.2914,1.2996,1.3285
CMP-2026-3461,ISRO-TRAIN-LOT-2026,18,125.0,HEALTHY,0,9.498,9.758,10.256,10.558,2.195,2.231,2.251,2.315,1.089,1.09,1.103,1.1247
CMP-2026-3462,ISRO-TRAIN-LOT-2026,6,125.0,HEALTHY,0,12.059,11.994,12.588,12.568,2.25,2.31,2.346,2.371,1.1525,1.1505,1.1723,1.1837
CMP-2026-3463,ISRO-TRAIN-LOT-2026,10,125.0,HEALTHY,0,9.162,9.453,9.434,9.439,2.528,2.526,2.668,2.643,1.3274,1.335,1.3428,1.3593
CMP-2026-3464,ISRO-TRAIN-LOT-2026,21,125.0,HEALTHY,0,12.878,13.118,12.935,13.358,2.528,2.53,2.612,2.547,1.2071,1.207,1.2107,1.2319
CMP-2026-3465,ISRO-TRAIN-LOT-2026,16,125.0,HEALTHY,0,9.68,9.743,9.796,10.202,2.558,2.579,2.706,2.626,1.2565,1.2588,1.267,1.2985
CMP-2026-3466,ISRO-TRAIN-LOT-2026,1,125.0,HEALTHY,0,9.349,9.408,9.477,9.89,2.293,2.343,2.402,2.371,1.4255,1.4265,1.4391,1.4523
CMP-2026-3467,ISRO-TRAIN-LOT-2026,3,125.0,HEALTHY,0,10.423,10.661,11.094,11.285,2.165,2.205,2.216,2.382,1.2817,1.284,1.2799,1.3202
CMP-2026-3468,ISRO-TRAIN-LOT-2026,8,125.0,HEALTHY,0,9.119,9.446,9.858,10.02,2.672,2.678,2.739,2.757,1.2387,1.2317,1.2576,1.2704
CMP-2026-3469,ISRO-TRAIN-LOT-2026,20,125.0,HEALTHY,0,9.374,9.719,10.014,10.463,2.565,2.574,2.694,2.655,1.1495,1.1494,1.1693,1.1682
CMP-2026-3470,ISRO-TRAIN-LOT-2026,23,125.0,HEALTHY,0,10.937,10.982,11.305,11.388,2.549,2.599,2.619,2.706,1.2957,1.2931,1.3024,1.3072
CMP-2026-3471,ISRO-TRAIN-LOT-2026,15,125.0,LATENT_DRIFT,1,12.511,20.59,56.949,109.235,2.697,3.097,5.197,11.697,1.2702,1.3502,1.6002,2.1502
CMP-2026-3472,ISRO-TRAIN-LOT-2026,9,125.0,HEALTHY,0,12.256,12.368,12.776,12.695,3.044,3.113,3.102,3.208,1.2054,1.2039,1.2146,1.2368
CMP-2026-3473,ISRO-TRAIN-LOT-2026,5,125.0,HEALTHY,0,10.062,10.247,10.699,10.925,3.044,3.081,3.149,3.171,1.2976,1.3002,1.3121,1.3327
CMP-2026-3474,ISRO-TRAIN-LOT-2026,1,125.0,HEALTHY,0,10.041,10.378,10.704,11.02,2.406,2.462,2.511,2.507,1.2455,1.2454,1.2667,1.2668
CMP-2026-3475,ISRO-TRAIN-LOT-2026,4,125.0,HEALTHY,0,10.534,10.88,11.084,11.107,2.566,2.641,2.595,2.684,1.2464,1.2365,1.2402,1.2828
CMP-2026-3476,ISRO-TRAIN-LOT-2026,25,125.0,HEALTHY,0,12.143,12.48,12.652,13.171,2.185,2.236,2.257,2.248,1.119,1.1171,1.1257,1.1636
CMP-2026-3477,ISRO-TRAIN-LOT-2026,10,125.0,HEALTHY,0,10.691,10.984,11.211,11.741,2.884,2.962,2.963,2.93,1.0829,1.0781,1.1031,1.1157
CMP-2026-3478,ISRO-TRAIN-LOT-2026,13,125.0,HEALTHY,0,9.735,9.94,10.382,10.807,2.817,2.892,2.896,2.852,1.2532,1.2561,1.2779,1.2781
CMP-2026-3479,ISRO-TRAIN-LOT-2026,19,125.0,HEALTHY,0,10.301,10.584,10.851,11.309,2.574,2.635,2.669,2.744,1.1985,1.1979,1.1984,1.2233
CMP-2026-3480,ISRO-TRAIN-LOT-2026,11,125.0,LATENT_PAT_OUTLIER,1,38.316,39.938,42.945,46.692,7.909,8.709,9.909,11.709,1.5733,1.6233,1.7033,1.8233
CMP-2026-3481,ISRO-TRAIN-LOT-2026,11,125.0,HEALTHY,0,10.046,10.351,10.556,10.65,2.197,2.243,2.355,2.272,1.2087,1.2108,1.2192,1.255
CMP-2026-3482,ISRO-TRAIN-LOT-2026,3,125.0,HEALTHY,0,8.873,9.136,9.377,9.436,2.691,2.81,2.8,2.786,1.0694,1.069,1.0815,1.0852
CMP-2026-3483,ISRO-TRAIN-LOT-2026,24,125.0,HEALTHY,0,11.177,11.351,11.756,12.054,2.813,2.873,2.93,2.859,1.3141,1.3149,1.3207,1.3419
CMP-2026-3484,ISRO-TRAIN-LOT-2026,10,125.0,HEALTHY,0,11.744,11.759,12.171,12.341,2.499,2.561,2.532,2.655,1.3048,1.3068,1.3143,1.3306
CMP-2026-3485,ISRO-TRAIN-LOT-2026,11,125.0,HEALTHY,0,11.077,11.395,11.609,11.428,2.435,2.472,2.522,2.5,1.2071,1.2091,1.2276,1.2399
CMP-2026-3486,ISRO-TRAIN-LOT-2026,24,125.0,HEALTHY,0,9.379,9.816,9.732,9.937,2.222,2.27,2.287,2.293,1.2279,1.2183,1.2432,1.2473
CMP-2026-3487,ISRO-TRAIN-LOT-2026,14,125.0,HEALTHY,0,11.631,11.85,11.884,12.168,2.385,2.37,2.483,2.451,1.1622,1.1678,1.1828,1.191
CMP-2026-3488,ISRO-TRAIN-LOT-2026,11,125.0,HEALTHY,0,9.452,9.683,9.862,10.25,2.539,2.523,2.646,2.659,1.2252,1.2229,1.2362,1.2748
CMP-2026-3489,ISRO-TRAIN-LOT-2026,5,125.0,HEALTHY,0,10.588,10.741,11.098,11.121,1.944,2.052,2.029,2.031,1.3329,1.3367,1.3487,1.3579
CMP-2026-3490,ISRO-TRAIN-LOT-2026,18,125.0,HEALTHY,0,11.292,11.429,11.566,11.633,2.639,2.692,2.75,2.763,1.3012,1.2886,1.306,1.3443
CMP-2026-3491,ISRO-TRAIN-LOT-2026,5,125.0,HEALTHY,0,10.854,11.224,11.53,11.776,2.792,2.786,2.873,2.91,1.2217,1.2141,1.2241,1.2617
CMP-2026-3492,ISRO-TRAIN-LOT-2026,19,125.0,HEALTHY,0,11.303,11.507,12.027,12.033,1.887,1.93,1.995,1.993,1.1744,1.1745,1.1758,1.2132
CMP-2026-3493,ISRO-TRAIN-LOT-2026,5,125.0,HEALTHY,0,10.019,10.328,10.541,10.332,2.657,2.68,2.694,2.738,1.1715,1.1757,1.1737,1.1962
CMP-2026-3494,ISRO-TRAIN-LOT-2026,20,125.0,HEALTHY,0,9.936,9.971,10.394,10.555,2.875,2.914,2.953,2.945,1.0128,1.0079,1.0197,1.0448
CMP-2026-3495,ISRO-TRAIN-LOT-2026,1,125.0,HEALTHY,0,10.353,10.584,10.928,10.498,2.233,2.305,2.29,2.261,1.2087,1.2108,1.2134,1.2417
CMP-2026-3496,ISRO-TRAIN-LOT-2026,4,125.0,HEALTHY,0,9.639,9.827,10.241,10.637,2.059,2.114,2.217,2.18,1.2026,1.2012,1.2087,1.2336
CMP-2026-3497,ISRO-TRAIN-LOT-2026,3,125.0,HEALTHY,0,11.534,11.694,12.134,12.378,1.663,1.734,1.724,1.821,1.245,1.2437,1.2557,1.2694
CMP-2026-3498,ISRO-TRAIN-LOT-2026,17,125.0,HEALTHY,0,9.699,9.78,9.84,10.021,2.048,2.098,2.114,2.15,1.1857,1.1924,1.1965,1.1974
CMP-2026-3499,ISRO-TRAIN-LOT-2026,7,125.0,HEALTHY,0,10.744,11.255,11.213,11.535,2.844,2.767,2.891,2.98,1.3045,1.2991,1.324,1.322
CMP-2026-3500,ISRO-TRAIN-LOT-2026,16,125.0,HEALTHY,0,11.665,12.003,12.378,11.89,2.697,2.751,2.713,2.857,1.27,1.2676,1.2989,1.2939
CMP-2026-3501,ISRO-TRAIN-LOT-2026,5,125.0,HEALTHY,0,10.227,10.431,10.739,11.138,2.698,2.726,2.781,2.853,1.1464,1.1496,1.1543,1.1818
CMP-2026-3502,ISRO-TRAIN-LOT-2026,2,125.0,HEALTHY,0,9.341,9.644,9.9,9.578,2.896,2.898,2.955,3.114,1.3307,1.3371,1.3441,1.3673
CMP-2026-3503,ISRO-TRAIN-LOT-2026,21,125.0,HEALTHY,0,12.324,12.43,13.032,13.145,2.935,2.988,3.014,3.025,1.2353,1.2332,1.248,1.2766
CMP-2026-3504,ISRO-TRAIN-LOT-2026,7,125.0,HEALTHY,0,11.605,11.892,11.95,12.46,2.849,2.873,2.835,2.901,1.1439,1.1445,1.1599,1.1702
CMP-2026-3505,ISRO-TRAIN-LOT-2026,13,125.0,HEALTHY,0,9.744,9.857,10.138,10.124,2.848,2.913,2.961,2.973,1.2888,1.2877,1.3008,1.322
CMP-2026-3506,ISRO-TRAIN-LOT-2026,21,125.0,HEALTHY,0,9.191,9.509,9.786,10.144,2.955,2.988,3.011,3.007,1.0994,1.1021,1.1157,1.1304
CMP-2026-3507,ISRO-TRAIN-LOT-2026,8,125.0,HEALTHY,0,12.362,12.396,12.782,12.676,3.135,3.142,3.176,3.323,1.0462,1.0403,1.0504,1.0452
CMP-2026-3508,ISRO-TRAIN-LOT-2026,14,125.0,HEALTHY,0,10.842,11.087,11.6,11.737,2.324,2.325,2.397,2.358,1.1153,1.1134,1.1135,1.1322
CMP-2026-3509,ISRO-TRAIN-LOT-2026,18,125.0,HEALTHY,0,11.024,11.433,11.673,11.791,2.498,2.54,2.563,2.511,1.1054,1.103,1.1122,1.1328
CMP-2026-3510,ISRO-TRAIN-LOT-2026,13,125.0,HEALTHY,0,9.502,9.809,10.427,10.765,2.887,2.925,2.934,3.002,1.2316,1.2336,1.2482,1.265
CMP-2026-3511,ISRO-TRAIN-LOT-2026,14,125.0,HEALTHY,0,10.752,10.946,11.573,11.339,3.296,3.369,3.371,3.375,1.304,1.309,1.3218,1.3528
CMP-2026-3512,ISRO-TRAIN-LOT-2026,22,125.0,HEALTHY,0,9.977,10.432,10.513,10.645,2.749,2.742,2.833,2.931,1.2396,1.2345,1.2419,1.2642
CMP-2026-3513,ISRO-TRAIN-LOT-2026,24,125.0,HEALTHY,0,10.795,11.07,11.39,11.752,2.24,2.257,2.381,2.351,1.2532,1.258,1.2553,1.2905
CMP-2026-3514,ISRO-TRAIN-LOT-2026,25,125.0,HEALTHY,0,9.895,10.202,10.537,10.854,2.16,2.134,2.249,2.294,1.351,1.3487,1.3613,1.3936
CMP-2026-3515,ISRO-TRAIN-LOT-2026,23,125.0,LATENT_PAT_OUTLIER,1,44.783,46.434,49.122,51.57,8.866,9.666,10.866,12.666,1.499,1.549,1.629,1.749
CMP-2026-3516,ISRO-TRAIN-LOT-2026,5,125.0,HEALTHY,0,11.745,11.924,12.145,12.087,2.626,2.615,2.697,2.63,1.2236,1.218,1.2322,1.2589
CMP-2026-3517,ISRO-TRAIN-LOT-2026,16,125.0,HEALTHY,0,12.947,13.176,13.755,13.76,2.385,2.371,2.456,2.502,1.1001,1.0993,1.1076,1.1247
CMP-2026-3518,ISRO-TRAIN-LOT-2026,5,125.0,HEALTHY,0,8.199,8.489,8.93,8.8,2.648,2.672,2.715,2.724,1.27,1.2727,1.2814,1.3059
CMP-2026-3519,ISRO-TRAIN-LOT-2026,22,125.0,HEALTHY,0,13.46,13.782,14.067,14.484,2.516,2.586,2.632,2.677,1.084,1.0934,1.0958,1.1083
CMP-2026-3520,ISRO-TRAIN-LOT-2026,11,125.0,HEALTHY,0,11.204,11.448,11.647,11.689,2.509,2.549,2.606,2.678,1.1986,1.201,1.2018,1.2312
CMP-2026-3521,ISRO-TRAIN-LOT-2026,10,125.0,LATENT_DRIFT,1,13.553,18.127,38.451,68.35,3.005,3.405,5.505,12.005,1.2732,1.3532,1.6032,2.1532
CMP-2026-3522,ISRO-TRAIN-LOT-2026,9,125.0,HEALTHY,0,11.076,11.425,11.84,12.059,2.875,2.976,3.011,2.977,1.2768,1.2743,1.2918,1.3007
CMP-2026-3523,ISRO-TRAIN-LOT-2026,17,125.0,HEALTHY,0,10.998,11.241,11.663,11.823,2.514,2.531,2.642,2.609,1.1895,1.1963,1.1776,1.2231
CMP-2026-3524,ISRO-TRAIN-LOT-2026,1,125.0,HEALTHY,0,11.036,11.3,11.684,11.539,2.567,2.573,2.655,2.684,1.1048,1.1055,1.1178,1.1381
CMP-2026-3525,ISRO-TRAIN-LOT-2026,11,125.0,HEALTHY,0,10.193,10.512,10.895,11.006,2.066,2.074,2.194,2.213,1.1627,1.1558,1.1714,1.194
CMP-2026-3526,ISRO-TRAIN-LOT-2026,11,125.0,HEALTHY,0,11.524,11.724,11.837,12.034,2.177,2.228,2.252,2.293,1.18,1.1817,1.1993,1.2169
CMP-2026-3527,ISRO-TRAIN-LOT-2026,19,125.0,HEALTHY,0,11.219,11.51,11.774,11.388,1.88,1.966,1.987,1.972,1.113,1.1084,1.1268,1.1495
CMP-2026-3528,ISRO-TRAIN-LOT-2026,25,125.0,LATENT_PAT_OUTLIER,1,36.105,38.239,41.09,43.792,7.736,8.536,9.736,11.536,1.5914,1.6414,1.7214,1.8414
CMP-2026-3529,ISRO-TRAIN-LOT-2026,4,125.0,HEALTHY,0,10.657,11.059,11.415,11.715,2.408,2.481,2.483,2.565,1.2234,1.2239,1.2313,1.2427
CMP-2026-3530,ISRO-TRAIN-LOT-2026,15,125.0,HEALTHY,0,9.085,9.169,9.338,9.643,2.105,2.093,2.208,2.26,1.1063,1.1063,1.1252,1.1402
CMP-2026-3531,ISRO-TRAIN-LOT-2026,24,125.0,LATENT_PAT_OUTLIER,1,38.811,40.804,42.499,46.267,6.331,7.131,8.331,10.131,1.558,1.608,1.688,1.808
CMP-2026-3532,ISRO-TRAIN-LOT-2026,5,125.0,HEALTHY,0,8.453,8.77,9.357,9.244,1.863,1.92,1.947,1.819,1.279,1.2832,1.2922,1.3034
CMP-2026-3533,ISRO-TRAIN-LOT-2026,12,125.0,HEALTHY,0,10.24,10.252,10.741,10.167,2.342,2.379,2.37,2.409,1.2394,1.2418,1.2601,1.2538
CMP-2026-3534,ISRO-TRAIN-LOT-2026,17,125.0,HEALTHY,0,9.24,9.627,9.792,9.954,2.637,2.693,2.719,2.766,1.0459,1.0481,1.061,1.0707
CMP-2026-3535,ISRO-TRAIN-LOT-2026,23,125.0,HEALTHY,0,11.928,12.051,12.41,12.311,3.082,3.083,3.195,3.221,1.2449,1.2436,1.2582,1.2691
CMP-2026-3536,ISRO-TRAIN-LOT-2026,3,125.0,HEALTHY,0,9.854,10.06,10.097,10.126,2.571,2.591,2.625,2.729,1.1293,1.1299,1.1461,1.1661
CMP-2026-3537,ISRO-TRAIN-LOT-2026,18,125.0,HEALTHY,0,11.661,11.966,12.242,12.362,2.517,2.582,2.638,2.659,1.2298,1.2293,1.2613,1.2589
CMP-2026-3538,ISRO-TRAIN-LOT-2026,18,125.0,HEALTHY,0,11.401,11.753,11.732,11.762,2.599,2.659,2.671,2.661,1.245,1.2465,1.2467,1.2753
CMP-2026-3539,ISRO-TRAIN-LOT-2026,1,125.0,HEALTHY,0,11.804,12.053,12.591,12.494,2.319,2.324,2.357,2.429,1.3288,1.3307,1.3389,1.3585
CMP-2026-3540,ISRO-TRAIN-LOT-2026,5,125.0,HEALTHY,0,10.374,10.581,10.81,11.347,2.6,2.641,2.666,2.59,1.2065,1.2104,1.2166,1.2422
CMP-2026-3541,ISRO-TRAIN-LOT-2026,18,125.0,LATENT_PAT_OUTLIER,1,43.987,45.364,48.854,53.187,8.389,9.189,10.389,12.189,1.5059,1.5559,1.6359,1.7559
CMP-2026-3542,ISRO-TRAIN-LOT-2026,15,125.0,HEALTHY,0,12.867,13.163,13.323,12.993,2.873,2.866,2.87,3.003,1.0709,1.0705,1.0798,1.1055
CMP-2026-3543,ISRO-TRAIN-LOT-2026,11,125.0,HEALTHY,0,10.309,10.473,10.644,10.92,2.326,2.377,2.454,2.467,1.2592,1.2614,1.2681,1.2989
CMP-2026-3544,ISRO-TRAIN-LOT-2026,25,125.0,HEALTHY,0,10.952,11.307,11.7,11.987,2.493,2.54,2.54,2.614,1.1243,1.1264,1.1523,1.151
CMP-2026-3545,ISRO-TRAIN-LOT-2026,19,125.0,HEALTHY,0,9.904,10.122,10.703,11.076,2.765,2.802,2.812,2.823,1.1946,1.2073,1.1948,1.2336
CMP-2026-3546,ISRO-TRAIN-LOT-2026,16,125.0,HEALTHY,0,11.638,12.179,12.299,12.54,2.702,2.751,2.764,2.809,1.2318,1.2403,1.2419,1.2615
CMP-2026-3547,ISRO-TRAIN-LOT-2026,4,125.0,HEALTHY,0,10.281,10.451,10.646,11.345,2.015,2.038,2.08,2.199,1.2028,1.2087,1.2087,1.2509
CMP-2026-3548,ISRO-TRAIN-LOT-2026,18,125.0,HEALTHY,0,11.346,11.582,11.698,11.822,1.897,1.957,2.0,2.027,1.2724,1.2772,1.2787,1.3033
CMP-2026-3549,ISRO-TRAIN-LOT-2026,21,125.0,HEALTHY,0,11.294,11.553,11.331,11.575,2.01,2.062,2.142,2.108,1.0935,1.095,1.1049,1.1165
CMP-2026-3550,ISRO-TRAIN-LOT-2026,4,125.0,HEALTHY,0,10.201,10.633,10.95,11.329,2.289,2.423,2.335,2.422,1.2632,1.2728,1.2743,1.2948
CMP-2026-3551,ISRO-TRAIN-LOT-2026,13,125.0,HEALTHY,0,11.124,11.536,11.859,12.136,2.88,2.869,2.909,3.024,1.1762,1.1771,1.2004,1.2062
CMP-2026-3552,ISRO-TRAIN-LOT-2026,22,125.0,LATENT_PAT_OUTLIER,1,38.338,40.088,43.271,46.53,8.328,9.128,10.328,12.128,1.5954,1.6454,1.7254,1.8454
CMP-2026-3553,ISRO-TRAIN-LOT-2026,18,125.0,HEALTHY,0,10.458,10.699,10.921,11.289,2.696,2.706,2.771,2.814,1.1249,1.1352,1.1532,1.1523
CMP-2026-3554,ISRO-TRAIN-LOT-2026,17,125.0,HEALTHY,0,9.535,9.659,10.07,9.89,2.775,2.891,2.841,2.949,1.3531,1.3546,1.3559,1.3899
CMP-2026-3555,ISRO-TRAIN-LOT-2026,15,125.0,HEALTHY,0,11.865,12.225,12.411,12.924,2.862,2.886,2.949,2.939,1.2445,1.2455,1.2534,1.2823
CMP-2026-3556,ISRO-TRAIN-LOT-2026,10,125.0,HEALTHY,0,12.129,12.367,12.832,12.514,2.424,2.487,2.438,2.474,1.1775,1.1756,1.1932,1.1946
CMP-2026-3557,ISRO-TRAIN-LOT-2026,8,125.0,HEALTHY,0,9.915,10.004,10.355,10.242,2.187,2.204,2.26,2.273,1.1911,1.1938,1.1955,1.2206
CMP-2026-3558,ISRO-TRAIN-LOT-2026,1,125.0,HEALTHY,0,7.353,7.662,7.906,8.015,2.186,2.186,2.351,2.292,1.2296,1.2262,1.2387,1.2498
CMP-2026-3559,ISRO-TRAIN-LOT-2026,2,125.0,HEALTHY,0,11.136,11.435,11.782,11.773,2.626,2.684,2.685,2.74,1.1467,1.1552,1.1534,1.1878
CMP-2026-3560,ISRO-TRAIN-LOT-2026,18,125.0,HEALTHY,0,12.099,12.515,13.047,13.287,2.775,2.767,2.808,2.981,1.3275,1.3355,1.3338,1.3519
CMP-2026-3561,ISRO-TRAIN-LOT-2026,23,125.0,HEALTHY,0,10.174,10.487,10.807,11.04,3.007,2.994,3.087,2.996,1.203,1.2081,1.2208,1.2302
CMP-2026-3562,ISRO-TRAIN-LOT-2026,24,125.0,HEALTHY,0,11.676,11.812,12.374,12.453,2.099,2.121,2.135,2.161,1.1839,1.1878,1.1897,1.2057
CMP-2026-3563,ISRO-TRAIN-LOT-2026,20,125.0,HEALTHY,0,11.84,12.173,12.414,12.094,2.646,2.689,2.738,2.829,1.2092,1.2135,1.2269,1.2531
CMP-2026-3564,ISRO-TRAIN-LOT-2026,23,125.0,HEALTHY,0,11.723,11.861,11.995,12.406,1.889,1.959,1.941,1.993,1.2422,1.235,1.2486,1.2853
CMP-2026-3565,ISRO-TRAIN-LOT-2026,24,125.0,HEALTHY,0,11.001,11.24,11.504,11.637,3.015,3.092,3.106,3.097,1.1935,1.1978,1.2003,1.2188
CMP-2026-3566,ISRO-TRAIN-LOT-2026,18,125.0,HEALTHY,0,11.269,11.373,11.889,12.042,2.133,2.165,2.193,2.232,1.1191,1.123,1.135,1.1595
CMP-2026-3567,ISRO-TRAIN-LOT-2026,11,125.0,HEALTHY,0,10.823,10.975,11.207,11.376,2.367,2.369,2.476,2.542,1.4059,1.405,1.4155,1.4497
CMP-2026-3568,ISRO-TRAIN-LOT-2026,8,125.0,HEALTHY,0,10.652,10.917,11.267,10.987,2.634,2.69,2.675,2.738,1.0832,1.0841,1.0875,1.1229
CMP-2026-3569,ISRO-TRAIN-LOT-2026,1,125.0,LATENT_DRIFT,1,9.993,15.76,41.081,79.79,2.68,3.08,5.18,11.68,1.224,1.304,1.554,2.104
CMP-2026-3570,ISRO-TRAIN-LOT-2026,19,125.0,HEALTHY,0,11.273,11.329,11.626,12.029,2.163,2.261,2.127,2.299,1.2731,1.2695,1.2792,1.3186
CMP-2026-3571,ISRO-TRAIN-LOT-2026,25,125.0,HEALTHY,0,12.287,12.631,12.998,12.712,2.973,2.999,3.039,3.084,1.1516,1.1479,1.1649,1.1849
CMP-2026-3572,ISRO-TRAIN-LOT-2026,12,125.0,HEALTHY,0,12.091,12.243,12.368,12.435,2.632,2.677,2.737,2.727,1.3235,1.3207,1.3395,1.3743
CMP-2026-3573,ISRO-TRAIN-LOT-2026,17,125.0,HEALTHY,0,11.016,11.33,11.536,12.135,2.403,2.474,2.47,2.509,1.185,1.1844,1.2046,1.2229
CMP-2026-3574,ISRO-TRAIN-LOT-2026,11,125.0,HEALTHY,0,12.138,12.43,12.714,12.726,2.578,2.604,2.622,2.666,1.2028,1.2016,1.2294,1.2346
CMP-2026-3575,ISRO-TRAIN-LOT-2026,3,125.0,HEALTHY,0,10.509,10.443,10.814,11.063,2.133,2.197,2.218,2.173,1.251,1.2572,1.2657,1.2812
CMP-2026-3576,ISRO-TRAIN-LOT-2026,14,125.0,HEALTHY,0,10.826,11.032,11.386,10.889,2.358,2.367,2.429,2.496,1.0445,1.0473,1.0561,1.0727
CMP-2026-3577,ISRO-TRAIN-LOT-2026,10,125.0,HEALTHY,0,10.625,10.822,11.24,11.333,2.065,2.101,2.121,2.085,1.2266,1.2284,1.2288,1.2826
CMP-2026-3578,ISRO-TRAIN-LOT-2026,3,125.0,HEALTHY,0,9.847,10.251,10.682,10.612,2.399,2.384,2.496,2.521,1.1815,1.1855,1.1885,1.2151
CMP-2026-3579,ISRO-TRAIN-LOT-2026,24,125.0,HEALTHY,0,9.76,10.105,10.512,10.731,2.731,2.709,2.794,2.809,1.2463,1.2554,1.2564,1.2709
CMP-2026-3580,ISRO-TRAIN-LOT-2026,5,125.0,HEALTHY,0,9.922,10.28,10.998,10.742,2.441,2.487,2.466,2.573,1.1883,1.1938,1.2134,1.2058
CMP-2026-3581,ISRO-TRAIN-LOT-2026,13,125.0,HEALTHY,0,10.021,10.039,10.467,10.308,2.587,2.646,2.673,2.675,1.3675,1.3782,1.3858,1.4226
CMP-2026-3582,ISRO-TRAIN-LOT-2026,18,125.0,HEALTHY,0,8.412,8.643,9.062,9.015,2.552,2.609,2.594,2.613,1.1371,1.1378,1.155,1.1693
CMP-2026-3583,ISRO-TRAIN-LOT-2026,11,125.0,HEALTHY,0,9.339,9.752,10.074,10.318,2.465,2.51,2.562,2.623,1.133,1.1369,1.1491,1.1579
CMP-2026-3584,ISRO-TRAIN-LOT-2026,19,125.0,HEALTHY,0,9.607,9.789,9.983,10.161,1.675,1.701,1.778,1.786,1.2715,1.2665,1.2926,1.3076
CMP-2026-3585,ISRO-TRAIN-LOT-2026,23,125.0,HEALTHY,0,11.991,12.123,12.204,12.642,2.681,2.722,2.691,2.736,1.2156,1.2284,1.2295,1.2377
CMP-2026-3586,ISRO-TRAIN-LOT-2026,9,125.0,HEALTHY,0,12.197,12.462,12.995,13.085,2.829,2.843,2.86,3.022,1.2588,1.2596,1.2669,1.2997
CMP-2026-3587,ISRO-TRAIN-LOT-2026,20,125.0,LATENT_PAT_OUTLIER,1,36.019,37.398,39.062,43.09,5.75,6.55,7.75,9.55,1.5773,1.6273,1.7073,1.8273
CMP-2026-3588,ISRO-TRAIN-LOT-2026,22,125.0,HEALTHY,0,10.659,10.802,10.927,11.516,2.171,2.206,2.282,2.244,1.3314,1.3434,1.3394,1.3623
CMP-2026-3589,ISRO-TRAIN-LOT-2026,17,125.0,HEALTHY,0,9.73,10.089,9.92,10.36,2.557,2.592,2.68,2.65,1.1709,1.1704,1.1822,1.2011
CMP-2026-3590,ISRO-TRAIN-LOT-2026,21,125.0,HEALTHY,0,10.736,10.901,11.169,11.373,2.481,2.51,2.544,2.521,1.2897,1.2882,1.2988,1.3243
CMP-2026-3591,ISRO-TRAIN-LOT-2026,3,125.0,HEALTHY,0,8.855,9.066,8.972,9.149,2.067,2.124,2.114,2.117,1.2246,1.2263,1.2348,1.2573
CMP-2026-3592,ISRO-TRAIN-LOT-2026,3,125.0,HEALTHY,0,11.031,11.297,11.315,11.699,2.364,2.382,2.456,2.511,1.1944,1.2002,1.1961,1.215
CMP-2026-3593,ISRO-TRAIN-LOT-2026,11,125.0,HEALTHY,0,11.202,11.379,11.857,11.87,2.196,2.219,2.308,2.246,1.2157,1.2089,1.225,1.2501
CMP-2026-3594,ISRO-TRAIN-LOT-2026,21,125.0,HEALTHY,0,9.66,9.808,10.099,9.947,2.364,2.375,2.405,2.459,1.3669,1.3758,1.3782,1.4063
CMP-2026-3595,ISRO-TRAIN-LOT-2026,17,125.0,HEALTHY,0,8.443,8.567,8.992,8.981,2.328,2.341,2.432,2.531,1.1274,1.1264,1.1444,1.1597
CMP-2026-3596,ISRO-TRAIN-LOT-2026,24,125.0,HEALTHY,0,7.869,8.139,8.54,8.962,1.877,1.941,1.937,1.948,1.1441,1.1494,1.1519,1.1759
CMP-2026-3597,ISRO-TRAIN-LOT-2026,15,125.0,HEALTHY,0,10.607,10.909,11.346,11.468,2.292,2.323,2.346,2.402,1.2303,1.2376,1.2458,1.2503
CMP-2026-3598,ISRO-TRAIN-LOT-2026,10,125.0,HEALTHY,0,10.29,10.697,10.938,11.21,2.461,2.533,2.586,2.53,1.3013,1.3053,1.3237,1.3245
CMP-2026-3599,ISRO-TRAIN-LOT-2026,13,125.0,HEALTHY,0,10.796,11.084,11.054,11.517,2.359,2.33,2.492,2.521,1.269,1.27,1.2796,1.2994
CMP-2026-3600,ISRO-TRAIN-LOT-2026,3,125.0,HEALTHY,0,12.114,12.361,12.818,12.893,2.705,2.739,2.773,2.78,1.1414,1.1444,1.1523,1.1644
CMP-2026-3601,ISRO-TRAIN-LOT-2026,4,125.0,HEALTHY,0,9.808,10.164,10.595,10.247,2.793,2.811,2.904,2.828,1.3726,1.3759,1.3743,1.4118
CMP-2026-3602,ISRO-TRAIN-LOT-2026,23,125.0,HEALTHY,0,12.31,12.673,12.829,13.203,2.542,2.581,2.623,2.701,1.2257,1.2297,1.2237,1.2578
CMP-2026-3603,ISRO-TRAIN-LOT-2026,21,125.0,HEALTHY,0,11.206,11.462,11.88,11.977,2.813,2.887,2.895,2.868,1.2617,1.2661,1.2653,1.2917
CMP-2026-3604,ISRO-TRAIN-LOT-2026,4,125.0,HEALTHY,0,9.375,9.683,9.946,9.54,2.732,2.768,2.872,2.768,1.2197,1.2268,1.2288,1.2511
CMP-2026-3605,ISRO-TRAIN-LOT-2026,9,125.0,HEALTHY,0,9.877,10.249,10.673,10.519,2.432,2.439,2.499,2.597,1.1822,1.1831,1.1829,1.1947
CMP-2026-3606,ISRO-TRAIN-LOT-2026,8,125.0,HEALTHY,0,11.861,12.216,12.571,12.824,2.504,2.558,2.595,2.553,1.1552,1.1512,1.1641,1.1904
CMP-2026-3607,ISRO-TRAIN-LOT-2026,13,125.0,HEALTHY,0,10.713,10.874,11.749,11.212,2.889,2.886,3.056,2.991,1.2848,1.2782,1.2969,1.3276
CMP-2026-3608,ISRO-TRAIN-LOT-2026,1,125.0,HEALTHY,0,10.385,10.586,11.057,11.262,2.068,2.071,2.107,2.105,1.3701,1.3649,1.3737,1.3957
CMP-2026-3609,ISRO-TRAIN-LOT-2026,18,125.0,HEALTHY,0,12.365,12.67,12.987,13.163,2.443,2.519,2.493,2.568,1.1015,1.0951,1.1245,1.1329
CMP-2026-3610,ISRO-TRAIN-LOT-2026,9,125.0,HEALTHY,0,8.586,8.703,8.829,8.857,2.338,2.347,2.366,2.453,1.39,1.3936,1.3951,1.4169
CMP-2026-3611,ISRO-TRAIN-LOT-2026,19,125.0,HEALTHY,0,11.203,11.535,11.499,11.63,2.417,2.459,2.482,2.463,1.1257,1.1286,1.1417,1.1579
CMP-2026-3612,ISRO-TRAIN-LOT-2026,18,125.0,HEALTHY,0,11.219,11.557,11.912,12.042,2.311,2.368,2.393,2.351,1.1775,1.1809,1.1952,1.2192
CMP-2026-3613,ISRO-TRAIN-LOT-2026,7,125.0,HEALTHY,0,9.378,9.622,10.089,9.917,2.527,2.599,2.553,2.601,1.2102,1.2081,1.2077,1.2375
CMP-2026-3614,ISRO-TRAIN-LOT-2026,6,125.0,HEALTHY,0,11.365,11.529,11.942,12.005,2.464,2.501,2.578,2.512,1.2106,1.2105,1.2111,1.2404
CMP-2026-3615,ISRO-TRAIN-LOT-2026,8,125.0,HEALTHY,0,11.501,11.804,12.25,12.553,2.706,2.753,2.761,2.811,1.0995,1.1106,1.1,1.1392
CMP-2026-3616,ISRO-TRAIN-LOT-2026,7,125.0,HEALTHY,0,10.473,10.36,11.049,11.077,2.316,2.358,2.326,2.401,1.133,1.1323,1.1517,1.1541
CMP-2026-3617,ISRO-TRAIN-LOT-2026,10,125.0,HEALTHY,0,11.097,11.211,11.613,11.552,1.891,1.949,1.97,2.039,1.1901,1.184,1.1991,1.2283
CMP-2026-3618,ISRO-TRAIN-LOT-2026,15,125.0,HEALTHY,0,10.738,10.768,11.057,11.167,1.968,2.032,2.042,2.055,1.1719,1.1793,1.1889,1.2207
CMP-2026-3619,ISRO-TRAIN-LOT-2026,23,125.0,HEALTHY,0,9.037,9.295,9.437,9.762,1.666,1.657,1.752,1.702,1.1548,1.1655,1.1626,1.1919
CMP-2026-3620,ISRO-TRAIN-LOT-2026,20,125.0,HEALTHY,0,9.986,10.041,10.74,10.439,2.033,2.038,2.156,2.171,1.2254,1.2282,1.2338,1.2688
CMP-2026-3621,ISRO-TRAIN-LOT-2026,1,125.0,HEALTHY,0,10.855,11.168,11.538,11.545,2.695,2.753,2.78,2.751,1.2683,1.2771,1.2717,1.3022
CMP-2026-3622,ISRO-TRAIN-LOT-2026,23,125.0,HEALTHY,0,9.957,10.101,10.388,10.589,2.973,3.024,3.055,3.098,1.0543,1.0455,1.0646,1.0867
CMP-2026-3623,ISRO-TRAIN-LOT-2026,6,125.0,HEALTHY,0,11.279,11.345,11.652,11.839,2.585,2.611,2.714,2.68,1.2261,1.2273,1.2437,1.2494
CMP-2026-3624,ISRO-TRAIN-LOT-2026,25,125.0,HEALTHY,0,12.056,12.382,12.717,12.939,3.465,3.488,3.528,3.603,1.15,1.1528,1.1629,1.1835
CMP-2026-3625,ISRO-TRAIN-LOT-2026,23,125.0,HEALTHY,0,9.835,10.193,10.285,10.551,2.594,2.621,2.681,2.676,1.15,1.1459,1.1523,1.181
CMP-2026-3626,ISRO-TRAIN-LOT-2026,5,125.0,HEALTHY,0,8.837,8.99,9.407,9.932,2.419,2.49,2.465,2.522,1.1909,1.1974,1.1927,1.2247
CMP-2026-3627,ISRO-TRAIN-LOT-2026,21,125.0,HEALTHY,0,11.321,11.615,11.673,11.946,2.262,2.224,2.413,2.356,1.2737,1.2715,1.2792,1.2972
CMP-2026-3628,ISRO-TRAIN-LOT-2026,8,125.0,HEALTHY,0,9.968,10.299,10.539,10.689,2.539,2.614,2.596,2.609,1.2203,1.2261,1.2349,1.2624
CMP-2026-3629,ISRO-TRAIN-LOT-2026,2,125.0,HEALTHY,0,7.437,7.58,7.577,7.976,2.689,2.749,2.741,2.774,1.1874,1.184,1.2063,1.2215
CMP-2026-3630,ISRO-TRAIN-LOT-2026,12,125.0,HEALTHY,0,9.475,9.678,10.108,10.574,2.471,2.484,2.512,2.511,1.1313,1.1301,1.1532,1.1594
CMP-2026-3631,ISRO-TRAIN-LOT-2026,15,125.0,HEALTHY,0,9.565,9.734,10.157,10.333,2.245,2.266,2.277,2.409,1.0902,1.0878,1.0955,1.1115
CMP-2026-3632,ISRO-TRAIN-LOT-2026,12,125.0,HEALTHY,0,11.196,11.539,11.721,11.958,2.044,2.099,2.076,2.143,1.1715,1.1755,1.1644,1.1952
CMP-2026-3633,ISRO-TRAIN-LOT-2026,16,125.0,HEALTHY,0,11.236,11.48,11.549,11.892,2.843,2.91,2.946,2.945,1.143,1.1443,1.139,1.1608
CMP-2026-3634,ISRO-TRAIN-LOT-2026,17,125.0,HEALTHY,0,11.936,12.342,12.396,12.876,1.793,1.797,1.854,1.896,1.3234,1.3181,1.3402,1.3572
CMP-2026-3635,ISRO-TRAIN-LOT-2026,13,125.0,HEALTHY,0,11.027,11.384,11.894,12.132,2.872,2.845,2.983,2.976,1.1753,1.1797,1.1878,1.2034
CMP-2026-3636,ISRO-TRAIN-LOT-2026,21,125.0,HEALTHY,0,8.667,8.923,9.375,9.105,2.958,3.004,3.119,3.125,1.121,1.1206,1.1432,1.1563
CMP-2026-3637,ISRO-TRAIN-LOT-2026,19,125.0,HEALTHY,0,9.391,9.572,10.01,9.942,2.457,2.479,2.546,2.533,1.1675,1.1585,1.1758,1.1951
CMP-2026-3638,ISRO-TRAIN-LOT-2026,8,125.0,HEALTHY,0,9.669,9.905,10.134,10.174,3.628,3.702,3.668,3.74,1.2158,1.211,1.2181,1.2533
CMP-2026-3639,ISRO-TRAIN-LOT-2026,5,125.0,HEALTHY,0,10.591,10.863,11.293,11.564,2.54,2.611,2.584,2.608,1.1672,1.1778,1.168,1.1794
CMP-2026-3640,ISRO-TRAIN-LOT-2026,19,125.0,LATENT_DRIFT,1,12.461,18.189,43.103,77.799,2.289,2.689,4.789,11.289,1.116,1.196,1.446,1.996
CMP-2026-3641,ISRO-TRAIN-LOT-2026,12,125.0,LATENT_DRIFT,1,11.865,18.63,48.04,92.13,2.751,3.151,5.251,11.751,1.1647,1.2447,1.4947,2.0447
CMP-2026-3642,ISRO-TRAIN-LOT-2026,25,125.0,HEALTHY,0,9.58,9.906,10.187,10.539,2.874,2.945,3.004,2.971,1.2621,1.2604,1.2675,1.3185
CMP-2026-3643,ISRO-TRAIN-LOT-2026,3,125.0,HEALTHY,0,10.323,10.699,10.897,11.146,1.987,1.986,2.075,2.004,1.3618,1.3646,1.3603,1.3967
CMP-2026-3644,ISRO-TRAIN-LOT-2026,6,125.0,HEALTHY,0,10.569,10.639,10.934,11.252,3.064,3.04,3.189,3.104,1.2966,1.2942,1.3052,1.3263
CMP-2026-3645,ISRO-TRAIN-LOT-2026,12,125.0,HEALTHY,0,9.747,9.913,10.369,10.531,2.32,2.309,2.466,2.528,1.3282,1.3296,1.325,1.3491
CMP-2026-3646,ISRO-TRAIN-LOT-2026,10,125.0,HEALTHY,0,9.761,10.172,10.579,10.867,2.107,2.151,2.191,2.133,1.3515,1.3501,1.3611,1.3994
CMP-2026-3647,ISRO-TRAIN-LOT-2026,12,125.0,HEALTHY,0,10.966,11.041,11.087,11.703,2.401,2.434,2.462,2.571,1.2038,1.2124,1.2133,1.2562
CMP-2026-3648,ISRO-TRAIN-LOT-2026,21,125.0,HEALTHY,0,10.239,10.317,10.604,10.819,2.408,2.483,2.407,2.49,1.3388,1.3428,1.3477,1.3699
CMP-2026-3649,ISRO-TRAIN-LOT-2026,13,125.0,HEALTHY,0,10.669,10.887,11.161,11.299,2.297,2.254,2.344,2.386,1.2758,1.2743,1.281,1.2983
CMP-2026-3650,ISRO-TRAIN-LOT-2026,25,125.0,HEALTHY,0,9.75,9.891,10.497,10.629,2.922,2.977,2.998,2.967,1.2775,1.2798,1.2894,1.2986
CMP-2026-3651,ISRO-TRAIN-LOT-2026,5,125.0,HEALTHY,0,10.45,10.756,10.66,10.77,2.155,2.229,2.275,2.314,1.356,1.3457,1.3791,1.3925
CMP-2026-3652,ISRO-TRAIN-LOT-2026,21,125.0,HEALTHY,0,10.901,11.073,11.208,11.783,3.078,3.137,3.147,3.106,1.1444,1.1458,1.1613,1.1658
CMP-2026-3653,ISRO-TRAIN-LOT-2026,2,125.0,LATENT_DRIFT,1,12.252,18.25,45.677,86.324,1.69,2.09,4.19,10.69,1.2321,1.3121,1.5621,2.1121
CMP-2026-3654,ISRO-TRAIN-LOT-2026,5,125.0,HEALTHY,0,11.192,11.328,11.574,11.544,2.79,2.812,2.878,2.842,1.2954,1.2865,1.3113,1.342
CMP-2026-3655,ISRO-TRAIN-LOT-2026,16,125.0,LATENT_PAT_OUTLIER,1,45.489,46.651,49.136,51.908,7.914,8.714,9.914,11.714,1.5821,1.6321,1.7121,1.8321
CMP-2026-3656,ISRO-TRAIN-LOT-2026,15,125.0,LATENT_PAT_OUTLIER,1,42.807,44.5,46.648,49.414,8.004,8.804,10.004,11.804,1.5861,1.6361,1.7161,1.8361
CMP-2026-3657,ISRO-TRAIN-LOT-2026,21,125.0,HEALTHY,0,12.219,12.46,12.554,13.135,1.713,1.718,1.827,1.889,1.1617,1.1634,1.1669,1.1927
CMP-2026-3658,ISRO-TRAIN-LOT-2026,22,125.0,HEALTHY,0,8.894,8.96,9.401,9.49,2.448,2.495,2.477,2.565,1.1921,1.1886,1.2124,1.2303
CMP-2026-3659,ISRO-TRAIN-LOT-2026,23,125.0,HEALTHY,0,10.678,10.876,11.388,11.178,2.465,2.505,2.563,2.505,1.3163,1.3176,1.3258,1.352
CMP-2026-3660,ISRO-TRAIN-LOT-2026,17,125.0,HEALTHY,0,10.493,10.729,10.849,11.341,2.947,2.933,3.129,2.968,1.1472,1.1486,1.1556,1.1943
CMP-2026-3661,ISRO-TRAIN-LOT-2026,22,125.0,HEALTHY,0,10.794,11.06,11.519,11.425,1.939,1.952,2.031,2.044,1.287,1.2892,1.3039,1.3059
CMP-2026-3662,ISRO-TRAIN-LOT-2026,1,125.0,HEALTHY,0,8.232,8.69,8.937,9.243,1.992,2.016,2.11,2.117,1.1928,1.1912,1.2162,1.212
CMP-2026-3663,ISRO-TRAIN-LOT-2026,2,125.0,HEALTHY,0,9.573,9.802,10.215,9.99,2.088,2.138,2.198,2.15,1.1308,1.1426,1.1403,1.1586
CMP-2026-3664,ISRO-TRAIN-LOT-2026,19,125.0,HEALTHY,0,11.87,12.299,12.622,12.768,2.674,2.722,2.755,2.819,1.2481,1.2487,1.2556,1.2836
CMP-2026-3665,ISRO-TRAIN-LOT-2026,8,125.0,LATENT_DRIFT,1,10.631,17.652,51.043,99.274,2.564,2.964,5.064,11.564,1.1527,1.2327,1.4827,2.0327
CMP-2026-3666,ISRO-TRAIN-LOT-2026,19,125.0,HEALTHY,0,11.16,11.421,11.796,11.911,2.423,2.48,2.506,2.518,1.0808,1.0838,1.0969,1.1093
CMP-2026-3667,ISRO-TRAIN-LOT-2026,15,125.0,HEALTHY,0,10.26,10.429,11.033,10.836,2.187,2.167,2.304,2.319,1.2099,1.2178,1.2146,1.2303
CMP-2026-3668,ISRO-TRAIN-LOT-2026,22,125.0,HEALTHY,0,12.283,12.508,13.209,12.623,2.371,2.364,2.397,2.464,1.2113,1.2191,1.2126,1.2337
CMP-2026-3669,ISRO-TRAIN-LOT-2026,23,125.0,HEALTHY,0,10.308,10.572,10.932,11.311,2.388,2.417,2.515,2.406,1.264,1.2659,1.2786,1.302
CMP-2026-3670,ISRO-TRAIN-LOT-2026,21,125.0,HEALTHY,0,9.367,9.68,9.776,10.06,2.182,2.168,2.262,2.229,1.137,1.1414,1.1401,1.1812
CMP-2026-3671,ISRO-TRAIN-LOT-2026,19,125.0,HEALTHY,0,9.403,9.66,9.945,10.1,2.333,2.42,2.42,2.392,1.3199,1.3214,1.3437,1.3518
CMP-2026-3672,ISRO-TRAIN-LOT-2026,10,125.0,HEALTHY,0,10.803,11.121,11.347,11.258,2.944,3.018,3.033,3.07,1.2525,1.2518,1.2688,1.2809
CMP-2026-3673,ISRO-TRAIN-LOT-2026,11,125.0,HEALTHY,0,12.122,12.656,12.737,13.051,2.937,2.968,3.018,3.051,1.2449,1.2461,1.2474,1.276
CMP-2026-3674,ISRO-TRAIN-LOT-2026,8,125.0,HEALTHY,0,11.999,12.194,12.253,12.339,2.331,2.35,2.408,2.448,1.3694,1.3741,1.3753,1.3878
CMP-2026-3675,ISRO-TRAIN-LOT-2026,1,125.0,HEALTHY,0,10.946,11.472,11.487,11.861,2.32,2.406,2.448,2.276,1.0994,1.1002,1.1129,1.1348
CMP-2026-3676,ISRO-TRAIN-LOT-2026,9,125.0,HEALTHY,0,12.214,12.456,12.912,13.049,2.681,2.715,2.713,2.726,1.1805,1.1852,1.1928,1.2054
CMP-2026-3677,ISRO-TRAIN-LOT-2026,10,125.0,HEALTHY,0,10.557,10.799,10.923,11.18,2.534,2.574,2.603,2.624,1.2278,1.2185,1.2513,1.2592
CMP-2026-3678,ISRO-TRAIN-LOT-2026,11,125.0,HEALTHY,0,11.378,11.462,11.829,11.995,2.08,2.128,2.133,2.23,1.1173,1.1204,1.1214,1.1325
CMP-2026-3679,ISRO-TRAIN-LOT-2026,19,125.0,HEALTHY,0,10.879,11.022,11.323,11.028,2.645,2.688,2.843,2.789,1.195,1.2033,1.2018,1.2145
CMP-2026-3680,ISRO-TRAIN-LOT-2026,10,125.0,HEALTHY,0,11.492,11.874,12.073,12.379,2.079,2.179,2.188,2.163,1.1754,1.1788,1.1937,1.2147
CMP-2026-3681,ISRO-TRAIN-LOT-2026,14,125.0,HEALTHY,0,9.442,9.789,9.75,10.409,2.559,2.559,2.625,2.649,1.2588,1.2551,1.2577,1.2863
CMP-2026-3682,ISRO-TRAIN-LOT-2026,25,125.0,HEALTHY,0,10.862,11.095,11.326,11.196,2.968,3.011,3.061,2.983,1.177,1.1679,1.1898,1.1932
CMP-2026-3683,ISRO-TRAIN-LOT-2026,18,125.0,HEALTHY,0,10.502,10.697,10.749,11.555,3.22,3.235,3.288,3.309,1.235,1.2354,1.2443,1.2717
CMP-2026-3684,ISRO-TRAIN-LOT-2026,22,125.0,HEALTHY,0,11.529,11.7,11.846,12.038,3.043,3.105,3.105,3.194,1.1594,1.1616,1.1712,1.1866
CMP-2026-3685,ISRO-TRAIN-LOT-2026,12,125.0,HEALTHY,0,9.944,10.235,10.282,10.517,2.541,2.62,2.612,2.721,1.2738,1.2798,1.2833,1.3099
CMP-2026-3686,ISRO-TRAIN-LOT-2026,6,125.0,HEALTHY,0,9.471,9.837,10.146,10.404,2.724,2.774,2.902,2.823,1.0836,1.0822,1.0958,1.1262
CMP-2026-3687,ISRO-TRAIN-LOT-2026,21,125.0,LATENT_DRIFT,1,12.275,18.283,46.097,84.33,2.554,2.954,5.054,11.554,0.9909,1.0709,1.3209,1.8709
CMP-2026-3688,ISRO-TRAIN-LOT-2026,15,125.0,HEALTHY,0,11.896,12.021,12.088,12.209,2.338,2.359,2.399,2.428,1.332,1.3311,1.3386,1.3745
CMP-2026-3689,ISRO-TRAIN-LOT-2026,4,125.0,HEALTHY,0,9.567,9.958,10.145,10.674,2.72,2.697,2.792,2.684,1.0117,1.0135,1.0366,1.042
CMP-2026-3690,ISRO-TRAIN-LOT-2026,1,125.0,HEALTHY,0,11.197,11.347,11.424,11.364,3.031,3.021,3.132,3.211,1.2285,1.2279,1.2474,1.262
CMP-2026-3691,ISRO-TRAIN-LOT-2026,7,125.0,HEALTHY,0,9.69,9.987,10.166,10.362,2.609,2.613,2.64,2.68,1.137,1.1456,1.154,1.1701
CMP-2026-3692,ISRO-TRAIN-LOT-2026,3,125.0,HEALTHY,0,11.833,12.157,12.262,12.531,2.265,2.351,2.398,2.271,1.238,1.2399,1.2391,1.2723
CMP-2026-3693,ISRO-TRAIN-LOT-2026,22,125.0,HEALTHY,0,14.141,14.568,14.689,14.922,2.548,2.581,2.608,2.577,1.2872,1.2833,1.3,1.3096
CMP-2026-3694,ISRO-TRAIN-LOT-2026,11,125.0,HEALTHY,0,9.73,9.997,10.303,10.534,2.971,2.97,3.08,3.046,1.125,1.1304,1.1343,1.1449
CMP-2026-3695,ISRO-TRAIN-LOT-2026,9,125.0,HEALTHY,0,10.339,10.33,10.914,10.772,2.745,2.805,2.837,2.913,1.219,1.2196,1.2316,1.2584
CMP-2026-3696,ISRO-TRAIN-LOT-2026,20,125.0,LATENT_DRIFT,1,10.088,16.485,46.278,91.687,2.537,2.937,5.037,11.537,1.3331,1.4131,1.6631,2.2131
CMP-2026-3697,ISRO-TRAIN-LOT-2026,16,125.0,HEALTHY,0,11.266,11.591,11.68,11.996,2.587,2.653,2.598,2.715,1.149,1.1509,1.1509,1.1858
CMP-2026-3698,ISRO-TRAIN-LOT-2026,8,125.0,HEALTHY,0,10.225,10.426,10.728,11.084,2.515,2.512,2.601,2.637,1.1676,1.1687,1.1848,1.1816
CMP-2026-3699,ISRO-TRAIN-LOT-2026,15,125.0,HEALTHY,0,11.715,11.89,12.146,12.253,2.519,2.605,2.631,2.712,1.0801,1.0893,1.0978,1.1187
CMP-2026-3700,ISRO-TRAIN-LOT-2026,3,125.0,HEALTHY,0,9.946,10.123,10.129,10.608,2.316,2.376,2.376,2.443,1.3268,1.331,1.3421,1.353
CMP-2026-3701,ISRO-TRAIN-LOT-2026,3,125.0,HEALTHY,0,10.184,10.362,10.711,10.866,2.848,2.874,2.898,2.985,1.378,1.3839,1.3865,1.41
CMP-2026-3702,ISRO-TRAIN-LOT-2026,12,125.0,HEALTHY,0,10.603,10.696,10.954,11.108,2.463,2.495,2.511,2.593,1.2665,1.2679,1.2728,1.2903
CMP-2026-3703,ISRO-TRAIN-LOT-2026,22,125.0,HEALTHY,0,10.699,10.813,11.01,11.142,2.282,2.331,2.368,2.383,1.3161,1.3218,1.3317,1.3514
CMP-2026-3704,ISRO-TRAIN-LOT-2026,25,125.0,HEALTHY,0,11.167,11.542,12.01,11.767,2.445,2.485,2.54,2.52,1.0797,1.0801,1.0873,1.1246
CMP-2026-3705,ISRO-TRAIN-LOT-2026,15,125.0,HEALTHY,0,8.725,8.993,9.392,9.18,2.677,2.676,2.765,2.725,1.2251,1.2249,1.2379,1.2573
CMP-2026-3706,ISRO-TRAIN-LOT-2026,7,125.0,GROSS_OUTLIER,1,59.297,66.159,75.39,95.044,29.204,32.204,37.204,45.204,2.6772,2.8772,3.2772,3.8772
CMP-2026-3707,ISRO-TRAIN-LOT-2026,2,125.0,HEALTHY,0,10.679,11.054,11.41,11.305,2.216,2.292,2.263,2.297,1.2722,1.2774,1.2803,1.3033
CMP-2026-3708,ISRO-TRAIN-LOT-2026,11,125.0,HEALTHY,0,10.598,10.968,10.722,10.963,2.653,2.705,2.697,2.804,1.2454,1.2421,1.26,1.3013
CMP-2026-3709,ISRO-TRAIN-LOT-2026,12,125.0,HEALTHY,0,9.091,9.335,9.475,9.339,2.624,2.671,2.688,2.804,1.1916,1.1988,1.2075,1.2131
CMP-2026-3710,ISRO-TRAIN-LOT-2026,2,125.0,HEALTHY,0,8.919,9.101,9.408,9.71,2.395,2.445,2.443,2.47,1.1952,1.1977,1.2099,1.2351
CMP-2026-3711,ISRO-TRAIN-LOT-2026,20,125.0,GROSS_OUTLIER,1,72.134,78.544,91.662,115.949,21.939,24.939,29.939,37.939,2.9246,3.1246,3.5246,4.1246
CMP-2026-3712,ISRO-TRAIN-LOT-2026,19,125.0,HEALTHY,0,11.532,11.584,12.203,12.385,2.31,2.299,2.411,2.334,1.0876,1.0875,1.0882,1.0977
CMP-2026-3713,ISRO-TRAIN-LOT-2026,19,125.0,HEALTHY,0,10.782,10.971,11.002,11.41,2.285,2.288,2.333,2.403,1.2362,1.2341,1.2589,1.2583
CMP-2026-3714,ISRO-TRAIN-LOT-2026,11,125.0,HEALTHY,0,8.613,8.839,8.926,9.123,2.827,2.879,2.912,2.941,1.2431,1.2477,1.2601,1.2992
CMP-2026-3715,ISRO-TRAIN-LOT-2026,3,125.0,HEALTHY,0,8.841,9.082,9.784,9.84,2.436,2.488,2.536,2.599,1.2704,1.2625,1.2829,1.2905
CMP-2026-3716,ISRO-TRAIN-LOT-2026,11,125.0,GROSS_OUTLIER,1,64.154,68.88,79.906,90.858,22.527,25.527,30.527,38.527,3.6765,3.8765,4.2765,4.8765
CMP-2026-3717,ISRO-TRAIN-LOT-2026,12,125.0,HEALTHY,0,12.898,13.205,13.303,13.518,2.424,2.441,2.492,2.485,1.2041,1.2026,1.1957,1.2328
CMP-2026-3718,ISRO-TRAIN-LOT-2026,1,125.0,HEALTHY,0,11.117,11.442,11.656,12.222,2.11,2.151,2.178,2.184,1.1372,1.1382,1.1424,1.1566
CMP-2026-3719,ISRO-TRAIN-LOT-2026,6,125.0,HEALTHY,0,9.982,10.168,10.768,10.837,2.277,2.358,2.355,2.383,1.2128,1.2157,1.2305,1.252
CMP-2026-3720,ISRO-TRAIN-LOT-2026,1,125.0,HEALTHY,0,9.057,9.227,9.474,9.383,2.401,2.454,2.486,2.513,1.2521,1.2457,1.2831,1.2797
CMP-2026-3721,ISRO-TRAIN-LOT-2026,13,125.0,HEALTHY,0,11.283,11.702,11.751,11.882,2.689,2.701,2.676,2.839,1.2182,1.2198,1.2394,1.2351
CMP-2026-3722,ISRO-TRAIN-LOT-2026,15,125.0,HEALTHY,0,10.81,11.119,11.201,11.263,2.732,2.724,2.788,2.845,1.1615,1.1626,1.1764,1.1846
CMP-2026-3723,ISRO-TRAIN-LOT-2026,25,125.0,HEALTHY,0,12.532,12.889,13.022,13.089,2.113,2.086,2.217,2.103,1.3085,1.3078,1.3141,1.3448
CMP-2026-3724,ISRO-TRAIN-LOT-2026,2,125.0,HEALTHY,0,9.481,9.431,9.892,9.691,2.334,2.341,2.47,2.433,1.2106,1.211,1.2137,1.2461
CMP-2026-3725,ISRO-TRAIN-LOT-2026,23,125.0,HEALTHY,0,10.004,10.242,10.607,10.416,3.028,3.067,3.178,3.092,1.1596,1.1662,1.1694,1.1992
CMP-2026-3726,ISRO-TRAIN-LOT-2026,25,125.0,HEALTHY,0,12.149,12.273,12.747,12.714,2.559,2.57,2.626,2.723,1.3172,1.31,1.3217,1.3361
CMP-2026-3727,ISRO-TRAIN-LOT-2026,25,125.0,HEALTHY,0,10.041,10.159,10.471,10.676,2.582,2.597,2.576,2.625,1.1092,1.1069,1.125,1.1352
CMP-2026-3728,ISRO-TRAIN-LOT-2026,22,125.0,HEALTHY,0,12.175,12.361,12.792,12.96,2.738,2.752,2.831,2.844,1.2703,1.2687,1.2755,1.2928
CMP-2026-3729,ISRO-TRAIN-LOT-2026,21,125.0,HEALTHY,0,10.206,10.53,11.035,10.819,2.081,2.114,2.185,2.209,1.1768,1.1692,1.1866,1.2063
CMP-2026-3730,ISRO-TRAIN-LOT-2026,9,125.0,HEALTHY,0,9.817,10.132,10.088,10.123,2.814,2.875,2.964,2.967,1.2472,1.2438,1.2544,1.268
CMP-2026-3731,ISRO-TRAIN-LOT-2026,14,125.0,LATENT_DRIFT,1,12.344,17.407,41.021,74.309,2.347,2.747,4.847,11.347,1.2454,1.3254,1.5754,2.1254
CMP-2026-3732,ISRO-TRAIN-LOT-2026,9,125.0,HEALTHY,0,10.006,10.327,10.764,10.842,2.254,2.209,2.276,2.319,1.1514,1.1475,1.1688,1.1876
CMP-2026-3733,ISRO-TRAIN-LOT-2026,7,125.0,HEALTHY,0,9.178,9.345,9.414,10.033,2.152,2.156,2.286,2.26,1.215,1.2242,1.2295,1.2366
CMP-2026-3734,ISRO-TRAIN-LOT-2026,3,125.0,HEALTHY,0,10.156,10.489,10.91,10.909,2.741,2.776,2.839,2.87,1.1236,1.1262,1.139,1.154
CMP-2026-3735,ISRO-TRAIN-LOT-2026,17,125.0,HEALTHY,0,10.406,10.62,10.956,11.343,2.331,2.396,2.476,2.485,1.0638,1.0652,1.0757,1.0928
CMP-2026-3736,ISRO-TRAIN-LOT-2026,25,125.0,HEALTHY,0,9.889,10.184,10.546,10.562,2.42,2.428,2.416,2.485,1.2802,1.2775,1.2945,1.3191
CMP-2026-3737,ISRO-TRAIN-LOT-2026,4,125.0,HEALTHY,0,8.992,9.081,9.399,9.68,2.293,2.282,2.392,2.32,1.2424,1.2421,1.2462,1.2841
CMP-2026-3738,ISRO-TRAIN-LOT-2026,25,125.0,HEALTHY,0,10.995,11.001,11.52,11.406,2.267,2.338,2.268,2.35,1.1331,1.1346,1.1551,1.1557
CMP-2026-3739,ISRO-TRAIN-LOT-2026,18,125.0,HEALTHY,0,10.902,11.087,11.568,11.585,2.269,2.295,2.352,2.387,1.2374,1.234,1.2433,1.2649
CMP-2026-3740,ISRO-TRAIN-LOT-2026,12,125.0,LATENT_DRIFT,1,10.859,15.927,37.56,70.359,2.39,2.79,4.89,11.39,1.242,1.322,1.572,2.122
CMP-2026-3741,ISRO-TRAIN-LOT-2026,20,125.0,HEALTHY,0,9.278,9.58,10.211,9.868,2.638,2.689,2.66,2.688,1.1053,1.1006,1.1169,1.1427
CMP-2026-3742,ISRO-TRAIN-LOT-2026,7,125.0,HEALTHY,0,9.678,9.925,10.262,10.908,2.644,2.698,2.714,2.782,1.2184,1.2266,1.2177,1.2507
CMP-2026-3743,ISRO-TRAIN-LOT-2026,10,125.0,HEALTHY,0,10.531,10.727,11.0,11.001,2.561,2.55,2.683,2.687,1.1464,1.1455,1.1426,1.1716
CMP-2026-3744,ISRO-TRAIN-LOT-2026,11,125.0,LATENT_PAT_OUTLIER,1,42.261,44.085,47.082,50.857,7.287,8.087,9.287,11.087,1.5367,1.5867,1.6667,1.7867
CMP-2026-3745,ISRO-TRAIN-LOT-2026,22,125.0,LATENT_PAT_OUTLIER,1,39.912,41.595,44.964,48.739,5.416,6.216,7.416,9.216,1.6654,1.7154,1.7954,1.9154
CMP-2026-3746,ISRO-TRAIN-LOT-2026,6,125.0,LATENT_PAT_OUTLIER,1,38.42,40.538,43.141,47.065,7.454,8.254,9.454,11.254,1.5347,1.5847,1.6647,1.7847
CMP-2026-3747,ISRO-TRAIN-LOT-2026,22,125.0,HEALTHY,0,12.549,12.83,13.122,13.518,2.491,2.512,2.551,2.54,1.1271,1.123,1.1394,1.1668
CMP-2026-3748,ISRO-TRAIN-LOT-2026,14,125.0,HEALTHY,0,9.403,9.696,9.892,10.157,2.56,2.634,2.618,2.73,1.2171,1.2137,1.2374,1.2234
CMP-2026-3749,ISRO-TRAIN-LOT-2026,4,125.0,HEALTHY,0,8.062,8.163,8.321,8.24,1.964,1.99,2.035,2.024,1.3154,1.3272,1.327,1.3288
CMP-2026-3750,ISRO-TRAIN-LOT-2026,21,125.0,HEALTHY,0,11.03,11.355,11.482,11.678,2.434,2.48,2.486,2.52,1.1477,1.1495,1.1417,1.162
CMP-2026-3751,ISRO-TRAIN-LOT-2026,23,125.0,HEALTHY,0,13.061,13.263,13.941,13.994,2.0,2.06,2.119,2.082,1.182,1.1828,1.2,1.2026
CMP-2026-3752,ISRO-TRAIN-LOT-2026,15,125.0,HEALTHY,0,9.479,9.633,10.326,10.309,2.657,2.645,2.729,2.758,1.2296,1.2221,1.2593,1.2529
CMP-2026-3753,ISRO-TRAIN-LOT-2026,24,125.0,HEALTHY,0,9.34,9.649,9.859,10.083,2.943,2.966,3.048,2.954,1.1854,1.1926,1.1842,1.2015
CMP-2026-3754,ISRO-TRAIN-LOT-2026,19,125.0,HEALTHY,0,11.928,12.19,12.472,12.731,2.489,2.535,2.55,2.589,1.2264,1.2361,1.2399,1.261
CMP-2026-3755,ISRO-TRAIN-LOT-2026,14,125.0,LATENT_DRIFT,1,12.851,20.228,54.501,103.079,3.28,3.68,5.78,12.28,1.2886,1.3686,1.6186,2.1686
CMP-2026-3756,ISRO-TRAIN-LOT-2026,24,125.0,HEALTHY,0,9.977,10.249,10.643,10.695,2.35,2.338,2.348,2.463,1.0773,1.0816,1.0971,1.1048
CMP-2026-3757,ISRO-TRAIN-LOT-2026,14,125.0,HEALTHY,0,10.773,11.185,11.121,11.549,2.309,2.374,2.355,2.424,1.1074,1.1182,1.1208,1.1286
CMP-2026-3758,ISRO-TRAIN-LOT-2026,24,125.0,HEALTHY,0,11.609,11.797,12.105,11.955,2.019,2.075,2.117,2.134,1.2504,1.2517,1.2558,1.2831
CMP-2026-3759,ISRO-TRAIN-LOT-2026,8,125.0,HEALTHY,0,11.154,11.411,11.415,11.826,2.328,2.426,2.464,2.468,1.139,1.1462,1.1506,1.1687
CMP-2026-3760,ISRO-TRAIN-LOT-2026,25,125.0,HEALTHY,0,12.073,12.402,12.924,13.076,2.436,2.436,2.57,2.472,1.1178,1.1136,1.1176,1.1483
CMP-2026-3761,ISRO-TRAIN-LOT-2026,16,125.0,HEALTHY,0,11.639,11.929,12.055,12.04,2.559,2.612,2.693,2.671,1.1451,1.1442,1.1491,1.174
CMP-2026-3762,ISRO-TRAIN-LOT-2026,9,125.0,HEALTHY,0,9.243,9.429,9.717,9.724,2.803,2.817,2.853,2.874,1.1982,1.1946,1.2122,1.2275
CMP-2026-3763,ISRO-TRAIN-LOT-2026,17,125.0,HEALTHY,0,12.615,12.859,12.896,13.189,2.458,2.446,2.514,2.568,1.2494,1.2457,1.2547,1.2746
CMP-2026-3764,ISRO-TRAIN-LOT-2026,3,125.0,LATENT_DRIFT,1,11.212,18.506,50.999,99.33,2.65,3.05,5.15,11.65,1.2868,1.3668,1.6168,2.1668
CMP-2026-3765,ISRO-TRAIN-LOT-2026,10,125.0,HEALTHY,0,10.647,11.0,11.258,11.392,2.489,2.519,2.567,2.597,1.2409,1.2425,1.2496,1.2689
CMP-2026-3766,ISRO-TRAIN-LOT-2026,11,125.0,HEALTHY,0,11.281,11.641,12.093,11.96,2.222,2.293,2.378,2.259,1.2331,1.234,1.2461,1.254
CMP-2026-3767,ISRO-TRAIN-LOT-2026,22,125.0,HEALTHY,0,11.65,11.926,12.301,12.589,1.915,1.904,2.058,2.043,1.1976,1.2008,1.2145,1.224
CMP-2026-3768,ISRO-TRAIN-LOT-2026,12,125.0,HEALTHY,0,10.587,10.847,11.353,11.174,2.406,2.462,2.496,2.542,1.3201,1.3213,1.3288,1.3454
CMP-2026-3769,ISRO-TRAIN-LOT-2026,5,125.0,HEALTHY,0,9.461,9.805,10.363,10.892,1.778,1.852,1.832,1.955,1.2151,1.2131,1.2255,1.232
CMP-2026-3770,ISRO-TRAIN-LOT-2026,5,125.0,LATENT_DRIFT,1,11.803,19.644,55.401,109.3,2.488,2.888,4.988,11.488,1.211,1.291,1.541,2.091
CMP-2026-3771,ISRO-TRAIN-LOT-2026,22,125.0,HEALTHY,0,11.2,11.379,11.806,12.05,2.937,3.013,3.059,3.078,1.3041,1.3007,1.3025,1.3379
CMP-2026-3772,ISRO-TRAIN-LOT-2026,8,125.0,HEALTHY,0,9.861,10.051,10.462,10.349,2.875,2.902,2.979,2.986,1.2343,1.242,1.2611,1.2605
CMP-2026-3773,ISRO-TRAIN-LOT-2026,13,125.0,HEALTHY,0,12.234,12.332,12.356,12.703,2.158,2.215,2.249,2.386,1.1067,1.1066,1.1176,1.1269
CMP-2026-3774,ISRO-TRAIN-LOT-2026,20,125.0,HEALTHY,0,11.627,11.878,12.487,12.52,3.125,3.158,3.211,3.296,1.1341,1.1407,1.1467,1.159
CMP-2026-3775,ISRO-TRAIN-LOT-2026,12,125.0,LATENT_DRIFT,1,12.144,18.489,45.999,86.016,2.821,3.221,5.321,11.821,1.1928,1.2728,1.5228,2.0728
CMP-2026-3776,ISRO-TRAIN-LOT-2026,9,125.0,HEALTHY,0,13.005,13.327,13.623,13.233,2.568,2.608,2.647,2.725,1.0634,1.0611,1.0741,1.0995
CMP-2026-3777,ISRO-TRAIN-LOT-2026,7,125.0,HEALTHY,0,10.74,11.027,11.227,11.048,1.927,1.936,2.062,2.103,1.1348,1.141,1.1438,1.1712
CMP-2026-3778,ISRO-TRAIN-LOT-2026,11,125.0,HEALTHY,0,11.88,12.133,12.712,12.528,3.083,3.102,3.14,3.153,1.1109,1.112,1.1232,1.143
CMP-2026-3779,ISRO-TRAIN-LOT-2026,23,125.0,LATENT_PAT_OUTLIER,1,39.025,41.283,44.667,48.921,5.872,6.672,7.872,9.672,1.4424,1.4924,1.5724,1.6924
CMP-2026-3780,ISRO-TRAIN-LOT-2026,25,125.0,HEALTHY,0,10.042,10.216,10.314,10.801,2.218,2.241,2.346,2.337,1.2325,1.2328,1.2435,1.2607
CMP-2026-3781,ISRO-TRAIN-LOT-2026,6,125.0,HEALTHY,0,9.189,9.457,9.534,9.907,2.181,2.175,2.2,2.334,1.2895,1.2821,1.3131,1.3151
CMP-2026-3782,ISRO-TRAIN-LOT-2026,20,125.0,HEALTHY,0,11.782,12.162,12.768,12.727,2.595,2.652,2.592,2.699,1.2434,1.2516,1.2601,1.2736
CMP-2026-3783,ISRO-TRAIN-LOT-2026,19,125.0,LATENT_PAT_OUTLIER,1,42.9,44.098,46.72,50.828,5.611,6.411,7.611,9.411,1.3903,1.4403,1.5203,1.6403
CMP-2026-3784,ISRO-TRAIN-LOT-2026,6,125.0,HEALTHY,0,11.078,11.32,11.437,11.479,2.401,2.422,2.5,2.483,1.2408,1.2431,1.2537,1.264
CMP-2026-3785,ISRO-TRAIN-LOT-2026,4,125.0,HEALTHY,0,11.496,11.686,11.932,12.409,2.292,2.345,2.35,2.443,1.2546,1.2478,1.2743,1.2808
CMP-2026-3786,ISRO-TRAIN-LOT-2026,11,125.0,HEALTHY,0,8.944,9.098,9.518,9.072,2.667,2.728,2.729,2.818,1.028,1.0244,1.0348,1.0569
CMP-2026-3787,ISRO-TRAIN-LOT-2026,21,125.0,HEALTHY,0,10.425,10.518,10.551,10.824,2.673,2.667,2.783,2.799,1.1755,1.1817,1.1993,1.225
CMP-2026-3788,ISRO-TRAIN-LOT-2026,4,125.0,LATENT_PAT_OUTLIER,1,44.181,45.27,47.735,51.538,7.417,8.217,9.417,11.217,1.7059,1.7559,1.8359,1.9559
CMP-2026-3789,ISRO-TRAIN-LOT-2026,1,125.0,HEALTHY,0,9.126,9.545,10.036,10.044,1.914,1.939,1.972,1.998,1.1219,1.1124,1.1352,1.148
CMP-2026-3790,ISRO-TRAIN-LOT-2026,1,125.0,HEALTHY,0,10.808,10.849,11.17,11.361,2.727,2.765,2.805,2.871,1.1999,1.2023,1.2112,1.2382
CMP-2026-3791,ISRO-TRAIN-LOT-2026,6,125.0,LATENT_PAT_OUTLIER,1,43.687,44.74,47.715,51.8,6.799,7.599,8.799,10.599,1.4872,1.5372,1.6172,1.7372
CMP-2026-3792,ISRO-TRAIN-LOT-2026,5,125.0,HEALTHY,0,10.953,11.176,11.445,11.675,2.039,2.057,2.086,2.078,1.1545,1.1582,1.1658,1.1928
CMP-2026-3793,ISRO-TRAIN-LOT-2026,16,125.0,HEALTHY,0,12.028,12.534,12.505,12.947,2.577,2.588,2.66,2.599,1.1672,1.1655,1.1864,1.1625
CMP-2026-3794,ISRO-TRAIN-LOT-2026,22,125.0,HEALTHY,0,13.37,13.723,14.114,14.378,2.657,2.701,2.736,2.705,1.2388,1.2396,1.2466,1.271
CMP-2026-3795,ISRO-TRAIN-LOT-2026,7,125.0,HEALTHY,0,10.31,10.531,10.984,11.118,2.863,2.871,2.968,2.985,1.1043,1.1047,1.1224,1.1377
CMP-2026-3796,ISRO-TRAIN-LOT-2026,12,125.0,HEALTHY,0,9.189,9.468,9.737,9.966,2.523,2.524,2.641,2.597,1.3104,1.3094,1.3227,1.3503
CMP-2026-3797,ISRO-TRAIN-LOT-2026,1,125.0,HEALTHY,0,11.473,11.807,12.097,12.574,2.44,2.424,2.46,2.566,1.0945,1.0958,1.1114,1.1313
CMP-2026-3798,ISRO-TRAIN-LOT-2026,22,125.0,LATENT_PAT_OUTLIER,1,46.483,47.785,49.784,53.719,10.359,11.159,12.359,14.159,1.64,1.69,1.77,1.89
CMP-2026-3799,ISRO-TRAIN-LOT-2026,23,125.0,HEALTHY,0,12.167,12.551,12.851,13.285,2.677,2.688,2.692,2.759,1.2581,1.257,1.2671,1.2812
CMP-2026-3800,ISRO-TRAIN-LOT-2026,3,125.0,HEALTHY,0,11.071,11.321,11.786,11.859,3.0,2.969,3.037,3.045,1.321,1.3179,1.3329,1.3429
CMP-2026-3801,ISRO-TRAIN-LOT-2026,8,125.0,HEALTHY,0,11.867,12.378,12.438,12.78,2.459,2.515,2.46,2.535,1.1462,1.1465,1.1572,1.1704
CMP-2026-3802,ISRO-TRAIN-LOT-2026,2,125.0,LATENT_DRIFT,1,12.515,18.753,47.306,87.453,2.467,2.867,4.967,11.467,1.1995,1.2795,1.5295,2.0795
CMP-2026-3803,ISRO-TRAIN-LOT-2026,12,125.0,HEALTHY,0,11.646,11.851,12.376,12.328,2.228,2.254,2.202,2.331,1.1625,1.1691,1.1815,1.188
CMP-2026-3804,ISRO-TRAIN-LOT-2026,8,125.0,LATENT_DRIFT,1,11.471,17.478,44.424,87.184,2.776,3.176,5.276,11.776,1.1521,1.2321,1.4821,2.0321
CMP-2026-3805,ISRO-TRAIN-LOT-2026,17,125.0,HEALTHY,0,10.529,10.776,10.887,11.062,2.382,2.426,2.506,2.527,1.1178,1.1226,1.1258,1.1304
CMP-2026-3806,ISRO-TRAIN-LOT-2026,19,125.0,HEALTHY,0,9.896,10.079,10.272,10.796,2.5,2.533,2.608,2.644,1.1826,1.1909,1.1922,1.2038
CMP-2026-3807,ISRO-TRAIN-LOT-2026,11,125.0,HEALTHY,0,9.098,9.302,9.482,9.547,2.603,2.686,2.685,2.672,1.1965,1.1966,1.2045,1.2198
CMP-2026-3808,ISRO-TRAIN-LOT-2026,3,125.0,HEALTHY,0,9.435,9.795,10.388,10.448,2.326,2.354,2.407,2.379,1.1993,1.2063,1.2103,1.2126
CMP-2026-3809,ISRO-TRAIN-LOT-2026,16,125.0,HEALTHY,0,11.035,11.291,11.687,11.506,2.374,2.418,2.405,2.47,1.1211,1.1225,1.1415,1.1564
CMP-2026-3810,ISRO-TRAIN-LOT-2026,11,125.0,HEALTHY,0,10.022,10.236,10.318,10.546,1.951,1.959,2.053,2.058,1.1823,1.1873,1.183,1.2002
CMP-2026-3811,ISRO-TRAIN-LOT-2026,10,125.0,HEALTHY,0,9.896,10.14,10.4,10.816,2.802,2.845,2.958,2.947,1.1865,1.1859,1.1941,1.21
CMP-2026-3812,ISRO-TRAIN-LOT-2026,13,125.0,HEALTHY,0,8.13,8.372,8.726,9.036,2.441,2.538,2.446,2.519,1.1632,1.1573,1.178,1.1856
CMP-2026-3813,ISRO-TRAIN-LOT-2026,24,125.0,HEALTHY,0,11.408,11.435,12.198,11.565,2.6,2.586,2.661,2.789,1.1059,1.1161,1.109,1.1407
CMP-2026-3814,ISRO-TRAIN-LOT-2026,24,125.0,HEALTHY,0,13.51,13.794,13.739,13.913,2.796,2.846,2.861,2.855,1.1811,1.1766,1.1994,1.2151
CMP-2026-3815,ISRO-TRAIN-LOT-2026,9,125.0,HEALTHY,0,11.647,11.835,12.006,12.314,2.776,2.815,2.821,2.775,1.1153,1.1134,1.1184,1.1568
CMP-2026-3816,ISRO-TRAIN-LOT-2026,2,125.0,HEALTHY,0,10.325,10.438,10.748,10.931,2.199,2.2,2.302,2.331,1.0986,1.1014,1.1198,1.1249
CMP-2026-3817,ISRO-TRAIN-LOT-2026,16,125.0,HEALTHY,0,10.179,10.35,10.297,10.606,2.625,2.657,2.751,2.721,1.0868,1.0902,1.1043,1.1082
CMP-2026-3818,ISRO-TRAIN-LOT-2026,23,125.0,HEALTHY,0,11.525,11.726,12.191,12.284,2.187,2.218,2.28,2.348,1.1222,1.1199,1.129,1.1475
CMP-2026-3819,ISRO-TRAIN-LOT-2026,21,125.0,HEALTHY,0,11.211,11.426,11.722,11.648,2.415,2.427,2.465,2.492,1.1049,1.1014,1.1032,1.1365
CMP-2026-3820,ISRO-TRAIN-LOT-2026,23,125.0,HEALTHY,0,11.36,11.688,12.152,12.36,2.844,2.939,3.021,2.94,1.2478,1.2457,1.2667,1.2784
CMP-2026-3821,ISRO-TRAIN-LOT-2026,2,125.0,HEALTHY,0,11.486,11.455,11.779,12.03,1.887,1.934,1.937,1.956,1.3413,1.3498,1.3682,1.3569
CMP-2026-3822,ISRO-TRAIN-LOT-2026,4,125.0,HEALTHY,0,9.644,9.934,10.546,10.409,2.403,2.39,2.503,2.525,1.2777,1.2781,1.2899,1.3087
CMP-2026-3823,ISRO-TRAIN-LOT-2026,2,125.0,HEALTHY,0,12.178,12.619,12.748,12.891,2.262,2.301,2.363,2.324,1.1221,1.1158,1.14,1.1552
CMP-2026-3824,ISRO-TRAIN-LOT-2026,3,125.0,HEALTHY,0,10.534,10.78,11.031,10.785,2.71,2.751,2.773,2.807,1.2176,1.2148,1.2325,1.2688
CMP-2026-3825,ISRO-TRAIN-LOT-2026,22,125.0,HEALTHY,0,10.305,10.491,10.743,11.042,2.694,2.707,2.761,2.788,1.2847,1.2893,1.2829,1.3213
CMP-2026-3826,ISRO-TRAIN-LOT-2026,16,125.0,HEALTHY,0,12.264,12.546,12.141,12.867,2.742,2.826,2.802,2.876,1.1609,1.1684,1.1781,1.1837
CMP-2026-3827,ISRO-TRAIN-LOT-2026,3,125.0,HEALTHY,0,9.429,9.671,9.898,9.656,2.488,2.484,2.588,2.524,1.2464,1.2491,1.2695,1.2722
CMP-2026-3828,ISRO-TRAIN-LOT-2026,20,125.0,HEALTHY,0,11.334,11.578,11.958,12.254,2.206,2.235,2.31,2.339,1.0901,1.0907,1.1092,1.1213
CMP-2026-3829,ISRO-TRAIN-LOT-2026,12,125.0,HEALTHY,0,10.986,11.079,11.337,11.483,2.843,2.829,2.901,2.876,1.0741,1.0797,1.0845,1.0967
CMP-2026-3830,ISRO-TRAIN-LOT-2026,16,125.0,HEALTHY,0,10.681,10.745,11.062,10.828,2.274,2.273,2.349,2.437,1.2576,1.262,1.2627,1.289
CMP-2026-3831,ISRO-TRAIN-LOT-2026,12,125.0,HEALTHY,0,9.834,10.063,10.579,10.446,2.822,2.833,2.885,2.892,1.3194,1.3132,1.3324,1.3482
CMP-2026-3832,ISRO-TRAIN-LOT-2026,4,125.0,HEALTHY,0,9.319,9.552,9.783,10.526,2.762,2.828,2.806,2.885,1.1023,1.0975,1.1151,1.1468
CMP-2026-3833,ISRO-TRAIN-LOT-2026,21,125.0,HEALTHY,0,12.268,12.642,13.065,13.507,2.973,3.006,3.047,3.098,1.2999,1.3035,1.3059,1.325
CMP-2026-3834,ISRO-TRAIN-LOT-2026,24,125.0,HEALTHY,0,10.858,11.057,11.352,11.403,2.474,2.481,2.581,2.497,1.2985,1.297,1.3238,1.3255
CMP-2026-3835,ISRO-TRAIN-LOT-2026,2,125.0,HEALTHY,0,8.583,9.004,9.097,9.641,2.266,2.283,2.437,2.465,1.1181,1.1183,1.1244,1.1418
CMP-2026-3836,ISRO-TRAIN-LOT-2026,11,125.0,HEALTHY,0,10.183,10.305,10.791,11.154,2.713,2.697,2.851,2.816,1.255,1.2557,1.2571,1.2853
CMP-2026-3837,ISRO-TRAIN-LOT-2026,21,125.0,HEALTHY,0,10.627,10.743,11.022,11.396,2.946,2.91,2.997,3.065,1.2897,1.288,1.312,1.3264
CMP-2026-3838,ISRO-TRAIN-LOT-2026,25,125.0,HEALTHY,0,10.867,10.985,10.922,11.421,2.904,2.935,3.008,3.052,0.9541,0.9576,0.9666,0.9916
CMP-2026-3839,ISRO-TRAIN-LOT-2026,12,125.0,GROSS_OUTLIER,1,56.653,63.546,75.914,94.135,22.907,25.907,30.907,38.907,3.6161,3.8161,4.2161,4.8161
CMP-2026-3840,ISRO-TRAIN-LOT-2026,25,125.0,HEALTHY,0,10.686,10.932,11.002,11.121,2.518,2.536,2.609,2.709,1.2751,1.279,1.2959,1.3079
CMP-2026-3841,ISRO-TRAIN-LOT-2026,4,125.0,HEALTHY,0,10.846,11.093,11.353,11.707,2.709,2.726,2.783,2.697,1.2275,1.2297,1.2447,1.2491
CMP-2026-3842,ISRO-TRAIN-LOT-2026,21,125.0,HEALTHY,0,10.381,10.705,11.168,11.244,2.923,2.924,2.956,2.907,1.0529,1.0641,1.0691,1.0822
CMP-2026-3843,ISRO-TRAIN-LOT-2026,23,125.0,HEALTHY,0,12.131,12.549,12.694,12.551,2.714,2.733,2.85,2.777,1.1631,1.1615,1.1754,1.1967
CMP-2026-3844,ISRO-TRAIN-LOT-2026,7,125.0,HEALTHY,0,11.999,12.334,12.816,12.964,2.804,2.841,2.907,2.987,1.1431,1.1397,1.1524,1.1691
CMP-2026-3845,ISRO-TRAIN-LOT-2026,17,125.0,HEALTHY,0,10.188,10.445,10.353,10.847,2.742,2.761,2.816,2.871,1.2193,1.2103,1.228,1.2478
CMP-2026-3846,ISRO-TRAIN-LOT-2026,15,125.0,LATENT_PAT_OUTLIER,1,45.869,47.0,48.996,52.311,7.337,8.137,9.337,11.137,1.578,1.628,1.708,1.828
CMP-2026-3847,ISRO-TRAIN-LOT-2026,2,125.0,HEALTHY,0,10.523,10.738,11.358,11.386,3.001,3.056,3.061,3.019,1.0192,1.028,1.0217,1.0539
CMP-2026-3848,ISRO-TRAIN-LOT-2026,12,125.0,HEALTHY,0,11.206,11.636,12.092,11.82,2.157,2.131,2.301,2.205,1.3937,1.39,1.403,1.4204
CMP-2026-3849,ISRO-TRAIN-LOT-2026,12,125.0,HEALTHY,0,8.095,8.042,8.376,8.499,2.353,2.421,2.45,2.48,1.2578,1.2587,1.2714,1.2679
CMP-2026-3850,ISRO-TRAIN-LOT-2026,10,125.0,HEALTHY,0,10.069,10.141,10.785,10.577,2.769,2.816,2.816,2.886,1.2921,1.2934,1.3237,1.3312
CMP-2026-3851,ISRO-TRAIN-LOT-2026,25,125.0,HEALTHY,0,9.784,10.053,10.43,10.721,2.715,2.744,2.811,2.82,1.2045,1.2053,1.2112,1.2563
CMP-2026-3852,ISRO-TRAIN-LOT-2026,1,125.0,LATENT_PAT_OUTLIER,1,44.607,46.925,48.537,52.517,6.253,7.053,8.253,10.053,1.3785,1.4285,1.5085,1.6285
CMP-2026-3853,ISRO-TRAIN-LOT-2026,10,125.0,HEALTHY,0,10.025,10.219,10.476,10.374,2.109,2.153,2.187,2.21,1.3946,1.3963,1.4002,1.4309
CMP-2026-3854,ISRO-TRAIN-LOT-2026,11,125.0,HEALTHY,0,11.108,11.378,11.348,11.774,2.366,2.372,2.46,2.499,1.2047,1.2035,1.2086,1.219
CMP-2026-3855,ISRO-TRAIN-LOT-2026,24,125.0,HEALTHY,0,11.631,11.796,12.125,12.89,2.641,2.668,2.771,2.714,1.4439,1.4407,1.4585,1.4476
CMP-2026-3856,ISRO-TRAIN-LOT-2026,4,125.0,HEALTHY,0,9.541,9.771,10.309,10.219,2.153,2.232,2.252,2.273,1.274,1.2793,1.3004,1.3108
CMP-2026-3857,ISRO-TRAIN-LOT-2026,15,125.0,HEALTHY,0,9.543,9.72,9.925,9.812,2.875,2.856,2.963,2.889,1.0921,1.0887,1.1112,1.1261
CMP-2026-3858,ISRO-TRAIN-LOT-2026,10,125.0,HEALTHY,0,10.666,10.879,11.3,10.971,2.99,3.016,3.07,3.106,1.2941,1.3027,1.2963,1.3246
CMP-2026-3859,ISRO-TRAIN-LOT-2026,13,125.0,HEALTHY,0,11.1,11.436,11.492,11.304,2.853,2.825,2.86,2.99,1.1605,1.1584,1.1687,1.2055
CMP-2026-3860,ISRO-TRAIN-LOT-2026,25,125.0,HEALTHY,0,10.967,11.3,11.46,12.07,2.499,2.518,2.569,2.585,1.163,1.1653,1.1796,1.2088
CMP-2026-3861,ISRO-TRAIN-LOT-2026,2,125.0,HEALTHY,0,11.548,11.709,12.21,12.182,2.02,2.081,2.073,2.083,1.1669,1.1729,1.1869,1.2109
CMP-2026-3862,ISRO-TRAIN-LOT-2026,5,125.0,HEALTHY,0,11.341,11.461,11.93,11.839,2.944,2.926,3.029,3.025,1.1722,1.1732,1.1874,1.2171
CMP-2026-3863,ISRO-TRAIN-LOT-2026,7,125.0,HEALTHY,0,10.301,10.591,10.866,10.875,3.023,3.049,3.109,3.105,1.078,1.0857,1.0895,1.0979
CMP-2026-3864,ISRO-TRAIN-LOT-2026,25,125.0,HEALTHY,0,10.983,11.039,11.137,11.745,2.016,2.051,2.128,2.113,1.2396,1.2388,1.2536,1.2745
CMP-2026-3865,ISRO-TRAIN-LOT-2026,7,125.0,LATENT_DRIFT,1,12.641,19.081,47.49,89.959,2.745,3.145,5.245,11.745,1.1728,1.2528,1.5028,2.0528
CMP-2026-3866,ISRO-TRAIN-LOT-2026,13,125.0,HEALTHY,0,9.122,9.449,9.763,9.874,2.583,2.569,2.672,2.674,1.1675,1.1684,1.1723,1.1892
CMP-2026-3867,ISRO-TRAIN-LOT-2026,2,125.0,HEALTHY,0,10.342,10.573,10.84,11.006,2.209,2.25,2.302,2.28,1.2003,1.2032,1.2064,1.2317
CMP-2026-3868,ISRO-TRAIN-LOT-2026,16,125.0,HEALTHY,0,9.716,9.872,10.402,10.764,2.365,2.357,2.428,2.436,1.3187,1.3233,1.3406,1.3611
CMP-2026-3869,ISRO-TRAIN-LOT-2026,14,125.0,HEALTHY,0,11.68,11.89,12.17,12.065,2.825,2.868,2.941,2.949,1.1032,1.1008,1.1135,1.1257
CMP-2026-3870,ISRO-TRAIN-LOT-2026,14,125.0,HEALTHY,0,11.791,12.208,12.26,12.42,2.334,2.356,2.412,2.437,1.1662,1.1716,1.1702,1.1913
CMP-2026-3871,ISRO-TRAIN-LOT-2026,15,125.0,LATENT_PAT_OUTLIER,1,44.217,46.109,48.824,50.902,7.074,7.874,9.074,10.874,1.5671,1.6171,1.6971,1.8171
CMP-2026-3872,ISRO-TRAIN-LOT-2026,7,125.0,HEALTHY,0,9.311,9.623,9.831,10.595,2.082,2.148,2.112,2.288,1.1886,1.1864,1.2016,1.2135
CMP-2026-3873,ISRO-TRAIN-LOT-2026,19,125.0,HEALTHY,0,11.725,11.996,12.313,12.333,2.126,2.169,2.244,2.259,1.0257,1.0279,1.0391,1.0457
CMP-2026-3874,ISRO-TRAIN-LOT-2026,18,125.0,HEALTHY,0,10.269,10.58,10.75,10.509,2.488,2.461,2.552,2.606,1.3118,1.3055,1.333,1.3384
CMP-2026-3875,ISRO-TRAIN-LOT-2026,6,125.0,HEALTHY,0,11.221,11.551,12.142,12.022,2.018,2.043,2.072,2.068,1.1512,1.1458,1.1667,1.1931
CMP-2026-3876,ISRO-TRAIN-LOT-2026,18,125.0,HEALTHY,0,10.511,10.737,11.063,10.747,2.484,2.497,2.461,2.547,1.1938,1.1927,1.2052,1.2391
CMP-2026-3877,ISRO-TRAIN-LOT-2026,21,125.0,HEALTHY,0,10.748,10.895,11.027,11.197,2.58,2.584,2.591,2.645,1.3309,1.3354,1.3235,1.3522
CMP-2026-3878,ISRO-TRAIN-LOT-2026,10,125.0,HEALTHY,0,11.872,12.163,12.465,12.718,2.974,2.995,3.009,3.046,1.1835,1.189,1.1813,1.2185
CMP-2026-3879,ISRO-TRAIN-LOT-2026,19,125.0,HEALTHY,0,12.451,12.691,12.689,12.788,2.55,2.579,2.679,2.689,1.3192,1.3322,1.323,1.3437
CMP-2026-3880,ISRO-TRAIN-LOT-2026,23,125.0,GROSS_OUTLIER,1,84.266,86.355,95.984,109.371,18.562,21.562,26.562,34.562,2.8432,3.0432,3.4432,4.0432
CMP-2026-3881,ISRO-TRAIN-LOT-2026,8,125.0,HEALTHY,0,10.428,10.705,11.217,11.054,2.55,2.605,2.614,2.662,1.1929,1.1932,1.2063,1.2217
CMP-2026-3882,ISRO-TRAIN-LOT-2026,1,125.0,HEALTHY,0,9.813,10.036,10.618,10.687,2.933,2.986,3.027,3.128,1.1213,1.1295,1.1145,1.1594
CMP-2026-3883,ISRO-TRAIN-LOT-2026,4,125.0,LATENT_PAT_OUTLIER,1,40.779,43.152,45.723,48.887,7.881,8.681,9.881,11.681,1.4617,1.5117,1.5917,1.7117
CMP-2026-3884,ISRO-TRAIN-LOT-2026,10,125.0,LATENT_PAT_OUTLIER,1,39.802,41.67,45.114,49.374,6.65,7.45,8.65,10.45,1.5135,1.5635,1.6435,1.7635
CMP-2026-3885,ISRO-TRAIN-LOT-2026,8,125.0,HEALTHY,0,10.213,10.338,10.744,10.502,2.553,2.553,2.599,2.747,1.2148,1.2193,1.2347,1.23
CMP-2026-3886,ISRO-TRAIN-LOT-2026,10,125.0,HEALTHY,0,12.258,12.569,12.871,13.138,2.986,3.052,3.134,3.068,1.351,1.3589,1.3592,1.3778
CMP-2026-3887,ISRO-TRAIN-LOT-2026,10,125.0,HEALTHY,0,11.011,10.995,11.463,11.719,2.595,2.624,2.691,2.733,1.1383,1.1391,1.1465,1.1654
CMP-2026-3888,ISRO-TRAIN-LOT-2026,8,125.0,LATENT_PAT_OUTLIER,1,40.636,42.578,44.383,46.69,7.303,8.103,9.303,11.103,1.6429,1.6929,1.7729,1.8929
CMP-2026-3889,ISRO-TRAIN-LOT-2026,21,125.0,HEALTHY,0,10.95,11.267,11.514,11.633,2.634,2.697,2.692,2.759,1.1858,1.1802,1.2079,1.2233
CMP-2026-3890,ISRO-TRAIN-LOT-2026,7,125.0,HEALTHY,0,9.657,9.721,10.566,10.393,2.011,2.099,1.969,2.028,1.2526,1.2501,1.2768,1.2962
CMP-2026-3891,ISRO-TRAIN-LOT-2026,23,125.0,HEALTHY,0,9.831,10.034,10.495,10.517,2.464,2.542,2.598,2.666,1.2325,1.2388,1.2463,1.2595
CMP-2026-3892,ISRO-TRAIN-LOT-2026,24,125.0,HEALTHY,0,11.289,11.551,11.824,12.049,2.537,2.527,2.657,2.554,1.2147,1.2115,1.2317,1.245
CMP-2026-3893,ISRO-TRAIN-LOT-2026,9,125.0,HEALTHY,0,11.16,11.336,11.523,11.38,2.098,2.114,2.103,2.153,1.1874,1.19,1.1902,1.2054
CMP-2026-3894,ISRO-TRAIN-LOT-2026,3,125.0,HEALTHY,0,9.823,9.976,10.137,10.74,2.558,2.641,2.639,2.727,1.1749,1.1684,1.1999,1.2128
CMP-2026-3895,ISRO-TRAIN-LOT-2026,5,125.0,LATENT_PAT_OUTLIER,1,38.315,39.406,41.26,43.365,9.34,10.14,11.34,13.14,1.4241,1.4741,1.5541,1.6741
CMP-2026-3896,ISRO-TRAIN-LOT-2026,23,125.0,HEALTHY,0,10.981,11.144,11.353,11.608,2.181,2.208,2.281,2.323,1.1368,1.1406,1.1259,1.1669
CMP-2026-3897,ISRO-TRAIN-LOT-2026,8,125.0,HEALTHY,0,9.881,10.162,10.337,10.451,2.679,2.714,2.757,2.832,1.2392,1.2514,1.258,1.2661
CMP-2026-3898,ISRO-TRAIN-LOT-2026,22,125.0,LATENT_PAT_OUTLIER,1,36.301,38.61,42.05,44.478,7.007,7.807,9.007,10.807,1.6701,1.7201,1.8001,1.9201
CMP-2026-3899,ISRO-TRAIN-LOT-2026,2,125.0,HEALTHY,0,11.63,12.099,12.463,12.74,2.329,2.399,2.351,2.447,1.0494,1.0429,1.0639,1.0792
CMP-2026-3900,ISRO-TRAIN-LOT-2026,19,125.0,HEALTHY,0,11.865,12.066,12.374,12.56,2.768,2.776,2.851,2.863,1.1611,1.1669,1.1686,1.1839
CMP-2026-3901,ISRO-TRAIN-LOT-2026,16,125.0,HEALTHY,0,11.71,11.8,12.343,12.606,3.388,3.421,3.414,3.493,1.2991,1.3061,1.3117,1.3396
CMP-2026-3902,ISRO-TRAIN-LOT-2026,9,125.0,HEALTHY,0,12.151,12.46,12.247,12.594,2.317,2.378,2.456,2.377,1.2665,1.266,1.2799,1.2989
CMP-2026-3903,ISRO-TRAIN-LOT-2026,6,125.0,HEALTHY,0,9.914,10.133,10.547,10.946,1.825,1.853,1.944,1.949,1.2615,1.264,1.2809,1.291
CMP-2026-3904,ISRO-TRAIN-LOT-2026,3,125.0,HEALTHY,0,9.857,9.954,10.456,10.528,2.941,3.015,2.952,2.981,1.1842,1.1757,1.1922,1.2157
CMP-2026-3905,ISRO-TRAIN-LOT-2026,22,125.0,HEALTHY,0,13.216,13.324,13.431,13.964,2.236,2.225,2.367,2.373,1.1474,1.1574,1.1504,1.1818
CMP-2026-3906,ISRO-TRAIN-LOT-2026,20,125.0,HEALTHY,0,12.139,12.292,12.427,12.851,2.705,2.678,2.804,2.822,1.1956,1.194,1.1975,1.2346
CMP-2026-3907,ISRO-TRAIN-LOT-2026,5,125.0,HEALTHY,0,11.252,11.457,11.401,11.803,2.301,2.305,2.339,2.423,1.1154,1.1196,1.1321,1.1538
CMP-2026-3908,ISRO-TRAIN-LOT-2026,1,125.0,HEALTHY,0,8.255,8.491,8.532,8.266,2.496,2.509,2.507,2.583,1.0659,1.0637,1.087,1.0853
CMP-2026-3909,ISRO-TRAIN-LOT-2026,3,125.0,HEALTHY,0,10.778,10.937,11.182,11.175,2.31,2.311,2.309,2.374,1.1711,1.1668,1.1937,1.2052
CMP-2026-3910,ISRO-TRAIN-LOT-2026,18,125.0,HEALTHY,0,12.368,12.556,12.897,13.142,3.036,3.063,3.116,3.106,1.2109,1.2123,1.2187,1.2537
CMP-2026-3911,ISRO-TRAIN-LOT-2026,22,125.0,HEALTHY,0,10.461,10.8,10.875,11.428,2.346,2.34,2.405,2.403,1.2298,1.2343,1.2373,1.2717
CMP-2026-3912,ISRO-TRAIN-LOT-2026,3,125.0,HEALTHY,0,10.382,10.632,10.827,10.991,2.874,2.877,2.902,2.965,1.2051,1.2133,1.2242,1.2289
CMP-2026-3913,ISRO-TRAIN-LOT-2026,24,125.0,HEALTHY,0,12.194,12.267,12.534,12.541,2.472,2.512,2.516,2.445,1.3233,1.3193,1.339,1.3568
CMP-2026-3914,ISRO-TRAIN-LOT-2026,10,125.0,HEALTHY,0,11.175,11.389,11.614,11.734,2.661,2.705,2.847,2.82,1.2118,1.2145,1.2244,1.2363
CMP-2026-3915,ISRO-TRAIN-LOT-2026,2,125.0,HEALTHY,0,9.563,9.746,10.134,9.996,2.21,2.243,2.241,2.255,1.1663,1.1702,1.1743,1.1991
CMP-2026-3916,ISRO-TRAIN-LOT-2026,14,125.0,HEALTHY,0,11.051,11.383,11.388,11.827,2.254,2.25,2.362,2.363,1.0976,1.1001,1.1222,1.1341
CMP-2026-3917,ISRO-TRAIN-LOT-2026,7,125.0,HEALTHY,0,10.904,11.1,11.289,11.181,3.213,3.222,3.229,3.367,1.2672,1.2664,1.278,1.305
CMP-2026-3918,ISRO-TRAIN-LOT-2026,11,125.0,HEALTHY,0,12.29,12.619,12.761,13.102,2.37,2.405,2.482,2.472,1.3153,1.3134,1.3285,1.3388
CMP-2026-3919,ISRO-TRAIN-LOT-2026,24,125.0,HEALTHY,0,10.092,10.488,10.719,11.251,2.808,2.848,2.905,2.863,1.255,1.2506,1.2766,1.2775
CMP-2026-3920,ISRO-TRAIN-LOT-2026,17,125.0,HEALTHY,0,11.196,11.251,11.809,12.085,2.431,2.492,2.589,2.445,1.1196,1.1231,1.1372,1.1697
CMP-2026-3921,ISRO-TRAIN-LOT-2026,8,125.0,HEALTHY,0,9.734,10.003,10.495,10.632,2.459,2.539,2.531,2.54,1.1782,1.176,1.2037,1.2132
CMP-2026-3922,ISRO-TRAIN-LOT-2026,5,125.0,HEALTHY,0,9.715,10.076,10.438,10.875,2.409,2.435,2.543,2.614,1.2269,1.2251,1.2341,1.2687
CMP-2026-3923,ISRO-TRAIN-LOT-2026,12,125.0,HEALTHY,0,10.599,11.017,11.111,11.654,2.529,2.598,2.596,2.68,1.1951,1.1945,1.2171,1.2334
CMP-2026-3924,ISRO-TRAIN-LOT-2026,18,125.0,HEALTHY,0,10.475,10.85,11.167,10.931,2.54,2.558,2.582,2.712,1.1551,1.1616,1.1572,1.1799
CMP-2026-3925,ISRO-TRAIN-LOT-2026,23,125.0,HEALTHY,0,11.421,11.824,12.183,12.542,2.846,2.861,2.953,2.905,1.2572,1.2539,1.2723,1.2865
CMP-2026-3926,ISRO-TRAIN-LOT-2026,14,125.0,HEALTHY,0,10.737,10.953,11.268,11.462,2.149,2.159,2.158,2.313,1.137,1.1417,1.1542,1.1665
CMP-2026-3927,ISRO-TRAIN-LOT-2026,25,125.0,HEALTHY,0,12.108,12.579,12.709,13.024,2.527,2.61,2.626,2.657,1.1781,1.1773,1.1926,1.2024
CMP-2026-3928,ISRO-TRAIN-LOT-2026,3,125.0,HEALTHY,0,11.025,11.178,11.582,11.286,2.656,2.68,2.708,2.723,1.2403,1.235,1.2493,1.2605
CMP-2026-3929,ISRO-TRAIN-LOT-2026,15,125.0,HEALTHY,0,10.405,10.353,10.725,10.253,2.432,2.46,2.499,2.496,1.2584,1.2609,1.2715,1.2891
CMP-2026-3930,ISRO-TRAIN-LOT-2026,15,125.0,HEALTHY,0,11.743,11.944,11.944,12.362,2.597,2.601,2.711,2.691,1.1806,1.1898,1.1944,1.222
CMP-2026-3931,ISRO-TRAIN-LOT-2026,20,125.0,HEALTHY,0,12.079,12.313,12.279,12.535,2.593,2.628,2.743,2.729,1.2253,1.2304,1.2291,1.2608
CMP-2026-3932,ISRO-TRAIN-LOT-2026,6,125.0,HEALTHY,0,10.61,10.802,11.228,11.856,2.831,2.855,2.985,2.955,1.3885,1.3909,1.4077,1.4232
CMP-2026-3933,ISRO-TRAIN-LOT-2026,3,125.0,HEALTHY,0,11.431,11.454,11.756,11.835,2.665,2.663,2.723,2.736,1.2578,1.2512,1.2762,1.305
CMP-2026-3934,ISRO-TRAIN-LOT-2026,21,125.0,HEALTHY,0,11.356,11.737,11.927,11.885,2.048,2.078,2.126,2.205,1.2425,1.2454,1.2575,1.2726
CMP-2026-3935,ISRO-TRAIN-LOT-2026,18,125.0,HEALTHY,0,11.494,11.877,12.239,12.207,2.133,2.166,2.17,2.165,1.1312,1.1395,1.1394,1.1546
CMP-2026-3936,ISRO-TRAIN-LOT-2026,15,125.0,HEALTHY,0,11.081,11.365,11.911,11.859,2.289,2.32,2.378,2.405,1.224,1.2261,1.2379,1.2463
CMP-2026-3937,ISRO-TRAIN-LOT-2026,13,125.0,HEALTHY,0,9.883,10.12,10.618,10.464,2.439,2.512,2.482,2.487,1.258,1.2502,1.2585,1.2845
CMP-2026-3938,ISRO-TRAIN-LOT-2026,3,125.0,HEALTHY,0,9.665,9.946,11.029,10.895,2.079,2.126,2.173,2.097,1.1643,1.1605,1.1732,1.1959
CMP-2026-3939,ISRO-TRAIN-LOT-2026,3,125.0,HEALTHY,0,10.205,10.526,10.376,11.141,2.306,2.35,2.341,2.405,1.1729,1.1756,1.1748,1.2167
CMP-2026-3940,ISRO-TRAIN-LOT-2026,15,125.0,HEALTHY,0,11.3,11.763,11.907,11.708,1.967,2.051,2.088,2.052,1.1909,1.1987,1.2093,1.2209
CMP-2026-3941,ISRO-TRAIN-LOT-2026,13,125.0,HEALTHY,0,11.127,11.257,11.631,11.561,2.071,2.086,2.119,2.222,1.1305,1.1449,1.1388,1.1615
CMP-2026-3942,ISRO-TRAIN-LOT-2026,22,125.0,HEALTHY,0,10.53,10.689,10.984,10.929,2.569,2.595,2.69,2.698,1.2008,1.21,1.2145,1.2195
CMP-2026-3943,ISRO-TRAIN-LOT-2026,17,125.0,HEALTHY,0,9.837,10.01,10.487,10.313,2.249,2.207,2.276,2.354,1.2419,1.2338,1.2468,1.2881
CMP-2026-3944,ISRO-TRAIN-LOT-2026,21,125.0,HEALTHY,0,10.0,10.304,10.735,10.612,3.007,3.024,3.065,3.111,1.2645,1.2692,1.2842,1.2995
CMP-2026-3945,ISRO-TRAIN-LOT-2026,10,125.0,HEALTHY,0,8.937,8.962,9.424,9.194,3.124,3.102,3.242,3.255,1.2431,1.2471,1.2611,1.285
CMP-2026-3946,ISRO-TRAIN-LOT-2026,13,125.0,HEALTHY,0,12.236,12.477,12.712,12.517,2.915,2.942,2.971,3.006,1.2418,1.2446,1.2571,1.2734
CMP-2026-3947,ISRO-TRAIN-LOT-2026,18,125.0,HEALTHY,0,10.57,10.984,11.195,11.638,2.77,2.792,2.839,2.851,1.2705,1.2695,1.2779,1.3102
CMP-2026-3948,ISRO-TRAIN-LOT-2026,6,125.0,LATENT_PAT_OUTLIER,1,43.779,45.475,47.196,49.438,6.222,7.022,8.222,10.022,1.6226,1.6726,1.7526,1.8726
CMP-2026-3949,ISRO-TRAIN-LOT-2026,10,125.0,LATENT_DRIFT,1,11.868,20.305,57.091,111.886,2.561,2.961,5.061,11.561,1.2354,1.3154,1.5654,2.1154
CMP-2026-3950,ISRO-TRAIN-LOT-2026,2,125.0,HEALTHY,0,8.581,9.018,9.525,9.719,2.419,2.442,2.453,2.582,1.2916,1.2941,1.2928,1.309
CMP-2026-3951,ISRO-TRAIN-LOT-2026,5,125.0,HEALTHY,0,9.64,9.981,10.11,10.06,2.749,2.754,2.816,2.832,1.13,1.1397,1.1505,1.1694
CMP-2026-3952,ISRO-TRAIN-LOT-2026,4,125.0,HEALTHY,0,10.313,10.328,10.69,10.695,2.274,2.321,2.379,2.342,1.1728,1.1694,1.1839,1.19
CMP-2026-3953,ISRO-TRAIN-LOT-2026,19,125.0,HEALTHY,0,9.886,10.399,11.074,10.856,2.314,2.353,2.401,2.46,1.1678,1.1801,1.1675,1.1952
CMP-2026-3954,ISRO-TRAIN-LOT-2026,3,125.0,HEALTHY,0,9.4,9.54,9.914,10.004,2.406,2.459,2.5,2.555,1.2071,1.2147,1.2117,1.2421
CMP-2026-3955,ISRO-TRAIN-LOT-2026,15,125.0,HEALTHY,0,10.35,10.449,10.72,11.058,2.133,2.195,2.225,2.306,1.0573,1.0579,1.0685,1.0677
CMP-2026-3956,ISRO-TRAIN-LOT-2026,18,125.0,HEALTHY,0,10.984,11.127,11.477,11.758,2.676,2.718,2.756,2.743,1.3697,1.3767,1.3759,1.3895
CMP-2026-3957,ISRO-TRAIN-LOT-2026,9,125.0,HEALTHY,0,12.799,12.994,13.523,14.09,2.683,2.704,2.763,2.747,1.2453,1.2418,1.2595,1.2882
CMP-2026-3958,ISRO-TRAIN-LOT-2026,25,125.0,HEALTHY,0,11.588,11.915,12.077,12.313,2.612,2.615,2.762,2.673,1.2093,1.2135,1.2276,1.239
CMP-2026-3959,ISRO-TRAIN-LOT-2026,20,125.0,HEALTHY,0,11.531,11.643,11.958,12.388,2.629,2.682,2.758,2.712,1.2793,1.2848,1.2896,1.3128
CMP-2026-3960,ISRO-TRAIN-LOT-2026,24,125.0,HEALTHY,0,9.723,9.919,10.314,10.604,1.964,1.966,2.02,2.049,1.1753,1.1736,1.1783,1.201
CMP-2026-3961,ISRO-TRAIN-LOT-2026,11,125.0,HEALTHY,0,9.348,9.619,9.738,9.966,2.598,2.624,2.598,2.671,1.1894,1.2008,1.1986,1.2131
CMP-2026-3962,ISRO-TRAIN-LOT-2026,24,125.0,LATENT_PAT_OUTLIER,1,39.278,40.547,42.156,45.402,8.896,9.696,10.896,12.696,1.7957,1.8457,1.9257,2.0457
CMP-2026-3963,ISRO-TRAIN-LOT-2026,17,125.0,HEALTHY,0,10.027,10.341,10.579,10.264,2.506,2.555,2.571,2.608,1.162,1.1596,1.1788,1.1912
CMP-2026-3964,ISRO-TRAIN-LOT-2026,24,125.0,HEALTHY,0,10.658,10.613,11.099,10.884,2.528,2.587,2.553,2.63,1.1627,1.1624,1.1654,1.1934
CMP-2026-3965,ISRO-TRAIN-LOT-2026,6,125.0,LATENT_DRIFT,1,10.99,18.106,49.597,96.73,2.79,3.19,5.29,11.79,1.1881,1.2681,1.5181,2.0681
CMP-2026-3966,ISRO-TRAIN-LOT-2026,8,125.0,HEALTHY,0,11.46,11.702,12.008,12.339,2.306,2.369,2.39,2.375,1.2052,1.2193,1.2208,1.2343
CMP-2026-3967,ISRO-TRAIN-LOT-2026,4,125.0,HEALTHY,0,10.575,10.968,11.578,11.686,1.762,1.771,1.813,1.85,1.3109,1.3128,1.3179,1.3439
CMP-2026-3968,ISRO-TRAIN-LOT-2026,16,125.0,HEALTHY,0,10.64,11.043,11.07,10.928,2.832,2.876,2.83,3.123,1.1041,1.1039,1.1044,1.1479
CMP-2026-3969,ISRO-TRAIN-LOT-2026,19,125.0,HEALTHY,0,9.975,10.299,10.383,10.765,2.665,2.706,2.788,2.746,1.1541,1.16,1.1686,1.1794
CMP-2026-3970,ISRO-TRAIN-LOT-2026,2,125.0,HEALTHY,0,9.162,9.329,9.583,9.836,1.889,1.937,1.971,2.004,1.1615,1.1654,1.1739,1.2049
CMP-2026-3971,ISRO-TRAIN-LOT-2026,18,125.0,HEALTHY,0,11.167,11.39,11.479,11.9,2.185,2.259,2.293,2.298,1.2022,1.2035,1.2189,1.2404
CMP-2026-3972,ISRO-TRAIN-LOT-2026,14,125.0,LATENT_DRIFT,1,13.589,20.5,49.88,95.482,2.747,3.147,5.247,11.747,1.3871,1.4671,1.7171,2.2671
CMP-2026-3973,ISRO-TRAIN-LOT-2026,14,125.0,HEALTHY,0,10.741,10.936,11.168,11.516,2.767,2.818,2.834,2.887,1.1815,1.1909,1.2036,1.2128
CMP-2026-3974,ISRO-TRAIN-LOT-2026,21,125.0,HEALTHY,0,13.323,13.665,13.645,13.935,2.121,2.155,2.215,2.131,1.1791,1.1842,1.191,1.216
CMP-2026-3975,ISRO-TRAIN-LOT-2026,17,125.0,HEALTHY,0,11.378,11.486,11.799,11.796,2.669,2.722,2.749,2.779,1.3219,1.3303,1.3381,1.3462
CMP-2026-3976,ISRO-TRAIN-LOT-2026,4,125.0,LATENT_PAT_OUTLIER,1,42.613,44.957,46.638,51.078,8.39,9.19,10.39,12.19,1.6868,1.7368,1.8168,1.9368
CMP-2026-3977,ISRO-TRAIN-LOT-2026,17,125.0,HEALTHY,0,10.751,10.907,11.246,11.749,2.829,2.894,2.869,2.865,1.2321,1.2374,1.2496,1.2541
CMP-2026-3978,ISRO-TRAIN-LOT-2026,14,125.0,HEALTHY,0,9.901,10.109,10.163,10.409,2.836,2.855,2.867,2.981,1.1586,1.156,1.1518,1.1795
CMP-2026-3979,ISRO-TRAIN-LOT-2026,4,125.0,HEALTHY,0,9.532,9.821,10.244,10.406,2.577,2.59,2.639,2.715,1.3188,1.314,1.3206,1.347
CMP-2026-3980,ISRO-TRAIN-LOT-2026,6,125.0,HEALTHY,0,10.93,11.126,11.067,11.391,2.671,2.662,2.733,2.829,1.2092,1.2095,1.2317,1.2464
CMP-2026-3981,ISRO-TRAIN-LOT-2026,8,125.0,HEALTHY,0,9.817,10.085,10.424,10.477,2.001,2.046,2.032,2.031,1.343,1.3354,1.3545,1.3739
CMP-2026-3982,ISRO-TRAIN-LOT-2026,25,125.0,HEALTHY,0,13.127,13.229,13.663,13.704,2.237,2.305,2.338,2.322,1.1732,1.1717,1.1939,1.203
CMP-2026-3983,ISRO-TRAIN-LOT-2026,15,125.0,HEALTHY,0,11.12,11.283,11.567,11.526,2.492,2.481,2.508,2.558,1.1748,1.1835,1.1843,1.2083
CMP-2026-3984,ISRO-TRAIN-LOT-2026,23,125.0,HEALTHY,0,9.483,9.638,9.849,10.047,2.143,2.15,2.197,2.254,1.1178,1.1268,1.1284,1.1478
CMP-2026-3985,ISRO-TRAIN-LOT-2026,19,125.0,HEALTHY,0,11.67,12.04,12.251,12.794,2.634,2.671,2.681,2.813,1.2504,1.2486,1.2554,1.2921
CMP-2026-3986,ISRO-TRAIN-LOT-2026,19,125.0,LATENT_DRIFT,1,14.329,19.034,40.138,71.59,1.999,2.399,4.499,10.999,1.1709,1.2509,1.5009,2.0509
CMP-2026-3987,ISRO-TRAIN-LOT-2026,20,125.0,HEALTHY,0,10.421,10.655,10.603,10.56,2.56,2.607,2.561,2.63,1.3044,1.3053,1.3156,1.3229
CMP-2026-3988,ISRO-TRAIN-LOT-2026,22,125.0,HEALTHY,0,8.233,8.68,8.972,9.207,2.268,2.295,2.401,2.307,1.182,1.1725,1.2073,1.2092
CMP-2026-3989,ISRO-TRAIN-LOT-2026,3,125.0,HEALTHY,0,8.382,8.735,9.043,9.012,2.334,2.306,2.412,2.412,1.1299,1.1392,1.1389,1.1614
CMP-2026-3990,ISRO-TRAIN-LOT-2026,24,125.0,HEALTHY,0,11.194,11.469,11.368,11.704,2.251,2.3,2.337,2.304,1.1873,1.1805,1.1959,1.1977
CMP-2026-3991,ISRO-TRAIN-LOT-2026,3,125.0,HEALTHY,0,8.717,8.982,9.632,10.032,2.519,2.581,2.643,2.646,1.198,1.1941,1.2048,1.2339
CMP-2026-3992,ISRO-TRAIN-LOT-2026,8,125.0,HEALTHY,0,9.164,9.533,9.9,9.812,2.681,2.718,2.713,2.733,1.2315,1.2237,1.2583,1.2664
CMP-2026-3993,ISRO-TRAIN-LOT-2026,15,125.0,HEALTHY,0,9.552,9.595,10.08,9.699,1.786,1.776,1.851,1.882,1.2503,1.2464,1.2655,1.2688
CMP-2026-3994,ISRO-TRAIN-LOT-2026,23,125.0,HEALTHY,0,11.062,11.402,11.817,11.869,3.016,3.07,3.108,3.215,1.1943,1.1979,1.203,1.223
CMP-2026-3995,ISRO-TRAIN-LOT-2026,24,125.0,HEALTHY,0,10.916,11.317,11.625,11.9,2.634,2.648,2.804,2.688,1.1021,1.0976,1.1166,1.1352
CMP-2026-3996,ISRO-TRAIN-LOT-2026,14,125.0,LATENT_DRIFT,1,10.435,15.031,34.734,64.221,2.526,2.926,5.026,11.526,1.4055,1.4855,1.7355,2.2855
CMP-2026-3997,ISRO-TRAIN-LOT-2026,11,125.0,HEALTHY,0,10.229,10.595,10.679,11.181,2.2,2.22,2.219,2.289,1.0604,1.0622,1.0695,1.0819
CMP-2026-3998,ISRO-TRAIN-LOT-2026,15,125.0,HEALTHY,0,9.934,10.084,10.542,10.798,2.549,2.597,2.575,2.686,1.1095,1.1045,1.1195,1.1535
CMP-2026-3999,ISRO-TRAIN-LOT-2026,4,125.0,HEALTHY,0,10.303,10.555,10.912,10.968,2.126,2.148,2.176,2.233,1.331,1.3338,1.3482,1.3746
CMP-2026-4000,ISRO-TRAIN-LOT-2026,15,125.0,HEALTHY,0,10.923,11.117,11.237,11.527,2.768,2.805,2.836,2.772,1.1942,1.1936,1.2225,1.2475
CMP-2026-4001,ISRO-TRAIN-LOT-2026,17,125.0,HEALTHY,0,9.415,9.813,9.799,9.842,2.273,2.293,2.321,2.421,1.0977,1.1014,1.1041,1.113
CMP-2026-4002,ISRO-TRAIN-LOT-2026,2,125.0,HEALTHY,0,9.108,9.414,9.388,9.699,3.059,3.037,3.153,3.123,1.0761,1.0714,1.1001,1.1066
CMP-2026-4003,ISRO-TRAIN-LOT-2026,19,125.0,HEALTHY,0,10.399,10.596,10.745,11.123,2.485,2.528,2.589,2.548,1.1274,1.1273,1.1227,1.1659
CMP-2026-4004,ISRO-TRAIN-LOT-2026,21,125.0,HEALTHY,0,11.662,11.752,12.265,12.269,2.299,2.343,2.362,2.439,1.2073,1.2048,1.2101,1.2382
CMP-2026-4005,ISRO-TRAIN-LOT-2026,14,125.0,HEALTHY,0,11.04,11.025,11.717,11.823,2.441,2.464,2.535,2.515,1.3102,1.3077,1.3189,1.359
CMP-2026-4006,ISRO-TRAIN-LOT-2026,13,125.0,HEALTHY,0,11.18,11.427,11.676,11.798,2.645,2.682,2.78,2.737,1.3426,1.3453,1.356,1.3466
CMP-2026-4007,ISRO-TRAIN-LOT-2026,15,125.0,HEALTHY,0,9.996,10.257,10.565,11.095,2.365,2.444,2.456,2.466,1.2187,1.2266,1.2347,1.2564
CMP-2026-4008,ISRO-TRAIN-LOT-2026,16,125.0,HEALTHY,0,12.513,12.737,13.062,12.915,2.797,2.786,2.898,2.868,1.2125,1.2224,1.2144,1.2565
CMP-2026-4009,ISRO-TRAIN-LOT-2026,9,125.0,HEALTHY,0,11.702,11.89,12.276,11.637,2.6,2.638,2.628,2.741,1.1959,1.1922,1.2073,1.2174
CMP-2026-4010,ISRO-TRAIN-LOT-2026,1,125.0,HEALTHY,0,9.824,10.026,9.968,10.517,2.548,2.646,2.626,2.651,1.1993,1.2009,1.2077,1.217
CMP-2026-4011,ISRO-TRAIN-LOT-2026,25,125.0,HEALTHY,0,12.023,12.314,12.839,13.1,2.139,2.203,2.243,2.23,1.2729,1.2706,1.3002,1.3077
CMP-2026-4012,ISRO-TRAIN-LOT-2026,3,125.0,HEALTHY,0,10.502,10.659,10.872,11.411,2.158,2.24,2.205,2.346,1.3296,1.3262,1.3371,1.3636
CMP-2026-4013,ISRO-TRAIN-LOT-2026,24,125.0,HEALTHY,0,13.262,13.259,13.669,13.735,2.275,2.303,2.459,2.423,1.2031,1.2014,1.2042,1.2328
CMP-2026-4014,ISRO-TRAIN-LOT-2026,25,125.0,HEALTHY,0,11.168,11.593,12.045,11.98,2.199,2.226,2.31,2.296,1.2777,1.2919,1.286,1.3106
CMP-2026-4015,ISRO-TRAIN-LOT-2026,15,125.0,HEALTHY,0,12.045,12.217,12.544,12.974,2.417,2.451,2.467,2.445,1.0133,1.024,1.027,1.0442
CMP-2026-4016,ISRO-TRAIN-LOT-2026,1,125.0,HEALTHY,0,10.475,10.52,10.874,10.987,2.953,2.952,3.087,3.105,1.0856,1.0818,1.0935,1.1274
CMP-2026-4017,ISRO-TRAIN-LOT-2026,7,125.0,HEALTHY,0,10.636,10.984,11.442,11.746,2.819,2.858,2.869,2.916,1.1658,1.1733,1.1765,1.1989
CMP-2026-4018,ISRO-TRAIN-LOT-2026,17,125.0,HEALTHY,0,9.542,9.94,10.437,10.639,2.005,2.039,2.087,2.144,1.1706,1.1781,1.1887,1.2086
CMP-2026-4019,ISRO-TRAIN-LOT-2026,3,125.0,HEALTHY,0,9.938,10.078,10.517,10.831,2.62,2.631,2.632,2.745,1.1312,1.1334,1.1526,1.1919
CMP-2026-4020,ISRO-TRAIN-LOT-2026,12,125.0,HEALTHY,0,9.803,10.192,10.457,10.655,2.023,2.022,2.058,2.194,1.2825,1.2862,1.294,1.3148
CMP-2026-4021,ISRO-TRAIN-LOT-2026,19,125.0,HEALTHY,0,13.481,13.875,14.108,14.295,3.002,3.003,3.043,3.084,1.1844,1.1942,1.1816,1.229
CMP-2026-4022,ISRO-TRAIN-LOT-2026,16,125.0,LATENT_PAT_OUTLIER,1,41.836,43.371,46.004,49.137,7.12,7.92,9.12,10.92,1.638,1.688,1.768,1.888
CMP-2026-4023,ISRO-TRAIN-LOT-2026,2,125.0,HEALTHY,0,9.814,10.043,10.353,10.628,2.9,2.964,3.019,3.039,1.1597,1.1604,1.1735,1.1809
CMP-2026-4024,ISRO-TRAIN-LOT-2026,17,125.0,HEALTHY,0,8.735,8.892,9.301,9.143,2.211,2.221,2.271,2.352,1.1909,1.1887,1.1883,1.2184
CMP-2026-4025,ISRO-TRAIN-LOT-2026,14,125.0,GROSS_OUTLIER,1,64.272,68.444,84.163,105.277,33.907,36.907,41.907,49.907,2.867,3.067,3.467,4.067
CMP-2026-4026,ISRO-TRAIN-LOT-2026,12,125.0,LATENT_DRIFT,1,10.651,17.506,47.679,92.132,2.917,3.317,5.417,11.917,1.0602,1.1402,1.3902,1.9402
CMP-2026-4027,ISRO-TRAIN-LOT-2026,20,125.0,HEALTHY,0,11.653,11.91,12.222,12.409,2.385,2.409,2.446,2.511,1.165,1.1549,1.1753,1.2011
CMP-2026-4028,ISRO-TRAIN-LOT-2026,10,125.0,HEALTHY,0,13.122,13.337,13.844,14.142,2.768,2.778,2.922,2.891,1.2604,1.2584,1.2676,1.2704
CMP-2026-4029,ISRO-TRAIN-LOT-2026,1,125.0,HEALTHY,0,9.632,9.849,10.231,10.458,2.509,2.538,2.623,2.656,1.2166,1.2186,1.2449,1.2239
CMP-2026-4030,ISRO-TRAIN-LOT-2026,5,125.0,LATENT_PAT_OUTLIER,1,43.673,45.206,47.714,51.958,7.144,7.944,9.144,10.944,1.5842,1.6342,1.7142,1.8342
CMP-2026-4031,ISRO-TRAIN-LOT-2026,17,125.0,HEALTHY,0,10.318,10.683,10.828,10.615,2.387,2.444,2.524,2.602,1.2964,1.304,1.3147,1.3113
CMP-2026-4032,ISRO-TRAIN-LOT-2026,8,125.0,HEALTHY,0,11.031,11.017,11.355,11.174,2.549,2.589,2.61,2.623,1.0748,1.0855,1.0881,1.0944
CMP-2026-4033,ISRO-TRAIN-LOT-2026,17,125.0,GROSS_OUTLIER,1,74.615,79.753,84.999,112.392,23.156,26.156,31.156,39.156,3.5023,3.7023,4.1023,4.7023
CMP-2026-4034,ISRO-TRAIN-LOT-2026,15,125.0,HEALTHY,0,8.809,9.071,9.428,9.405,2.748,2.785,2.82,2.872,1.3099,1.3129,1.3375,1.3579
CMP-2026-4035,ISRO-TRAIN-LOT-2026,2,125.0,HEALTHY,0,11.007,11.104,11.204,11.623,2.966,2.977,3.048,3.08,1.2024,1.206,1.2091,1.2436
CMP-2026-4036,ISRO-TRAIN-LOT-2026,17,125.0,HEALTHY,0,12.026,12.059,12.335,12.558,2.462,2.473,2.574,2.512,1.2175,1.2232,1.236,1.2589
CMP-2026-4037,ISRO-TRAIN-LOT-2026,3,125.0,LATENT_DRIFT,1,9.949,15.038,38.073,72.017,2.037,2.437,4.537,11.037,1.2237,1.3037,1.5537,2.1037
CMP-2026-4038,ISRO-TRAIN-LOT-2026,17,125.0,HEALTHY,0,12.319,12.398,12.791,12.663,2.79,2.808,2.886,2.851,1.3829,1.377,1.3968,1.4148
CMP-2026-4039,ISRO-TRAIN-LOT-2026,12,125.0,HEALTHY,0,10.009,10.159,10.201,10.122,2.659,2.731,2.633,2.715,1.2644,1.2585,1.2821,1.282
CMP-2026-4040,ISRO-TRAIN-LOT-2026,1,125.0,HEALTHY,0,8.796,8.989,9.286,9.713,2.648,2.659,2.715,2.749,1.2917,1.2965,1.3165,1.3285
CMP-2026-4041,ISRO-TRAIN-LOT-2026,11,125.0,HEALTHY,0,13.163,13.282,13.777,13.498,2.348,2.402,2.412,2.41,1.214,1.2118,1.2389,1.2441
CMP-2026-4042,ISRO-TRAIN-LOT-2026,10,125.0,HEALTHY,0,9.362,9.693,10.008,10.316,2.691,2.7,2.786,2.913,1.3731,1.3757,1.3716,1.3922
CMP-2026-4043,ISRO-TRAIN-LOT-2026,11,125.0,HEALTHY,0,12.414,12.662,12.789,12.987,3.025,3.061,3.149,3.167,1.267,1.2631,1.2797,1.2856
CMP-2026-4044,ISRO-TRAIN-LOT-2026,11,125.0,HEALTHY,0,11.517,11.764,12.041,11.964,2.971,3.014,3.02,3.021,1.3235,1.3195,1.334,1.3602
CMP-2026-4045,ISRO-TRAIN-LOT-2026,14,125.0,HEALTHY,0,11.048,11.379,11.8,11.872,3.03,2.974,3.152,3.173,1.2179,1.2167,1.2137,1.2423
CMP-2026-4046,ISRO-TRAIN-LOT-2026,21,125.0,HEALTHY,0,10.418,10.586,10.672,11.19,2.676,2.75,2.794,2.816,1.2163,1.2206,1.2228,1.2523
CMP-2026-4047,ISRO-TRAIN-LOT-2026,10,125.0,LATENT_PAT_OUTLIER,1,36.317,37.512,39.884,43.747,8.503,9.303,10.503,12.303,1.7022,1.7522,1.8322,1.9522
CMP-2026-4048,ISRO-TRAIN-LOT-2026,24,125.0,HEALTHY,0,12.579,12.954,13.238,13.066,2.437,2.533,2.491,2.489,1.0341,1.0355,1.0511,1.0413
CMP-2026-4049,ISRO-TRAIN-LOT-2026,16,125.0,LATENT_DRIFT,1,9.683,16.906,50.023,99.562,2.402,2.802,4.902,11.402,1.227,1.307,1.557,2.107
CMP-2026-4050,ISRO-TRAIN-LOT-2026,2,125.0,HEALTHY,0,11.151,11.681,11.727,11.955,2.673,2.692,2.766,2.691,1.2296,1.2213,1.2354,1.2568
CMP-2026-4051,ISRO-TRAIN-LOT-2026,8,125.0,HEALTHY,0,12.05,12.533,12.617,12.935,2.427,2.494,2.485,2.49,1.1727,1.1704,1.1807,1.1902
CMP-2026-4052,ISRO-TRAIN-LOT-2026,22,125.0,HEALTHY,0,10.142,10.49,10.467,10.579,2.432,2.507,2.517,2.506,1.1589,1.1612,1.1626,1.1831
CMP-2026-4053,ISRO-TRAIN-LOT-2026,1,125.0,HEALTHY,0,9.915,9.965,10.555,10.631,2.658,2.674,2.774,2.829,1.227,1.2327,1.2439,1.2696
CMP-2026-4054,ISRO-TRAIN-LOT-2026,18,125.0,HEALTHY,0,12.329,12.705,13.258,13.203,2.589,2.584,2.657,2.699,1.4317,1.4289,1.4412,1.4591
CMP-2026-4055,ISRO-TRAIN-LOT-2026,11,125.0,HEALTHY,0,10.651,10.71,11.163,10.969,2.214,2.257,2.338,2.323,1.1632,1.1731,1.1903,1.1804
CMP-2026-4056,ISRO-TRAIN-LOT-2026,25,125.0,HEALTHY,0,9.439,9.675,10.196,10.222,2.688,2.685,2.803,2.753,1.3286,1.3309,1.3531,1.3474
CMP-2026-4057,ISRO-TRAIN-LOT-2026,10,125.0,HEALTHY,0,10.831,10.868,11.148,10.966,2.758,2.831,2.832,2.881,1.057,1.0599,1.065,1.0961
CMP-2026-4058,ISRO-TRAIN-LOT-2026,15,125.0,HEALTHY,0,9.53,9.794,10.033,10.529,2.228,2.238,2.289,2.381,1.2702,1.2671,1.2953,1.3106
CMP-2026-4059,ISRO-TRAIN-LOT-2026,3,125.0,HEALTHY,0,9.553,9.746,10.182,10.177,2.392,2.423,2.496,2.534,1.1178,1.1122,1.1269,1.1418
CMP-2026-4060,ISRO-TRAIN-LOT-2026,14,125.0,HEALTHY,0,9.766,9.913,10.077,10.526,2.385,2.423,2.551,2.498,1.31,1.3101,1.317,1.3294
CMP-2026-4061,ISRO-TRAIN-LOT-2026,1,125.0,HEALTHY,0,11.151,11.403,11.718,11.728,2.334,2.417,2.369,2.526,1.1378,1.1285,1.1575,1.1771
CMP-2026-4062,ISRO-TRAIN-LOT-2026,19,125.0,HEALTHY,0,11.204,11.564,11.935,12.183,2.661,2.704,2.676,2.72,1.2096,1.2132,1.2209,1.2293
CMP-2026-4063,ISRO-TRAIN-LOT-2026,17,125.0,HEALTHY,0,13.267,13.368,13.602,13.552,2.341,2.429,2.4,2.484,1.1955,1.1905,1.2131,1.2413
CMP-2026-4064,ISRO-TRAIN-LOT-2026,12,125.0,HEALTHY,0,10.536,11.052,11.151,11.413,2.323,2.392,2.416,2.408,1.1843,1.184,1.2013,1.2095
CMP-2026-4065,ISRO-TRAIN-LOT-2026,18,125.0,LATENT_PAT_OUTLIER,1,41.694,42.917,46.205,48.965,6.681,7.481,8.681,10.481,1.463,1.513,1.593,1.713
CMP-2026-4066,ISRO-TRAIN-LOT-2026,8,125.0,HEALTHY,0,11.22,11.353,11.775,12.077,2.414,2.444,2.469,2.528,1.2443,1.2362,1.2584,1.2661
CMP-2026-4067,ISRO-TRAIN-LOT-2026,12,125.0,HEALTHY,0,11.768,11.808,12.147,12.035,2.502,2.593,2.574,2.557,1.011,1.0122,1.0204,1.0325
CMP-2026-4068,ISRO-TRAIN-LOT-2026,7,125.0,HEALTHY,0,9.349,9.511,9.814,9.634,2.594,2.634,2.616,2.675,1.1426,1.1435,1.1511,1.1672
CMP-2026-4069,ISRO-TRAIN-LOT-2026,20,125.0,HEALTHY,0,11.683,11.872,12.08,12.273,2.552,2.593,2.691,2.759,1.1774,1.1861,1.1807,1.214
CMP-2026-4070,ISRO-TRAIN-LOT-2026,13,125.0,HEALTHY,0,11.649,11.887,11.806,12.097,2.424,2.443,2.435,2.507,1.2118,1.2214,1.2335,1.2445
CMP-2026-4071,ISRO-TRAIN-LOT-2026,18,125.0,HEALTHY,0,11.213,11.373,11.645,11.753,2.586,2.589,2.727,2.762,1.1259,1.1272,1.1426,1.1429
CMP-2026-4072,ISRO-TRAIN-LOT-2026,15,125.0,HEALTHY,0,9.803,10.036,10.248,10.128,2.361,2.358,2.456,2.429,1.159,1.1645,1.1623,1.2163
CMP-2026-4073,ISRO-TRAIN-LOT-2026,20,125.0,HEALTHY,0,11.076,11.255,11.518,12.022,2.227,2.253,2.3,2.295,1.3424,1.3412,1.3555,1.3724
CMP-2026-4074,ISRO-TRAIN-LOT-2026,20,125.0,HEALTHY,0,10.047,10.048,10.504,10.124,2.359,2.396,2.477,2.473,1.1586,1.1574,1.1836,1.1877
CMP-2026-4075,ISRO-TRAIN-LOT-2026,15,125.0,HEALTHY,0,9.734,9.918,10.259,10.403,2.441,2.467,2.537,2.442,1.4005,1.3997,1.4077,1.4272
CMP-2026-4076,ISRO-TRAIN-LOT-2026,15,125.0,HEALTHY,0,10.365,10.509,10.678,10.848,2.281,2.321,2.261,2.377,1.1814,1.1856,1.1834,1.216
CMP-2026-4077,ISRO-TRAIN-LOT-2026,23,125.0,HEALTHY,0,11.412,11.598,11.921,11.998,2.17,2.18,2.24,2.26,1.1024,1.1025,1.1205,1.119
CMP-2026-4078,ISRO-TRAIN-LOT-2026,12,125.0,HEALTHY,0,9.732,9.9,10.283,10.073,2.497,2.532,2.658,2.656,1.1705,1.1738,1.1825,1.1996
CMP-2026-4079,ISRO-TRAIN-LOT-2026,18,125.0,HEALTHY,0,9.116,9.455,9.823,9.795,2.5,2.566,2.574,2.631,1.1414,1.1371,1.1513,1.1674
CMP-2026-4080,ISRO-TRAIN-LOT-2026,11,125.0,HEALTHY,0,11.738,11.853,12.468,12.752,2.41,2.413,2.481,2.562,1.264,1.2711,1.2678,1.302
CMP-2026-4081,ISRO-TRAIN-LOT-2026,5,125.0,HEALTHY,0,11.142,11.493,12.148,11.943,2.779,2.835,2.832,2.835,1.2104,1.2116,1.2191,1.2446
CMP-2026-4082,ISRO-TRAIN-LOT-2026,21,125.0,LATENT_PAT_OUTLIER,1,45.999,47.905,51.18,54.288,7.431,8.231,9.431,11.231,1.4353,1.4853,1.5653,1.6853
CMP-2026-4083,ISRO-TRAIN-LOT-2026,15,125.0,HEALTHY,0,10.601,10.824,10.829,10.857,2.451,2.53,2.507,2.583,1.2591,1.2643,1.269,1.288
CMP-2026-4084,ISRO-TRAIN-LOT-2026,15,125.0,HEALTHY,0,10.548,10.826,11.431,11.437,1.946,2.011,2.023,2.025,1.3443,1.3526,1.3535,1.3819
CMP-2026-4085,ISRO-TRAIN-LOT-2026,7,125.0,LATENT_PAT_OUTLIER,1,43.136,44.306,47.749,51.704,7.726,8.526,9.726,11.526,1.4838,1.5338,1.6138,1.7338
CMP-2026-4086,ISRO-TRAIN-LOT-2026,13,125.0,HEALTHY,0,10.292,10.521,10.79,11.013,2.735,2.763,2.809,2.869,1.1728,1.182,1.1926,1.2063
CMP-2026-4087,ISRO-TRAIN-LOT-2026,2,125.0,HEALTHY,0,9.998,10.073,10.255,10.793,2.662,2.739,2.779,2.655,1.1957,1.1942,1.2128,1.2296
CMP-2026-4088,ISRO-TRAIN-LOT-2026,4,125.0,HEALTHY,0,9.174,9.514,9.636,10.138,2.381,2.42,2.483,2.489,1.2896,1.2907,1.3164,1.3294
CMP-2026-4089,ISRO-TRAIN-LOT-2026,22,125.0,HEALTHY,0,10.174,10.351,10.292,10.591,2.434,2.452,2.498,2.65,1.2491,1.2476,1.2717,1.2744
CMP-2026-4090,ISRO-TRAIN-LOT-2026,25,125.0,HEALTHY,0,11.995,12.235,12.549,12.512,2.293,2.333,2.357,2.346,1.1983,1.2045,1.2433,1.2218
CMP-2026-4091,ISRO-TRAIN-LOT-2026,4,125.0,HEALTHY,0,10.815,10.952,11.055,11.172,3.098,3.219,3.229,3.245,1.0463,1.0436,1.0601,1.0596
CMP-2026-4092,ISRO-TRAIN-LOT-2026,11,125.0,HEALTHY,0,10.866,11.074,11.541,11.808,2.317,2.328,2.405,2.46,1.1915,1.1949,1.1959,1.2185
CMP-2026-4093,ISRO-TRAIN-LOT-2026,21,125.0,LATENT_DRIFT,1,11.719,19.007,52.265,101.745,2.957,3.357,5.457,11.957,1.2696,1.3496,1.5996,2.1496
CMP-2026-4094,ISRO-TRAIN-LOT-2026,12,125.0,HEALTHY,0,10.831,10.859,11.198,11.105,2.49,2.579,2.581,2.556,1.1955,1.1871,1.2035,1.2291
CMP-2026-4095,ISRO-TRAIN-LOT-2026,22,125.0,HEALTHY,0,12.21,12.177,12.261,12.325,2.457,2.51,2.485,2.547,1.2092,1.2162,1.2214,1.2452
CMP-2026-4096,ISRO-TRAIN-LOT-2026,11,125.0,HEALTHY,0,12.007,12.504,12.55,12.79,1.986,2.027,2.052,2.093,1.283,1.2849,1.2973,1.3225
CMP-2026-4097,ISRO-TRAIN-LOT-2026,15,125.0,HEALTHY,0,11.714,12.002,12.573,12.035,2.348,2.342,2.442,2.451,1.2046,1.196,1.2133,1.2255
CMP-2026-4098,ISRO-TRAIN-LOT-2026,4,125.0,HEALTHY,0,9.645,9.883,9.848,10.257,2.548,2.609,2.582,2.759,1.3522,1.3526,1.3574,1.3912
CMP-2026-4099,ISRO-TRAIN-LOT-2026,16,125.0,HEALTHY,0,9.492,9.657,9.851,9.953,2.355,2.354,2.446,2.469,1.153,1.1487,1.1762,1.1645
CMP-2026-4100,ISRO-TRAIN-LOT-2026,20,125.0,HEALTHY,0,12.215,12.508,12.676,12.956,2.508,2.517,2.653,2.714,1.14,1.143,1.155,1.1669
CMP-2026-4101,ISRO-TRAIN-LOT-2026,6,125.0,HEALTHY,0,9.627,9.762,10.43,10.474,2.514,2.59,2.632,2.656,1.1147,1.1213,1.1362,1.143
CMP-2026-4102,ISRO-TRAIN-LOT-2026,14,125.0,HEALTHY,0,8.72,8.84,9.2,9.503,1.975,1.943,2.044,2.04,1.1636,1.1739,1.1784,1.1962
CMP-2026-4103,ISRO-TRAIN-LOT-2026,18,125.0,HEALTHY,0,10.391,10.487,10.671,10.841,2.391,2.402,2.502,2.558,1.2131,1.2186,1.209,1.227
CMP-2026-4104,ISRO-TRAIN-LOT-2026,15,125.0,HEALTHY,0,10.449,10.67,10.878,11.327,2.148,2.126,2.243,2.209,1.2509,1.2521,1.2609,1.2869
CMP-2026-4105,ISRO-TRAIN-LOT-2026,7,125.0,HEALTHY,0,10.75,10.901,11.174,11.306,2.296,2.352,2.351,2.359,1.2254,1.2315,1.2236,1.2485
CMP-2026-4106,ISRO-TRAIN-LOT-2026,14,125.0,HEALTHY,0,10.792,10.915,11.409,11.723,2.957,2.978,3.021,3.058,0.959,0.9645,0.9694,0.9812
CMP-2026-4107,ISRO-TRAIN-LOT-2026,10,125.0,HEALTHY,0,9.884,10.1,10.849,10.508,2.715,2.725,2.82,2.815,1.1385,1.1381,1.157,1.1685
CMP-2026-4108,ISRO-TRAIN-LOT-2026,18,125.0,LATENT_PAT_OUTLIER,1,42.346,43.37,45.312,48.936,9.494,10.294,11.494,13.294,1.6761,1.7261,1.8061,1.9261
CMP-2026-4109,ISRO-TRAIN-LOT-2026,3,125.0,HEALTHY,0,8.575,8.875,9.061,9.126,2.79,2.845,2.861,2.881,1.2092,1.211,1.2164,1.254
CMP-2026-4110,ISRO-TRAIN-LOT-2026,12,125.0,HEALTHY,0,12.507,12.839,13.35,13.642,2.818,2.792,2.913,2.988,1.1295,1.1288,1.1416,1.1622
CMP-2026-4111,ISRO-TRAIN-LOT-2026,3,125.0,HEALTHY,0,10.899,11.024,11.375,11.276,2.769,2.803,2.863,2.83,1.2555,1.254,1.2789,1.2858
CMP-2026-4112,ISRO-TRAIN-LOT-2026,21,125.0,HEALTHY,0,9.254,9.474,9.754,9.406,2.214,2.189,2.3,2.268,1.0922,1.0957,1.0982,1.1198
CMP-2026-4113,ISRO-TRAIN-LOT-2026,24,125.0,HEALTHY,0,10.928,11.269,11.525,11.692,2.8,2.862,2.889,2.905,1.2519,1.2514,1.2769,1.2755
CMP-2026-4114,ISRO-TRAIN-LOT-2026,23,125.0,HEALTHY,0,11.819,12.283,12.494,12.996,2.53,2.511,2.625,2.504,1.1907,1.194,1.1837,1.2274
CMP-2026-4115,ISRO-TRAIN-LOT-2026,11,125.0,HEALTHY,0,10.957,11.05,11.38,11.035,2.784,2.782,2.852,2.922,1.2018,1.2009,1.2132,1.2302
CMP-2026-4116,ISRO-TRAIN-LOT-2026,5,125.0,HEALTHY,0,9.508,9.797,9.988,10.381,2.956,3.012,3.089,3.039,1.222,1.2183,1.2242,1.2436
CMP-2026-4117,ISRO-TRAIN-LOT-2026,23,125.0,HEALTHY,0,11.985,12.249,12.294,12.598,2.701,2.713,2.83,2.754,1.2537,1.2555,1.2555,1.2805
CMP-2026-4118,ISRO-TRAIN-LOT-2026,19,125.0,HEALTHY,0,10.287,10.536,10.948,10.833,2.25,2.276,2.364,2.321,1.1805,1.1802,1.1962,1.2124
CMP-2026-4119,ISRO-TRAIN-LOT-2026,17,125.0,HEALTHY,0,8.78,9.172,9.498,9.366,3.139,3.164,3.2,3.256,1.25,1.2534,1.2532,1.2775
CMP-2026-4120,ISRO-TRAIN-LOT-2026,21,125.0,HEALTHY,0,10.758,11.039,11.048,11.25,2.492,2.497,2.564,2.597,1.1191,1.1188,1.1252,1.1446
CMP-2026-4121,ISRO-TRAIN-LOT-2026,1,125.0,HEALTHY,0,11.935,12.142,12.241,12.563,2.743,2.802,2.841,2.811,1.2136,1.2183,1.2397,1.2471
CMP-2026-4122,ISRO-TRAIN-LOT-2026,1,125.0,HEALTHY,0,10.644,10.872,11.173,11.145,2.643,2.734,2.703,2.776,1.3551,1.36,1.3718,1.3875
CMP-2026-4123,ISRO-TRAIN-LOT-2026,8,125.0,HEALTHY,0,13.839,13.967,14.337,14.541,2.407,2.425,2.511,2.463,1.237,1.2376,1.2462,1.2643
CMP-2026-4124,ISRO-TRAIN-LOT-2026,23,125.0,HEALTHY,0,11.563,11.713,11.956,11.871,2.297,2.328,2.402,2.35,1.2063,1.2114,1.1976,1.2358
CMP-2026-4125,ISRO-TRAIN-LOT-2026,16,125.0,LATENT_PAT_OUTLIER,1,39.607,41.128,44.029,46.618,9.141,9.941,11.141,12.941,1.5669,1.6169,1.6969,1.8169
CMP-2026-4126,ISRO-TRAIN-LOT-2026,6,125.0,HEALTHY,0,10.071,10.503,10.934,10.962,2.154,2.129,2.244,2.251,1.1317,1.1371,1.1558,1.1598
CMP-2026-4127,ISRO-TRAIN-LOT-2026,23,125.0,HEALTHY,0,10.362,10.648,10.984,11.058,1.99,2.05,2.065,2.039,1.2069,1.212,1.2131,1.2452
CMP-2026-4128,ISRO-TRAIN-LOT-2026,5,125.0,HEALTHY,0,10.772,10.874,11.314,11.259,2.767,2.773,2.815,2.882,1.4404,1.441,1.4496,1.4539
CMP-2026-4129,ISRO-TRAIN-LOT-2026,10,125.0,HEALTHY,0,9.482,9.54,10.062,9.874,2.098,2.138,2.226,2.158,1.1353,1.1377,1.153,1.1596
CMP-2026-4130,ISRO-TRAIN-LOT-2026,9,125.0,HEALTHY,0,10.407,10.565,10.985,10.97,2.54,2.589,2.584,2.59,1.2138,1.2233,1.2372,1.2496
CMP-2026-4131,ISRO-TRAIN-LOT-2026,3,125.0,HEALTHY,0,12.441,12.802,12.814,13.046,1.941,2.02,2.041,2.06,0.992,0.9929,1.0246,1.0297
CMP-2026-4132,ISRO-TRAIN-LOT-2026,14,125.0,HEALTHY,0,10.226,10.565,10.75,10.675,2.806,2.855,2.871,2.908,1.1786,1.1801,1.1911,1.2116
CMP-2026-4133,ISRO-TRAIN-LOT-2026,13,125.0,HEALTHY,0,11.385,11.803,12.156,12.499,2.283,2.328,2.357,2.42,1.1607,1.1602,1.1688,1.1818
CMP-2026-4134,ISRO-TRAIN-LOT-2026,11,125.0,HEALTHY,0,9.762,9.907,10.305,9.819,2.326,2.339,2.443,2.314,1.1675,1.1658,1.1751,1.205
CMP-2026-4135,ISRO-TRAIN-LOT-2026,5,125.0,HEALTHY,0,11.425,11.59,11.781,11.722,2.122,2.179,2.225,2.26,1.1789,1.1854,1.1888,1.1962
CMP-2026-4136,ISRO-TRAIN-LOT-2026,3,125.0,HEALTHY,0,11.66,11.711,11.992,12.126,2.444,2.48,2.548,2.571,1.2357,1.2277,1.2667,1.2876
CMP-2026-4137,ISRO-TRAIN-LOT-2026,23,125.0,HEALTHY,0,12.057,12.231,12.447,12.972,2.458,2.444,2.562,2.469,1.334,1.3416,1.3514,1.3806
CMP-2026-4138,ISRO-TRAIN-LOT-2026,10,125.0,HEALTHY,0,10.874,11.025,11.306,11.719,2.44,2.484,2.532,2.582,1.1517,1.1586,1.1628,1.1729
CMP-2026-4139,ISRO-TRAIN-LOT-2026,9,125.0,HEALTHY,0,10.347,10.569,10.698,10.851,2.397,2.445,2.402,2.447,1.197,1.1965,1.2088,1.2372
CMP-2026-4140,ISRO-TRAIN-LOT-2026,25,125.0,HEALTHY,0,14.118,14.176,14.402,14.217,2.732,2.754,2.869,2.79,1.1089,1.1085,1.1265,1.1367
CMP-2026-4141,ISRO-TRAIN-LOT-2026,6,125.0,HEALTHY,0,10.353,10.748,11.345,11.191,2.438,2.482,2.537,2.564,1.0632,1.0655,1.0829,1.1102
CMP-2026-4142,ISRO-TRAIN-LOT-2026,1,125.0,HEALTHY,0,10.299,10.723,10.987,11.429,2.537,2.56,2.631,2.644,1.2399,1.2345,1.2549,1.2846
CMP-2026-4143,ISRO-TRAIN-LOT-2026,5,125.0,HEALTHY,0,9.635,10.034,10.487,10.942,2.559,2.544,2.739,2.602,1.2795,1.286,1.2745,1.3129
CMP-2026-4144,ISRO-TRAIN-LOT-2026,8,125.0,LATENT_DRIFT,1,10.569,17.365,48.418,93.267,2.024,2.424,4.524,11.024,1.2954,1.3754,1.6254,2.1754
CMP-2026-4145,ISRO-TRAIN-LOT-2026,24,125.0,HEALTHY,0,8.493,8.835,8.956,9.09,2.402,2.41,2.426,2.479,1.0421,1.0373,1.0553,1.0701
CMP-2026-4146,ISRO-TRAIN-LOT-2026,7,125.0,HEALTHY,0,10.817,11.215,11.208,11.479,2.708,2.726,2.774,2.816,1.2112,1.2152,1.2224,1.2507
CMP-2026-4147,ISRO-TRAIN-LOT-2026,9,125.0,HEALTHY,0,11.322,11.477,11.746,11.64,2.34,2.318,2.442,2.476,1.2676,1.2704,1.2809,1.3147
CMP-2026-4148,ISRO-TRAIN-LOT-2026,1,125.0,HEALTHY,0,10.437,10.854,10.791,11.1,1.836,1.847,1.945,1.847,1.0935,1.0993,1.1126,1.1098
CMP-2026-4149,ISRO-TRAIN-LOT-2026,11,125.0,HEALTHY,0,10.604,10.925,11.206,11.673,2.818,2.87,2.888,2.943,1.2092,1.2099,1.2245,1.2361
CMP-2026-4150,ISRO-TRAIN-LOT-2026,11,125.0,HEALTHY,0,10.816,11.096,11.359,11.778,1.983,2.009,2.057,2.108,0.9951,0.988,0.9991,1.0198
CMP-2026-4151,ISRO-TRAIN-LOT-2026,1,125.0,HEALTHY,0,11.18,11.412,11.933,11.604,2.381,2.411,2.476,2.477,1.2671,1.2629,1.2912,1.2942
CMP-2026-4152,ISRO-TRAIN-LOT-2026,3,125.0,HEALTHY,0,9.673,9.869,10.19,10.309,2.776,2.808,2.818,2.839,1.2088,1.2064,1.2195,1.2444
CMP-2026-4153,ISRO-TRAIN-LOT-2026,24,125.0,HEALTHY,0,10.775,11.13,11.498,11.183,1.737,1.719,1.903,1.836,1.2403,1.2515,1.256,1.2611
CMP-2026-4154,ISRO-TRAIN-LOT-2026,20,125.0,HEALTHY,0,12.433,12.734,13.076,12.902,2.086,2.111,2.203,2.242,1.2726,1.2736,1.2811,1.3191
CMP-2026-4155,ISRO-TRAIN-LOT-2026,1,125.0,HEALTHY,0,10.177,10.525,10.99,11.366,2.505,2.527,2.612,2.659,1.2338,1.2317,1.2507,1.254
CMP-2026-4156,ISRO-TRAIN-LOT-2026,22,125.0,HEALTHY,0,10.348,10.605,10.532,10.461,2.471,2.524,2.504,2.571,1.1953,1.1939,1.2049,1.2138
CMP-2026-4157,ISRO-TRAIN-LOT-2026,1,125.0,HEALTHY,0,10.373,10.739,11.132,10.832,2.461,2.469,2.52,2.572,1.2589,1.2612,1.2636,1.3039
CMP-2026-4158,ISRO-TRAIN-LOT-2026,14,125.0,HEALTHY,0,9.786,9.992,10.104,10.047,2.606,2.598,2.709,2.803,1.16,1.1546,1.1607,1.1815
CMP-2026-4159,ISRO-TRAIN-LOT-2026,24,125.0,HEALTHY,0,12.301,12.537,12.805,12.934,3.101,3.107,3.179,3.207,1.3169,1.3156,1.3412,1.3544
CMP-2026-4160,ISRO-TRAIN-LOT-2026,25,125.0,HEALTHY,0,10.427,10.649,10.944,11.224,2.322,2.348,2.438,2.341,1.027,1.0303,1.0427,1.0696
CMP-2026-4161,ISRO-TRAIN-LOT-2026,3,125.0,HEALTHY,0,10.4,10.739,11.332,11.287,2.388,2.382,2.468,2.536,1.3029,1.3048,1.3167,1.3345
CMP-2026-4162,ISRO-TRAIN-LOT-2026,6,125.0,HEALTHY,0,10.488,10.762,10.994,11.103,2.744,2.784,2.806,2.817,1.1141,1.1069,1.1184,1.1354
CMP-2026-4163,ISRO-TRAIN-LOT-2026,9,125.0,HEALTHY,0,12.033,12.144,12.488,12.85,2.882,2.905,3.006,3.029,1.1379,1.1433,1.144,1.175
CMP-2026-4164,ISRO-TRAIN-LOT-2026,4,125.0,HEALTHY,0,9.945,10.399,10.84,11.245,2.283,2.32,2.43,2.302,1.2664,1.2649,1.2594,1.3021
CMP-2026-4165,ISRO-TRAIN-LOT-2026,18,125.0,LATENT_DRIFT,1,12.118,16.696,37.956,68.662,2.562,2.962,5.062,11.562,1.3029,1.3829,1.6329,2.1829
CMP-2026-4166,ISRO-TRAIN-LOT-2026,9,125.0,HEALTHY,0,10.893,11.025,11.027,11.766,2.146,2.191,2.212,2.278,1.1443,1.1411,1.1549,1.1715
CMP-2026-4167,ISRO-TRAIN-LOT-2026,2,125.0,HEALTHY,0,8.259,8.553,8.48,9.358,2.269,2.398,2.428,2.317,1.0381,1.0448,1.0333,1.0637
CMP-2026-4168,ISRO-TRAIN-LOT-2026,10,125.0,HEALTHY,0,8.711,9.08,9.353,9.779,2.982,2.991,3.049,3.049,1.25,1.2508,1.2599,1.3037
CMP-2026-4169,ISRO-TRAIN-LOT-2026,6,125.0,HEALTHY,0,10.122,10.496,10.801,10.896,2.503,2.621,2.583,2.626,1.1588,1.1699,1.1649,1.1852
CMP-2026-4170,ISRO-TRAIN-LOT-2026,12,125.0,HEALTHY,0,9.799,9.907,10.544,10.244,2.534,2.505,2.598,2.59,1.2748,1.2719,1.295,1.3217
CMP-2026-4171,ISRO-TRAIN-LOT-2026,23,125.0,GROSS_OUTLIER,1,64.695,68.262,77.837,90.557,32.131,35.131,40.131,48.131,2.985,3.185,3.585,4.185
CMP-2026-4172,ISRO-TRAIN-LOT-2026,14,125.0,HEALTHY,0,10.786,10.994,11.371,11.58,2.437,2.477,2.476,2.51,1.088,1.0873,1.0985,1.1272
CMP-2026-4173,ISRO-TRAIN-LOT-2026,22,125.0,LATENT_DRIFT,1,11.498,18.325,49.104,93.021,2.256,2.656,4.756,11.256,1.2799,1.3599,1.6099,2.1599
CMP-2026-4174,ISRO-TRAIN-LOT-2026,7,125.0,HEALTHY,0,9.734,10.014,10.528,11.004,2.41,2.433,2.497,2.47,1.0694,1.0752,1.0831,1.1116
CMP-2026-4175,ISRO-TRAIN-LOT-2026,11,125.0,HEALTHY,0,8.601,8.856,8.912,8.943,2.577,2.577,2.656,2.679,1.1547,1.1603,1.1763,1.1809
CMP-2026-4176,ISRO-TRAIN-LOT-2026,16,125.0,HEALTHY,0,10.432,10.819,10.863,11.14,3.093,3.09,3.194,3.111,1.2498,1.2534,1.2568,1.2845
CMP-2026-4177,ISRO-TRAIN-LOT-2026,2,125.0,HEALTHY,0,10.948,11.106,11.545,11.34,2.385,2.392,2.452,2.464,1.3132,1.3286,1.3078,1.3408
CMP-2026-4178,ISRO-TRAIN-LOT-2026,19,125.0,HEALTHY,0,11.322,11.467,11.458,11.576,2.062,2.106,2.111,2.137,1.0596,1.0662,1.0751,1.0852
CMP-2026-4179,ISRO-TRAIN-LOT-2026,6,125.0,HEALTHY,0,10.967,11.181,11.835,11.584,2.636,2.668,2.705,2.635,1.2357,1.2366,1.2446,1.2663
CMP-2026-4180,ISRO-TRAIN-LOT-2026,22,125.0,HEALTHY,0,11.369,11.485,11.478,11.765,2.809,2.877,2.908,2.821,1.1808,1.1823,1.2058,1.1909
CMP-2026-4181,ISRO-TRAIN-LOT-2026,25,125.0,HEALTHY,0,10.82,11.078,11.429,11.426,2.674,2.656,2.749,2.761,1.1895,1.1905,1.1975,1.2053
CMP-2026-4182,ISRO-TRAIN-LOT-2026,4,125.0,HEALTHY,0,9.603,9.94,10.257,10.421,2.498,2.52,2.538,2.553,1.168,1.165,1.1762,1.212
CMP-2026-4183,ISRO-TRAIN-LOT-2026,13,125.0,GROSS_OUTLIER,1,82.204,86.502,101.044,126.6,18.755,21.755,26.755,34.755,2.8397,3.0397,3.4397,4.0397
CMP-2026-4184,ISRO-TRAIN-LOT-2026,18,125.0,HEALTHY,0,11.075,11.552,11.653,11.93,2.456,2.499,2.538,2.587,1.1636,1.1702,1.1801,1.1962
CMP-2026-4185,ISRO-TRAIN-LOT-2026,7,125.0,HEALTHY,0,9.521,9.662,9.846,9.929,2.704,2.677,2.751,2.876,1.266,1.2524,1.2772,1.2873
CMP-2026-4186,ISRO-TRAIN-LOT-2026,9,125.0,HEALTHY,0,11.348,11.677,12.216,11.949,2.056,2.083,2.146,2.142,1.1158,1.1267,1.1263,1.1654
CMP-2026-4187,ISRO-TRAIN-LOT-2026,5,125.0,HEALTHY,0,8.458,8.79,8.839,8.905,2.047,2.104,2.114,2.14,1.3203,1.3306,1.347,1.3451
CMP-2026-4188,ISRO-TRAIN-LOT-2026,5,125.0,HEALTHY,0,10.92,10.793,11.296,11.554,2.66,2.63,2.742,2.796,1.1751,1.1772,1.1923,1.2228
CMP-2026-4189,ISRO-TRAIN-LOT-2026,11,125.0,LATENT_PAT_OUTLIER,1,39.586,40.84,43.315,46.054,9.684,10.484,11.684,13.484,1.7305,1.7805,1.8605,1.9805
CMP-2026-4190,ISRO-TRAIN-LOT-2026,13,125.0,HEALTHY,0,10.215,10.659,10.89,11.344,2.545,2.522,2.595,2.636,1.3867,1.3947,1.398,1.4215
CMP-2026-4191,ISRO-TRAIN-LOT-2026,22,125.0,HEALTHY,0,13.422,13.732,14.322,14.427,3.072,3.091,3.164,3.18,1.148,1.1586,1.1522,1.1697
CMP-2026-4192,ISRO-TRAIN-LOT-2026,9,125.0,HEALTHY,0,11.907,12.436,12.428,12.787,3.001,3.001,3.084,3.115,1.1724,1.1713,1.188,1.189
CMP-2026-4193,ISRO-TRAIN-LOT-2026,1,125.0,HEALTHY,0,10.139,10.365,10.331,10.483,2.421,2.402,2.525,2.549,1.1577,1.1527,1.1686,1.1844
CMP-2026-4194,ISRO-TRAIN-LOT-2026,13,125.0,HEALTHY,0,9.406,9.577,9.259,10.121,2.688,2.73,2.782,2.834,1.1166,1.1171,1.1266,1.1286
CMP-2026-4195,ISRO-TRAIN-LOT-2026,17,125.0,HEALTHY,0,10.854,10.988,10.857,10.897,2.34,2.359,2.395,2.444,1.1726,1.1717,1.1621,1.207
CMP-2026-4196,ISRO-TRAIN-LOT-2026,11,125.0,HEALTHY,0,10.075,10.069,10.421,10.637,2.027,2.076,2.115,2.079,1.1207,1.1229,1.132,1.1401
CMP-2026-4197,ISRO-TRAIN-LOT-2026,15,125.0,HEALTHY,0,10.658,10.907,11.364,11.684,2.211,2.256,2.306,2.227,1.3468,1.3438,1.3578,1.3578
CMP-2026-4198,ISRO-TRAIN-LOT-2026,3,125.0,LATENT_PAT_OUTLIER,1,37.481,39.816,43.028,45.98,6.16,6.96,8.16,9.96,1.5976,1.6476,1.7276,1.8476
CMP-2026-4199,ISRO-TRAIN-LOT-2026,22,125.0,HEALTHY,0,11.997,11.995,12.47,12.505,2.774,2.794,2.82,2.865,1.1773,1.1739,1.1896,1.2125
CMP-2026-4200,ISRO-TRAIN-LOT-2026,24,125.0,HEALTHY,0,10.276,10.49,10.943,10.753,2.356,2.356,2.393,2.54,1.2951,1.2903,1.2974,1.3364
CMP-2026-4201,ISRO-TRAIN-LOT-2026,14,125.0,HEALTHY,0,10.7,10.913,11.578,11.696,2.062,2.053,2.117,2.141,1.1961,1.1983,1.2032,1.2343
CMP-2026-4202,ISRO-TRAIN-LOT-2026,18,125.0,HEALTHY,0,11.921,12.085,12.451,12.599,2.505,2.488,2.667,2.602,1.0712,1.0665,1.0666,1.0876
CMP-2026-4203,ISRO-TRAIN-LOT-2026,15,125.0,HEALTHY,0,10.903,11.091,11.269,11.631,2.276,2.306,2.323,2.376,1.362,1.3644,1.373,1.3878
CMP-2026-4204,ISRO-TRAIN-LOT-2026,22,125.0,HEALTHY,0,11.855,12.13,12.518,12.734,3.171,3.204,3.214,3.225,1.1294,1.1252,1.1429,1.1758
CMP-2026-4205,ISRO-TRAIN-LOT-2026,2,125.0,HEALTHY,0,9.498,9.671,9.973,9.925,2.168,2.243,2.237,2.273,1.3008,1.2971,1.3157,1.3205
CMP-2026-4206,ISRO-TRAIN-LOT-2026,20,125.0,HEALTHY,0,9.702,9.944,10.011,10.426,3.011,3.058,3.101,2.964,1.1535,1.1615,1.1632,1.1952
CMP-2026-4207,ISRO-TRAIN-LOT-2026,25,125.0,HEALTHY,0,11.584,11.955,12.538,12.408,1.682,1.701,1.771,1.727,1.1402,1.1371,1.1613,1.1753
CMP-2026-4208,ISRO-TRAIN-LOT-2026,10,125.0,LATENT_PAT_OUTLIER,1,41.757,43.458,45.063,49.042,8.297,9.097,10.297,12.097,1.5573,1.6073,1.6873,1.8073
CMP-2026-4209,ISRO-TRAIN-LOT-2026,10,125.0,LATENT_DRIFT,1,7.617,14.853,47.79,95.98,2.577,2.977,5.077,11.577,1.3057,1.3857,1.6357,2.1857
CMP-2026-4210,ISRO-TRAIN-LOT-2026,9,125.0,HEALTHY,0,10.506,10.555,11.022,11.112,2.522,2.573,2.497,2.645,1.2101,1.2093,1.2226,1.2425
CMP-2026-4211,ISRO-TRAIN-LOT-2026,18,125.0,LATENT_DRIFT,1,12.376,17.364,38.573,70.613,2.396,2.796,4.896,11.396,1.2573,1.3373,1.5873,2.1373
CMP-2026-4212,ISRO-TRAIN-LOT-2026,4,125.0,GROSS_OUTLIER,1,75.062,83.862,97.729,110.545,24.987,27.987,32.987,40.987,3.0451,3.2451,3.6451,4.2451
CMP-2026-4213,ISRO-TRAIN-LOT-2026,24,125.0,GROSS_OUTLIER,1,65.105,68.219,80.31,100.242,24.028,27.028,32.028,40.028,2.8004,3.0004,3.4004,4.0004
CMP-2026-4214,ISRO-TRAIN-LOT-2026,5,125.0,HEALTHY,0,11.585,11.848,11.976,12.238,2.376,2.39,2.451,2.428,1.2529,1.2574,1.2917,1.2866
CMP-2026-4215,ISRO-TRAIN-LOT-2026,18,125.0,HEALTHY,0,12.734,13.028,12.834,13.005,2.728,2.738,2.818,2.92,1.2744,1.2764,1.296,1.3145
CMP-2026-4216,ISRO-TRAIN-LOT-2026,20,125.0,HEALTHY,0,11.246,11.453,12.139,12.114,2.289,2.314,2.437,2.264,1.2917,1.2909,1.3063,1.3247
CMP-2026-4217,ISRO-TRAIN-LOT-2026,24,125.0,HEALTHY,0,13.217,13.662,13.9,13.94,2.642,2.654,2.702,2.744,1.1828,1.1843,1.2023,1.2053
CMP-2026-4218,ISRO-TRAIN-LOT-2026,25,125.0,HEALTHY,0,11.152,11.5,11.645,11.803,2.344,2.357,2.411,2.398,1.164,1.1673,1.1844,1.1997
CMP-2026-4219,ISRO-TRAIN-LOT-2026,6,125.0,HEALTHY,0,10.289,10.422,10.703,11.234,2.373,2.434,2.507,2.54,1.0893,1.0874,1.1018,1.12
CMP-2026-4220,ISRO-TRAIN-LOT-2026,7,125.0,HEALTHY,0,9.995,10.246,10.42,10.366,2.271,2.327,2.349,2.365,1.0599,1.0629,1.0808,1.1044
CMP-2026-4221,ISRO-TRAIN-LOT-2026,17,125.0,HEALTHY,0,11.736,11.908,11.915,12.006,2.387,2.449,2.472,2.441,1.2013,1.2009,1.2196,1.2174
CMP-2026-4222,ISRO-TRAIN-LOT-2026,17,125.0,LATENT_DRIFT,1,10.068,17.321,50.516,98.293,2.372,2.772,4.872,11.372,1.1818,1.2618,1.5118,2.0618
CMP-2026-4223,ISRO-TRAIN-LOT-2026,11,125.0,HEALTHY,0,11.103,11.221,11.457,11.493,1.629,1.657,1.762,1.75,1.2674,1.2663,1.2852,1.2983
CMP-2026-4224,ISRO-TRAIN-LOT-2026,15,125.0,HEALTHY,0,10.853,11.212,11.47,11.647,2.827,2.825,2.884,2.899,1.2222,1.2237,1.2301,1.262
CMP-2026-4225,ISRO-TRAIN-LOT-2026,4,125.0,HEALTHY,0,9.848,9.972,10.124,10.318,2.702,2.667,2.822,2.774,1.0544,1.0546,1.0628,1.0795
CMP-2026-4226,ISRO-TRAIN-LOT-2026,3,125.0,HEALTHY,0,11.533,11.561,11.803,12.286,2.696,2.752,2.738,2.879,1.1381,1.1326,1.1534,1.1705
CMP-2026-4227,ISRO-TRAIN-LOT-2026,4,125.0,LATENT_DRIFT,1,9.533,15.303,41.83,79.225,1.942,2.342,4.442,10.942,1.3445,1.4245,1.6745,2.2245
CMP-2026-4228,ISRO-TRAIN-LOT-2026,12,125.0,HEALTHY,0,10.058,10.275,10.331,10.45,2.33,2.384,2.485,2.521,1.1998,1.2071,1.1979,1.2261
CMP-2026-4229,ISRO-TRAIN-LOT-2026,15,125.0,HEALTHY,0,10.519,10.648,10.783,10.611,2.6,2.625,2.687,2.751,1.1594,1.1631,1.1714,1.188
CMP-2026-4230,ISRO-TRAIN-LOT-2026,9,125.0,HEALTHY,0,9.574,9.692,9.71,9.602,2.511,2.595,2.607,2.629,1.2522,1.2516,1.269,1.2762
CMP-2026-4231,ISRO-TRAIN-LOT-2026,11,125.0,HEALTHY,0,11.386,11.408,11.569,11.723,3.116,3.119,3.204,3.289,1.1837,1.1783,1.195,1.2241
CMP-2026-4232,ISRO-TRAIN-LOT-2026,17,125.0,HEALTHY,0,11.492,11.815,11.867,12.016,2.017,2.037,2.129,2.04,1.1541,1.1526,1.1636,1.1875
CMP-2026-4233,ISRO-TRAIN-LOT-2026,13,125.0,HEALTHY,0,11.827,12.008,12.73,12.646,2.724,2.714,2.787,2.808,1.178,1.1809,1.1804,1.2042
CMP-2026-4234,ISRO-TRAIN-LOT-2026,8,125.0,HEALTHY,0,12.615,12.552,12.889,13.08,2.742,2.74,2.814,2.816,1.2772,1.2883,1.2844,1.3108
CMP-2026-4235,ISRO-TRAIN-LOT-2026,17,125.0,HEALTHY,0,11.076,11.382,11.92,12.083,2.757,2.813,2.838,2.84,1.162,1.1622,1.1707,1.1951
CMP-2026-4236,ISRO-TRAIN-LOT-2026,3,125.0,HEALTHY,0,10.974,11.43,11.61,11.768,2.155,2.191,2.239,2.218,1.299,1.3089,1.3037,1.3289
CMP-2026-4237,ISRO-TRAIN-LOT-2026,10,125.0,HEALTHY,0,11.323,11.726,11.792,12.126,2.118,2.135,2.21,2.21,1.1681,1.1762,1.1851,1.1902
CMP-2026-4238,ISRO-TRAIN-LOT-2026,4,125.0,HEALTHY,0,8.2,8.534,8.646,8.958,2.171,2.207,2.24,2.236,1.1007,1.0972,1.1111,1.1189
CMP-2026-4239,ISRO-TRAIN-LOT-2026,5,125.0,HEALTHY,0,12.588,12.86,13.248,13.418,2.308,2.351,2.392,2.456,1.3059,1.3132,1.3182,1.3348
CMP-2026-4240,ISRO-TRAIN-LOT-2026,19,125.0,HEALTHY,0,9.963,10.0,10.751,10.603,2.328,2.375,2.421,2.364,1.0309,1.0338,1.0398,1.0562
CMP-2026-4241,ISRO-TRAIN-LOT-2026,24,125.0,HEALTHY,0,11.6,12.105,12.485,12.969,2.524,2.535,2.586,2.604,1.0792,1.0797,1.0939,1.1057
CMP-2026-4242,ISRO-TRAIN-LOT-2026,17,125.0,HEALTHY,0,10.298,10.386,10.563,10.431,1.925,1.99,1.942,2.01,1.2804,1.2857,1.2901,1.308
CMP-2026-4243,ISRO-TRAIN-LOT-2026,13,125.0,HEALTHY,0,10.237,10.563,10.871,11.276,2.098,2.139,2.179,2.219,1.0641,1.0587,1.0742,1.1006
CMP-2026-4244,ISRO-TRAIN-LOT-2026,22,125.0,HEALTHY,0,11.477,11.798,11.737,11.928,2.757,2.797,2.852,2.894,1.195,1.1977,1.1995,1.2026
CMP-2026-4245,ISRO-TRAIN-LOT-2026,19,125.0,LATENT_PAT_OUTLIER,1,40.133,42.158,44.245,47.874,7.347,8.147,9.347,11.147,1.4448,1.4948,1.5748,1.6948
CMP-2026-4246,ISRO-TRAIN-LOT-2026,5,125.0,HEALTHY,0,9.491,9.715,9.954,10.109,2.57,2.613,2.617,2.695,1.2186,1.2192,1.2307,1.2535
CMP-2026-4247,ISRO-TRAIN-LOT-2026,23,125.0,HEALTHY,0,10.199,10.632,10.859,11.022,2.416,2.462,2.467,2.54,1.1504,1.1444,1.1652,1.167
CMP-2026-4248,ISRO-TRAIN-LOT-2026,6,125.0,HEALTHY,0,8.112,8.325,8.286,8.945,2.431,2.476,2.52,2.553,1.3095,1.3088,1.3139,1.3274
CMP-2026-4249,ISRO-TRAIN-LOT-2026,5,125.0,HEALTHY,0,9.802,9.896,10.371,10.057,2.326,2.309,2.394,2.537,1.1883,1.1898,1.1879,1.2297
CMP-2026-4250,ISRO-TRAIN-LOT-2026,14,125.0,HEALTHY,0,10.68,10.849,11.335,11.453,2.745,2.733,2.838,2.842,1.1822,1.1825,1.2053,1.2143
CMP-2026-4251,ISRO-TRAIN-LOT-2026,16,125.0,LATENT_PAT_OUTLIER,1,43.668,45.379,48.611,51.951,8.389,9.189,10.389,12.189,1.6021,1.6521,1.7321,1.8521
CMP-2026-4252,ISRO-TRAIN-LOT-2026,18,125.0,HEALTHY,0,10.265,10.598,11.243,11.132,2.603,2.625,2.705,2.76,1.3266,1.3335,1.3351,1.3477
CMP-2026-4253,ISRO-TRAIN-LOT-2026,23,125.0,HEALTHY,0,9.922,10.277,10.628,10.423,2.665,2.662,2.779,2.676,1.2102,1.2154,1.2183,1.2441
CMP-2026-4254,ISRO-TRAIN-LOT-2026,23,125.0,HEALTHY,0,12.36,12.48,12.891,12.613,2.833,2.91,2.824,2.827,1.2242,1.2253,1.2439,1.2607
CMP-2026-4255,ISRO-TRAIN-LOT-2026,3,125.0,HEALTHY,0,10.803,10.917,11.23,11.109,2.388,2.327,2.419,2.492,1.1908,1.1952,1.2082,1.227
CMP-2026-4256,ISRO-TRAIN-LOT-2026,21,125.0,HEALTHY,0,9.958,10.115,10.469,10.772,2.38,2.435,2.498,2.463,1.1778,1.1821,1.1849,1.2119
CMP-2026-4257,ISRO-TRAIN-LOT-2026,19,125.0,HEALTHY,0,11.404,11.577,11.767,11.784,2.959,2.954,3.105,3.069,1.1183,1.1173,1.1264,1.14
CMP-2026-4258,ISRO-TRAIN-LOT-2026,2,125.0,HEALTHY,0,11.041,11.267,11.651,11.838,2.723,2.699,2.784,2.935,1.1718,1.1781,1.1722,1.2305
CMP-2026-4259,ISRO-TRAIN-LOT-2026,12,125.0,HEALTHY,0,11.979,12.272,12.743,12.736,2.67,2.668,2.747,2.768,1.1504,1.1527,1.1631,1.1778
CMP-2026-4260,ISRO-TRAIN-LOT-2026,2,125.0,HEALTHY,0,9.691,9.849,9.968,10.631,2.84,2.846,2.907,2.909,1.2777,1.2735,1.2922,1.3222
CMP-2026-4261,ISRO-TRAIN-LOT-2026,4,125.0,HEALTHY,0,9.56,9.915,10.584,10.614,2.798,2.811,2.865,2.83,1.3032,1.2999,1.3152,1.3479
CMP-2026-4262,ISRO-TRAIN-LOT-2026,12,125.0,HEALTHY,0,11.571,12.046,12.141,12.482,2.174,2.217,2.26,2.292,1.2099,1.2096,1.2115,1.2369
CMP-2026-4263,ISRO-TRAIN-LOT-2026,23,125.0,HEALTHY,0,9.914,10.009,10.356,10.579,1.939,2.017,2.059,2.016,1.1012,1.1083,1.1098,1.1337
CMP-2026-4264,ISRO-TRAIN-LOT-2026,15,125.0,HEALTHY,0,10.862,11.028,11.861,11.359,2.266,2.305,2.282,2.247,1.1729,1.1699,1.1865,1.2087
CMP-2026-4265,ISRO-TRAIN-LOT-2026,11,125.0,HEALTHY,0,11.372,11.673,12.193,11.986,2.588,2.601,2.642,2.665,1.12,1.1183,1.1277,1.1581
CMP-2026-4266,ISRO-TRAIN-LOT-2026,16,125.0,HEALTHY,0,12.147,12.426,12.88,12.787,2.168,2.188,2.276,2.291,1.1504,1.1602,1.1572,1.1821
CMP-2026-4267,ISRO-TRAIN-LOT-2026,20,125.0,HEALTHY,0,12.223,12.735,12.79,13.245,2.426,2.466,2.495,2.616,1.1087,1.1042,1.1089,1.134
CMP-2026-4268,ISRO-TRAIN-LOT-2026,2,125.0,HEALTHY,0,10.232,10.376,10.776,11.32,2.532,2.548,2.552,2.644,1.2739,1.2705,1.2778,1.3092
CMP-2026-4269,ISRO-TRAIN-LOT-2026,5,125.0,HEALTHY,0,10.858,11.074,11.427,11.662,2.366,2.352,2.437,2.466,1.054,1.0573,1.0629,1.0996
CMP-2026-4270,ISRO-TRAIN-LOT-2026,19,125.0,HEALTHY,0,10.76,11.016,11.267,11.514,2.754,2.8,2.799,2.911,1.3684,1.3717,1.3811,1.4161
CMP-2026-4271,ISRO-TRAIN-LOT-2026,3,125.0,HEALTHY,0,9.271,9.497,9.818,9.995,2.633,2.579,2.708,2.838,1.301,1.2946,1.3003,1.3297
CMP-2026-4272,ISRO-TRAIN-LOT-2026,1,125.0,HEALTHY,0,9.614,9.837,9.695,9.967,2.018,2.091,2.087,2.02,1.2542,1.2591,1.2784,1.2884
CMP-2026-4273,ISRO-TRAIN-LOT-2026,22,125.0,HEALTHY,0,8.736,9.105,9.549,9.652,2.468,2.484,2.543,2.618,1.1575,1.1575,1.1673,1.1772
CMP-2026-4274,ISRO-TRAIN-LOT-2026,21,125.0,HEALTHY,0,10.086,10.159,10.792,10.764,2.217,2.294,2.326,2.333,1.0906,1.0932,1.1039,1.1117
CMP-2026-4275,ISRO-TRAIN-LOT-2026,1,125.0,HEALTHY,0,10.222,10.378,10.931,10.869,2.296,2.381,2.33,2.314,1.1331,1.1359,1.1482,1.1576
CMP-2026-4276,ISRO-TRAIN-LOT-2026,5,125.0,HEALTHY,0,9.951,10.192,10.574,10.493,2.671,2.674,2.735,2.743,1.2347,1.224,1.2454,1.2501
CMP-2026-4277,ISRO-TRAIN-LOT-2026,2,125.0,HEALTHY,0,11.316,11.369,11.472,11.785,1.817,1.849,1.886,1.908,1.2621,1.2649,1.2696,1.2808
CMP-2026-4278,ISRO-TRAIN-LOT-2026,23,125.0,HEALTHY,0,11.713,12.119,12.568,12.591,2.731,2.77,2.819,2.867,1.3646,1.3652,1.3711,1.3989
CMP-2026-4279,ISRO-TRAIN-LOT-2026,15,125.0,HEALTHY,0,11.842,12.013,12.673,12.758,2.138,2.165,2.199,2.195,1.0162,1.0114,1.0297,1.0435
CMP-2026-4280,ISRO-TRAIN-LOT-2026,5,125.0,HEALTHY,0,9.809,10.184,10.278,10.648,2.408,2.432,2.562,2.502,1.185,1.187,1.1936,1.2013
CMP-2026-4281,ISRO-TRAIN-LOT-2026,1,125.0,HEALTHY,0,11.139,11.48,12.159,11.869,2.445,2.446,2.494,2.562,1.2404,1.255,1.2535,1.2802
CMP-2026-4282,ISRO-TRAIN-LOT-2026,11,125.0,LATENT_DRIFT,1,12.576,19.675,52.73,100.838,2.566,2.966,5.066,11.566,1.218,1.298,1.548,2.098
CMP-2026-4283,ISRO-TRAIN-LOT-2026,18,125.0,HEALTHY,0,11.545,11.881,12.24,12.546,2.792,2.756,2.86,2.923,1.3025,1.3055,1.3218,1.3287
CMP-2026-4284,ISRO-TRAIN-LOT-2026,12,125.0,HEALTHY,0,10.662,10.782,11.513,11.736,2.314,2.333,2.409,2.445,1.2201,1.2178,1.2324,1.2502
CMP-2026-4285,ISRO-TRAIN-LOT-2026,15,125.0,HEALTHY,0,12.162,12.308,12.54,12.795,2.468,2.548,2.566,2.517,1.2993,1.2999,1.3103,1.3434
CMP-2026-4286,ISRO-TRAIN-LOT-2026,7,125.0,HEALTHY,0,10.878,11.113,11.789,11.917,2.541,2.595,2.567,2.62,1.3252,1.331,1.3411,1.3439
CMP-2026-4287,ISRO-TRAIN-LOT-2026,5,125.0,HEALTHY,0,9.021,9.331,9.594,9.571,2.803,2.853,2.89,2.925,1.1886,1.1828,1.1965,1.2151
CMP-2026-4288,ISRO-TRAIN-LOT-2026,8,125.0,HEALTHY,0,8.07,8.45,8.975,9.474,2.311,2.35,2.394,2.407,1.1716,1.1751,1.1862,1.2028
CMP-2026-4289,ISRO-TRAIN-LOT-2026,10,125.0,HEALTHY,0,10.698,10.85,10.941,11.077,2.774,2.724,2.875,2.845,1.138,1.141,1.1771,1.1705
CMP-2026-4290,ISRO-TRAIN-LOT-2026,25,125.0,HEALTHY,0,13.51,13.847,14.059,14.266,2.498,2.497,2.591,2.514,1.2455,1.2542,1.2627,1.2697
CMP-2026-4291,ISRO-TRAIN-LOT-2026,5,125.0,HEALTHY,0,11.562,11.895,11.916,12.0,2.355,2.397,2.473,2.403,1.1833,1.1771,1.2012,1.2142
CMP-2026-4292,ISRO-TRAIN-LOT-2026,14,125.0,HEALTHY,0,9.391,9.613,10.372,10.364,2.42,2.443,2.464,2.41,1.1544,1.1537,1.161,1.175
CMP-2026-4293,ISRO-TRAIN-LOT-2026,24,125.0,HEALTHY,0,8.198,8.624,8.738,9.135,2.56,2.59,2.667,2.671,1.2552,1.252,1.2629,1.3008
CMP-2026-4294,ISRO-TRAIN-LOT-2026,17,125.0,LATENT_PAT_OUTLIER,1,43.617,45.65,48.373,50.614,7.747,8.547,9.747,11.547,1.5861,1.6361,1.7161,1.8361
CMP-2026-4295,ISRO-TRAIN-LOT-2026,13,125.0,HEALTHY,0,10.605,10.767,11.083,11.382,2.104,2.126,2.205,2.179,1.2964,1.295,1.2997,1.3323
CMP-2026-4296,ISRO-TRAIN-LOT-2026,19,125.0,HEALTHY,0,12.041,12.446,12.707,12.889,2.337,2.341,2.372,2.51,1.0911,1.0904,1.1028,1.1086
CMP-2026-4297,ISRO-TRAIN-LOT-2026,1,125.0,HEALTHY,0,9.521,9.808,10.276,10.363,2.192,2.193,2.263,2.338,1.1927,1.191,1.1983,1.2021
CMP-2026-4298,ISRO-TRAIN-LOT-2026,15,125.0,HEALTHY,0,11.167,11.304,11.085,11.856,2.142,2.181,2.266,2.331,1.3054,1.3082,1.3201,1.3507
CMP-2026-4299,ISRO-TRAIN-LOT-2026,17,125.0,HEALTHY,0,10.852,11.181,11.666,12.03,2.124,2.164,2.11,2.306,1.0465,1.0455,1.052,1.066
CMP-2026-4300,ISRO-TRAIN-LOT-2026,21,125.0,HEALTHY,0,10.395,10.637,10.694,10.895,2.46,2.504,2.523,2.553,1.1041,1.1068,1.1235,1.1308
CMP-2026-4301,ISRO-TRAIN-LOT-2026,25,125.0,HEALTHY,0,12.039,12.293,12.838,12.978,2.33,2.427,2.441,2.351,1.1327,1.1353,1.1355,1.1498
CMP-2026-4302,ISRO-TRAIN-LOT-2026,1,125.0,HEALTHY,0,8.007,8.359,8.837,8.83,3.156,3.171,3.3,3.267,1.1634,1.1556,1.1785,1.2
CMP-2026-4303,ISRO-TRAIN-LOT-2026,12,125.0,HEALTHY,0,11.181,11.476,11.617,11.912,2.776,2.763,2.838,2.909,1.1791,1.1746,1.1939,1.202
CMP-2026-4304,ISRO-TRAIN-LOT-2026,6,125.0,HEALTHY,0,9.624,9.709,9.854,10.491,2.001,2.016,2.07,2.176,1.3217,1.3185,1.3409,1.3514
CMP-2026-4305,ISRO-TRAIN-LOT-2026,13,125.0,HEALTHY,0,9.887,10.129,10.23,10.297,2.573,2.616,2.632,2.675,1.1433,1.1405,1.1554,1.1635
CMP-2026-4306,ISRO-TRAIN-LOT-2026,21,125.0,GROSS_OUTLIER,1,54.843,62.634,67.753,97.034,26.367,29.367,34.367,42.367,3.8764,4.0764,4.4764,5.0764
CMP-2026-4307,ISRO-TRAIN-LOT-2026,20,125.0,HEALTHY,0,12.492,12.779,13.102,13.582,2.362,2.385,2.372,2.474,1.2328,1.2369,1.2451,1.2682
CMP-2026-4308,ISRO-TRAIN-LOT-2026,25,125.0,HEALTHY,0,10.479,10.801,11.017,11.486,2.218,2.236,2.344,2.369,1.054,1.0544,1.057,1.0856
CMP-2026-4309,ISRO-TRAIN-LOT-2026,4,125.0,HEALTHY,0,9.796,9.943,10.17,10.049,2.109,2.143,2.254,2.294,1.2234,1.2166,1.2218,1.253
CMP-2026-4310,ISRO-TRAIN-LOT-2026,25,125.0,HEALTHY,0,12.414,12.684,13.0,13.64,2.928,2.946,2.963,2.873,1.2335,1.2343,1.2472,1.2572
CMP-2026-4311,ISRO-TRAIN-LOT-2026,15,125.0,HEALTHY,0,11.124,11.32,11.38,12.293,2.356,2.406,2.531,2.5,1.2649,1.2671,1.2561,1.3006
CMP-2026-4312,ISRO-TRAIN-LOT-2026,13,125.0,HEALTHY,0,12.846,13.081,13.418,13.573,3.014,3.084,3.067,3.147,1.2094,1.2056,1.219,1.2251
CMP-2026-4313,ISRO-TRAIN-LOT-2026,7,125.0,HEALTHY,0,10.966,11.077,11.562,11.436,2.58,2.62,2.668,2.659,1.1294,1.1337,1.1243,1.1695
CMP-2026-4314,ISRO-TRAIN-LOT-2026,1,125.0,HEALTHY,0,8.803,8.936,8.998,9.297,2.61,2.614,2.698,2.698,1.2061,1.2102,1.2166,1.2462
CMP-2026-4315,ISRO-TRAIN-LOT-2026,5,125.0,GROSS_OUTLIER,1,61.211,67.475,82.653,95.038,16.194,19.194,24.194,32.194,2.6556,2.8556,3.2556,3.8556
CMP-2026-4316,ISRO-TRAIN-LOT-2026,10,125.0,HEALTHY,0,11.429,11.74,11.807,11.854,2.552,2.586,2.601,2.596,1.1842,1.1834,1.1796,1.2109
CMP-2026-4317,ISRO-TRAIN-LOT-2026,19,125.0,HEALTHY,0,12.084,12.321,12.538,12.438,2.709,2.73,2.812,2.854,1.115,1.1194,1.1308,1.147
CMP-2026-4318,ISRO-TRAIN-LOT-2026,15,125.0,LATENT_DRIFT,1,10.902,15.767,37.089,68.353,1.922,2.322,4.422,10.922,1.22,1.3,1.55,2.1
CMP-2026-4319,ISRO-TRAIN-LOT-2026,25,125.0,HEALTHY,0,8.0,8.224,8.659,8.611,2.408,2.409,2.484,2.425,1.08,1.0833,1.1019,1.101
CMP-2026-4320,ISRO-TRAIN-LOT-2026,16,125.0,HEALTHY,0,10.95,11.101,11.049,11.384,2.571,2.549,2.682,2.693,1.1354,1.1352,1.1557,1.1809
CMP-2026-4321,ISRO-TRAIN-LOT-2026,8,125.0,HEALTHY,0,9.901,10.174,10.107,10.365,2.334,2.362,2.435,2.379,1.1439,1.1441,1.1609,1.1609
CMP-2026-4322,ISRO-TRAIN-LOT-2026,24,125.0,GROSS_OUTLIER,1,57.291,63.743,73.207,90.654,26.138,29.138,34.138,42.138,3.4183,3.6183,4.0183,4.6183
CMP-2026-4323,ISRO-TRAIN-LOT-2026,24,125.0,HEALTHY,0,10.366,10.497,10.722,10.781,2.507,2.543,2.609,2.583,1.2277,1.2228,1.2302,1.2576
CMP-2026-4324,ISRO-TRAIN-LOT-2026,17,125.0,HEALTHY,0,10.417,10.938,10.912,11.06,2.23,2.313,2.256,2.433,1.2375,1.236,1.2407,1.2784
CMP-2026-4325,ISRO-TRAIN-LOT-2026,13,125.0,HEALTHY,0,11.997,12.228,12.351,12.26,2.39,2.393,2.512,2.362,1.1086,1.113,1.113,1.1251
CMP-2026-4326,ISRO-TRAIN-LOT-2026,6,125.0,HEALTHY,0,9.827,9.839,10.168,9.948,2.726,2.728,2.737,2.731,1.1855,1.1853,1.1975,1.2132
CMP-2026-4327,ISRO-TRAIN-LOT-2026,20,125.0,HEALTHY,0,7.828,8.282,8.355,8.715,2.758,2.828,2.816,2.934,1.1905,1.1936,1.1965,1.2125
CMP-2026-4328,ISRO-TRAIN-LOT-2026,10,125.0,HEALTHY,0,10.02,10.291,10.884,10.6,2.716,2.744,2.776,2.787,1.1405,1.1444,1.1478,1.1666
CMP-2026-4329,ISRO-TRAIN-LOT-2026,15,125.0,HEALTHY,0,9.509,9.571,9.979,9.999,2.306,2.313,2.39,2.427,1.1961,1.1948,1.2109,1.2227
CMP-2026-4330,ISRO-TRAIN-LOT-2026,18,125.0,HEALTHY,0,9.26,9.605,9.853,10.082,2.681,2.678,2.719,2.765,1.1131,1.1124,1.1243,1.1418
CMP-2026-4331,ISRO-TRAIN-LOT-2026,10,125.0,GROSS_OUTLIER,1,73.64,76.058,83.326,101.409,19.097,22.097,27.097,35.097,3.6939,3.8939,4.2939,4.8939
CMP-2026-4332,ISRO-TRAIN-LOT-2026,24,125.0,HEALTHY,0,11.225,11.572,12.056,12.463,2.605,2.63,2.736,2.814,1.3096,1.3047,1.3243,1.3385
CMP-2026-4333,ISRO-TRAIN-LOT-2026,23,125.0,HEALTHY,0,12.598,12.944,13.013,12.619,2.593,2.657,2.643,2.661,1.2375,1.2434,1.2518,1.2606
CMP-2026-4334,ISRO-TRAIN-LOT-2026,16,125.0,HEALTHY,0,11.392,11.607,11.941,12.366,2.932,2.944,2.913,3.07,1.3008,1.3011,1.3287,1.3339
CMP-2026-4335,ISRO-TRAIN-LOT-2026,4,125.0,HEALTHY,0,9.572,9.748,9.856,9.567,2.674,2.698,2.694,2.711,1.2529,1.2535,1.2582,1.2803
CMP-2026-4336,ISRO-TRAIN-LOT-2026,24,125.0,HEALTHY,0,12.821,13.135,13.562,13.62,2.504,2.581,2.61,2.523,1.2318,1.2369,1.2491,1.2606
CMP-2026-4337,ISRO-TRAIN-LOT-2026,17,125.0,HEALTHY,0,10.07,10.321,10.749,10.53,2.649,2.683,2.728,2.737,1.2074,1.202,1.2173,1.2394
CMP-2026-4338,ISRO-TRAIN-LOT-2026,21,125.0,HEALTHY,0,10.587,10.811,11.15,11.155,2.693,2.695,2.773,2.875,1.2861,1.2861,1.2956,1.313
CMP-2026-4339,ISRO-TRAIN-LOT-2026,12,125.0,HEALTHY,0,10.088,10.233,10.452,10.541,2.856,2.817,2.844,2.985,1.0329,1.0385,1.0311,1.0572
CMP-2026-4340,ISRO-TRAIN-LOT-2026,17,125.0,GROSS_OUTLIER,1,68.768,77.978,87.841,114.998,29.793,32.793,37.793,45.793,2.6274,2.8274,3.2274,3.8274
CMP-2026-4341,ISRO-TRAIN-LOT-2026,20,125.0,HEALTHY,0,9.555,9.84,9.901,10.332,2.491,2.545,2.565,2.672,1.1997,1.1981,1.1994,1.226
CMP-2026-4342,ISRO-TRAIN-LOT-2026,11,125.0,HEALTHY,0,10.497,10.863,11.426,11.43,2.453,2.503,2.532,2.562,1.2571,1.2565,1.2644,1.2805
CMP-2026-4343,ISRO-TRAIN-LOT-2026,16,125.0,LATENT_PAT_OUTLIER,1,38.135,40.178,42.114,44.149,7.614,8.414,9.614,11.414,1.3077,1.3577,1.4377,1.5577
CMP-2026-4344,ISRO-TRAIN-LOT-2026,9,125.0,HEALTHY,0,11.319,11.348,11.417,11.685,1.518,1.567,1.602,1.616,1.2327,1.2437,1.2426,1.241
CMP-2026-4345,ISRO-TRAIN-LOT-2026,20,125.0,HEALTHY,0,11.266,11.325,11.52,11.686,2.318,2.363,2.375,2.445,1.2285,1.2406,1.2333,1.2661
CMP-2026-4346,ISRO-TRAIN-LOT-2026,12,125.0,HEALTHY,0,9.812,10.156,10.3,10.486,2.695,2.743,2.813,2.848,1.3076,1.3102,1.3127,1.3309
CMP-2026-4347,ISRO-TRAIN-LOT-2026,21,125.0,HEALTHY,0,11.437,11.589,11.878,11.637,2.503,2.568,2.574,2.558,1.2748,1.2831,1.2979,1.3059
CMP-2026-4348,ISRO-TRAIN-LOT-2026,1,125.0,HEALTHY,0,8.379,8.685,8.95,8.967,2.193,2.235,2.208,2.296,1.1457,1.1337,1.1566,1.1782
CMP-2026-4349,ISRO-TRAIN-LOT-2026,5,125.0,HEALTHY,0,9.596,9.743,10.049,10.693,2.544,2.544,2.637,2.712,1.1993,1.1977,1.2047,1.2291
CMP-2026-4350,ISRO-TRAIN-LOT-2026,4,125.0,HEALTHY,0,11.365,11.498,11.917,11.799,2.462,2.467,2.63,2.527,1.1934,1.1933,1.1976,1.228
CMP-2026-4351,ISRO-TRAIN-LOT-2026,6,125.0,HEALTHY,0,10.681,10.97,11.167,11.941,2.608,2.658,2.668,2.767,1.1704,1.1729,1.1963,1.1852
CMP-2026-4352,ISRO-TRAIN-LOT-2026,2,125.0,HEALTHY,0,9.666,9.88,10.395,10.809,2.8,2.832,2.834,2.979,1.2335,1.2332,1.2505,1.2673
CMP-2026-4353,ISRO-TRAIN-LOT-2026,19,125.0,LATENT_DRIFT,1,14.501,21.715,55.65,105.305,2.112,2.512,4.612,11.112,1.1569,1.2369,1.4869,2.0369
CMP-2026-4354,ISRO-TRAIN-LOT-2026,22,125.0,HEALTHY,0,10.645,10.896,11.06,11.34,2.608,2.663,2.769,2.744,1.1566,1.1548,1.1742,1.1701
CMP-2026-4355,ISRO-TRAIN-LOT-2026,19,125.0,HEALTHY,0,10.927,11.097,11.692,12.052,2.881,2.894,2.981,2.926,1.1615,1.1578,1.1671,1.1984
CMP-2026-4356,ISRO-TRAIN-LOT-2026,17,125.0,HEALTHY,0,9.017,9.255,9.558,9.77,2.749,2.719,2.823,2.896,1.1432,1.1383,1.1494,1.1868
CMP-2026-4357,ISRO-TRAIN-LOT-2026,19,125.0,HEALTHY,0,11.2,11.424,11.653,11.881,2.962,3.035,3.1,3.166,1.2517,1.2525,1.2659,1.2688
CMP-2026-4358,ISRO-TRAIN-LOT-2026,9,125.0,HEALTHY,0,11.399,11.556,11.65,11.849,2.503,2.5,2.573,2.548,1.1795,1.183,1.1756,1.197
CMP-2026-4359,ISRO-TRAIN-LOT-2026,3,125.0,HEALTHY,0,10.956,11.24,11.241,11.815,2.272,2.356,2.338,2.419,1.0385,1.0428,1.0374,1.0711
CMP-2026-4360,ISRO-TRAIN-LOT-2026,18,125.0,HEALTHY,0,9.987,10.352,10.956,11.014,2.445,2.412,2.534,2.567,1.1308,1.1335,1.1313,1.1697
CMP-2026-4361,ISRO-TRAIN-LOT-2026,6,125.0,HEALTHY,0,11.359,11.498,12.05,12.285,2.264,2.296,2.342,2.319,1.1967,1.2055,1.1997,1.2129
CMP-2026-4362,ISRO-TRAIN-LOT-2026,4,125.0,HEALTHY,0,12.012,12.346,12.229,12.479,3.27,3.297,3.411,3.363,1.3549,1.353,1.3702,1.3832
CMP-2026-4363,ISRO-TRAIN-LOT-2026,15,125.0,HEALTHY,0,9.667,9.759,9.904,9.866,2.605,2.627,2.678,2.605,1.1721,1.1797,1.1891,1.2087
CMP-2026-4364,ISRO-TRAIN-LOT-2026,10,125.0,HEALTHY,0,12.256,12.444,12.637,12.565,2.475,2.53,2.578,2.559,1.178,1.1813,1.2084,1.2111
CMP-2026-4365,ISRO-TRAIN-LOT-2026,14,125.0,HEALTHY,0,9.964,10.095,10.396,10.445,2.619,2.653,2.676,2.659,1.1868,1.1883,1.2042,1.2205
CMP-2026-4366,ISRO-TRAIN-LOT-2026,12,125.0,HEALTHY,0,10.881,11.043,11.423,11.903,3.274,3.298,3.376,3.463,1.096,1.097,1.1114,1.1328
CMP-2026-4367,ISRO-TRAIN-LOT-2026,19,125.0,HEALTHY,0,12.557,12.757,13.068,12.927,2.904,2.892,2.889,2.948,1.3007,1.3074,1.3155,1.3206
CMP-2026-4368,ISRO-TRAIN-LOT-2026,4,125.0,HEALTHY,0,9.4,9.574,9.746,10.146,2.256,2.282,2.332,2.385,1.2647,1.2799,1.2773,1.297
CMP-2026-4369,ISRO-TRAIN-LOT-2026,2,125.0,HEALTHY,0,9.386,9.491,9.61,9.536,1.552,1.576,1.577,1.651,1.1858,1.1941,1.177,1.2137
CMP-2026-4370,ISRO-TRAIN-LOT-2026,14,125.0,HEALTHY,0,10.007,10.289,10.563,10.413,2.588,2.652,2.627,2.758,1.2103,1.209,1.202,1.2403
CMP-2026-4371,ISRO-TRAIN-LOT-2026,9,125.0,HEALTHY,0,11.217,11.348,11.371,11.476,2.262,2.32,2.342,2.439,1.2129,1.212,1.2221,1.2453
CMP-2026-4372,ISRO-TRAIN-LOT-2026,7,125.0,HEALTHY,0,9.816,9.999,10.255,10.816,2.36,2.402,2.421,2.499,1.1175,1.1172,1.1301,1.1394
CMP-2026-4373,ISRO-TRAIN-LOT-2026,10,125.0,HEALTHY,0,11.746,12.03,12.187,12.628,2.594,2.621,2.652,2.709,1.1729,1.1667,1.1797,1.19
CMP-2026-4374,ISRO-TRAIN-LOT-2026,9,125.0,HEALTHY,0,10.026,10.139,10.399,10.498,2.671,2.691,2.765,2.766,1.1597,1.1679,1.1728,1.1966
CMP-2026-4375,ISRO-TRAIN-LOT-2026,24,125.0,HEALTHY,0,13.199,13.52,13.778,13.844,1.968,1.955,1.988,2.059,1.1973,1.1949,1.2073,1.2359
CMP-2026-4376,ISRO-TRAIN-LOT-2026,10,125.0,HEALTHY,0,9.663,9.725,10.153,10.14,2.76,2.831,2.845,2.805,1.1648,1.1733,1.1838,1.1876
CMP-2026-4377,ISRO-TRAIN-LOT-2026,24,125.0,HEALTHY,0,11.231,11.398,11.677,11.915,2.695,2.716,2.733,2.784,1.3554,1.3524,1.3731,1.3913
CMP-2026-4378,ISRO-TRAIN-LOT-2026,9,125.0,HEALTHY,0,12.133,12.34,12.504,12.326,2.297,2.345,2.387,2.444,1.0937,1.0928,1.0894,1.1279
CMP-2026-4379,ISRO-TRAIN-LOT-2026,19,125.0,HEALTHY,0,9.67,9.952,10.063,10.14,2.682,2.713,2.767,2.75,1.2217,1.2185,1.2269,1.251
CMP-2026-4380,ISRO-TRAIN-LOT-2026,15,125.0,HEALTHY,0,10.422,10.642,10.686,10.675,2.269,2.322,2.337,2.359,1.1548,1.1517,1.1681,1.1792
CMP-2026-4381,ISRO-TRAIN-LOT-2026,11,125.0,HEALTHY,0,9.996,10.208,10.717,10.385,2.828,2.845,2.896,2.911,1.156,1.164,1.1685,1.2017
CMP-2026-4382,ISRO-TRAIN-LOT-2026,3,125.0,HEALTHY,0,11.236,11.412,11.489,11.975,2.34,2.392,2.389,2.462,1.221,1.2241,1.2295,1.2342
CMP-2026-4383,ISRO-TRAIN-LOT-2026,23,125.0,HEALTHY,0,10.374,10.458,10.784,11.188,2.374,2.401,2.505,2.513,1.2893,1.2941,1.3116,1.3074
CMP-2026-4384,ISRO-TRAIN-LOT-2026,8,125.0,HEALTHY,0,10.186,10.442,10.981,11.252,2.715,2.752,2.808,2.768,1.0846,1.0918,1.0924,1.1125
CMP-2026-4385,ISRO-TRAIN-LOT-2026,5,125.0,HEALTHY,0,10.582,10.849,11.444,11.455,2.364,2.4,2.445,2.503,1.261,1.2638,1.2629,1.3012
CMP-2026-4386,ISRO-TRAIN-LOT-2026,5,125.0,HEALTHY,0,10.225,10.34,10.559,11.036,2.61,2.601,2.615,2.739,1.2354,1.2353,1.2441,1.2581
CMP-2026-4387,ISRO-TRAIN-LOT-2026,20,125.0,HEALTHY,0,12.195,12.373,12.443,12.787,2.068,2.104,2.019,2.117,1.2297,1.2263,1.2334,1.2839
CMP-2026-4388,ISRO-TRAIN-LOT-2026,5,125.0,HEALTHY,0,8.933,9.392,9.716,9.451,2.513,2.585,2.543,2.67,1.1656,1.167,1.1644,1.2136
CMP-2026-4389,ISRO-TRAIN-LOT-2026,19,125.0,HEALTHY,0,9.847,10.017,10.144,10.283,2.248,2.308,2.341,2.401,1.1423,1.1386,1.1538,1.1665
CMP-2026-4390,ISRO-TRAIN-LOT-2026,7,125.0,HEALTHY,0,10.942,11.165,11.179,11.381,2.428,2.463,2.497,2.55,1.2432,1.2469,1.264,1.2755
CMP-2026-4391,ISRO-TRAIN-LOT-2026,3,125.0,HEALTHY,0,8.631,8.913,9.072,9.585,2.584,2.576,2.703,2.747,1.0918,1.0921,1.1031,1.1279
CMP-2026-4392,ISRO-TRAIN-LOT-2026,11,125.0,HEALTHY,0,11.74,12.0,12.209,12.309,2.383,2.408,2.438,2.456,1.2617,1.2695,1.2789,1.2896
CMP-2026-4393,ISRO-TRAIN-LOT-2026,6,125.0,HEALTHY,0,9.369,9.413,9.523,9.844,2.296,2.326,2.49,2.443,1.1847,1.1917,1.1967,1.2137
CMP-2026-4394,ISRO-TRAIN-LOT-2026,12,125.0,HEALTHY,0,9.388,9.625,10.012,10.131,1.983,2.022,2.048,2.142,1.118,1.1195,1.1279,1.1355
CMP-2026-4395,ISRO-TRAIN-LOT-2026,4,125.0,HEALTHY,0,10.964,11.295,11.52,10.856,2.589,2.623,2.594,2.675,1.2327,1.2318,1.2245,1.2592
CMP-2026-4396,ISRO-TRAIN-LOT-2026,6,125.0,HEALTHY,0,9.102,9.375,9.958,9.845,2.014,2.031,2.079,2.019,1.0579,1.0575,1.0763,1.0889
CMP-2026-4397,ISRO-TRAIN-LOT-2026,13,125.0,LATENT_PAT_OUTLIER,1,38.681,39.864,42.475,45.572,6.489,7.289,8.489,10.289,1.7266,1.7766,1.8566,1.9766
CMP-2026-4398,ISRO-TRAIN-LOT-2026,2,125.0,LATENT_DRIFT,1,9.86,15.454,39.926,77.777,2.437,2.837,4.937,11.437,1.0945,1.1745,1.4245,1.9745
CMP-2026-4399,ISRO-TRAIN-LOT-2026,16,125.0,HEALTHY,0,12.739,13.143,13.332,13.348,2.514,2.56,2.577,2.662,1.1091,1.1113,1.1139,1.1436
CMP-2026-4400,ISRO-TRAIN-LOT-2026,6,125.0,HEALTHY,0,10.0,10.226,10.302,10.54,2.028,2.074,2.077,2.091,1.2092,1.219,1.2205,1.2219
CMP-2026-4401,ISRO-TRAIN-LOT-2026,20,125.0,HEALTHY,0,11.756,11.953,12.434,12.157,3.191,3.208,3.214,3.143,1.2633,1.254,1.2716,1.2871
CMP-2026-4402,ISRO-TRAIN-LOT-2026,24,125.0,HEALTHY,0,10.533,10.7,11.112,11.163,2.506,2.533,2.556,2.5,1.3423,1.3547,1.3505,1.3644
CMP-2026-4403,ISRO-TRAIN-LOT-2026,13,125.0,HEALTHY,0,7.95,8.267,8.708,8.733,2.325,2.286,2.387,2.431,1.2024,1.2067,1.2107,1.2314
CMP-2026-4404,ISRO-TRAIN-LOT-2026,12,125.0,HEALTHY,0,12.638,12.737,12.941,12.645,3.361,3.374,3.414,3.55,1.2653,1.2729,1.2716,1.3034
CMP-2026-4405,ISRO-TRAIN-LOT-2026,10,125.0,HEALTHY,0,11.654,11.832,12.584,12.613,2.277,2.286,2.329,2.475,1.1346,1.1296,1.1348,1.1626
CMP-2026-4406,ISRO-TRAIN-LOT-2026,22,125.0,HEALTHY,0,10.884,11.067,11.522,11.751,2.949,2.979,3.027,3.039,1.178,1.1665,1.1842,1.2055
CMP-2026-4407,ISRO-TRAIN-LOT-2026,19,125.0,HEALTHY,0,8.967,9.225,9.442,9.417,2.28,2.322,2.355,2.428,1.0525,1.0576,1.0616,1.081
CMP-2026-4408,ISRO-TRAIN-LOT-2026,16,125.0,HEALTHY,0,12.69,12.968,13.246,13.141,2.496,2.528,2.566,2.679,1.1174,1.1205,1.1263,1.1645
CMP-2026-4409,ISRO-TRAIN-LOT-2026,4,125.0,HEALTHY,0,8.731,9.162,9.397,9.569,2.267,2.289,2.364,2.384,1.2024,1.2007,1.2123,1.2181
CMP-2026-4410,ISRO-TRAIN-LOT-2026,17,125.0,HEALTHY,0,11.664,12.155,12.701,12.689,2.399,2.462,2.475,2.572,1.1939,1.2034,1.215,1.2169
CMP-2026-4411,ISRO-TRAIN-LOT-2026,18,125.0,HEALTHY,0,9.606,9.914,10.44,10.782,2.282,2.328,2.296,2.475,1.0849,1.0831,1.0971,1.1119
CMP-2026-4412,ISRO-TRAIN-LOT-2026,24,125.0,HEALTHY,0,9.479,9.73,10.256,10.171,2.432,2.414,2.545,2.407,1.206,1.2079,1.2165,1.2375
CMP-2026-4413,ISRO-TRAIN-LOT-2026,8,125.0,HEALTHY,0,11.662,11.937,12.447,12.255,2.427,2.449,2.474,2.473,1.2728,1.2778,1.2804,1.2897
CMP-2026-4414,ISRO-TRAIN-LOT-2026,17,125.0,HEALTHY,0,11.346,11.568,11.95,12.214,2.477,2.505,2.52,2.5,1.2201,1.2128,1.2305,1.2567
CMP-2026-4415,ISRO-TRAIN-LOT-2026,8,125.0,HEALTHY,0,11.608,11.869,12.41,12.857,2.276,2.325,2.451,2.322,1.1844,1.1863,1.1982,1.2252
CMP-2026-4416,ISRO-TRAIN-LOT-2026,6,125.0,HEALTHY,0,11.098,11.334,11.824,12.378,2.409,2.437,2.495,2.538,1.2376,1.2381,1.2501,1.2916
CMP-2026-4417,ISRO-TRAIN-LOT-2026,9,125.0,HEALTHY,0,9.906,10.179,10.47,11.188,2.609,2.659,2.708,2.786,1.2249,1.2317,1.2481,1.2642
CMP-2026-4418,ISRO-TRAIN-LOT-2026,8,125.0,HEALTHY,0,11.659,12.062,12.037,12.921,2.537,2.548,2.61,2.653,1.1633,1.1652,1.1689,1.2028
CMP-2026-4419,ISRO-TRAIN-LOT-2026,19,125.0,HEALTHY,0,11.78,12.062,12.378,11.904,1.938,1.947,1.974,2.023,1.2224,1.2238,1.2358,1.2484
CMP-2026-4420,ISRO-TRAIN-LOT-2026,21,125.0,HEALTHY,0,8.158,8.275,8.167,8.753,2.241,2.296,2.273,2.378,1.2073,1.2121,1.2184,1.2305
CMP-2026-4421,ISRO-TRAIN-LOT-2026,24,125.0,HEALTHY,0,11.282,11.642,11.858,12.336,2.894,2.933,2.92,2.964,1.0766,1.0755,1.0842,1.1066
CMP-2026-4422,ISRO-TRAIN-LOT-2026,16,125.0,HEALTHY,0,11.619,11.916,12.3,12.532,2.088,2.136,2.209,2.166,1.286,1.2834,1.2977,1.3306
CMP-2026-4423,ISRO-TRAIN-LOT-2026,1,125.0,LATENT_PAT_OUTLIER,1,38.105,40.225,43.193,45.758,5.885,6.685,7.885,9.685,1.6354,1.6854,1.7654,1.8854
CMP-2026-4424,ISRO-TRAIN-LOT-2026,12,125.0,HEALTHY,0,10.212,10.346,10.599,10.646,2.207,2.228,2.203,2.31,1.1059,1.1113,1.1193,1.1491
CMP-2026-4425,ISRO-TRAIN-LOT-2026,8,125.0,LATENT_PAT_OUTLIER,1,43.402,45.509,48.878,53.341,7.113,7.913,9.113,10.913,1.4519,1.5019,1.5819,1.7019
CMP-2026-4426,ISRO-TRAIN-LOT-2026,5,125.0,HEALTHY,0,10.832,11.275,11.328,11.574,2.978,3.016,3.077,3.032,1.1701,1.1701,1.1947,1.1945
CMP-2026-4427,ISRO-TRAIN-LOT-2026,7,125.0,HEALTHY,0,10.631,10.702,11.043,10.843,2.173,2.203,2.21,2.291,1.1633,1.1679,1.1858,1.1779
CMP-2026-4428,ISRO-TRAIN-LOT-2026,12,125.0,HEALTHY,0,9.816,10.076,9.784,10.438,2.305,2.351,2.385,2.392,1.1868,1.1906,1.2009,1.2108
CMP-2026-4429,ISRO-TRAIN-LOT-2026,18,125.0,HEALTHY,0,9.52,9.522,9.753,9.767,2.505,2.478,2.59,2.613,1.3064,1.3107,1.3321,1.3213
CMP-2026-4430,ISRO-TRAIN-LOT-2026,9,125.0,HEALTHY,0,10.388,10.889,10.983,10.734,2.376,2.385,2.497,2.513,1.1797,1.183,1.1847,1.2135
CMP-2026-4431,ISRO-TRAIN-LOT-2026,5,125.0,HEALTHY,0,10.973,11.063,11.434,11.13,2.502,2.563,2.523,2.706,1.1107,1.1038,1.1178,1.1453
CMP-2026-4432,ISRO-TRAIN-LOT-2026,4,125.0,HEALTHY,0,10.768,11.245,11.484,11.535,2.681,2.721,2.767,2.79,1.1693,1.1717,1.1793,1.2037
CMP-2026-4433,ISRO-TRAIN-LOT-2026,22,125.0,HEALTHY,0,10.647,10.98,11.234,11.635,2.789,2.814,2.921,2.868,1.2708,1.2792,1.2898,1.3029
CMP-2026-4434,ISRO-TRAIN-LOT-2026,7,125.0,HEALTHY,0,9.776,10.086,10.734,10.827,2.51,2.569,2.638,2.642,1.2652,1.2711,1.2681,1.284
CMP-2026-4435,ISRO-TRAIN-LOT-2026,23,125.0,HEALTHY,0,11.255,11.464,11.818,11.951,2.551,2.565,2.634,2.795,1.0148,1.0098,1.0314,1.0683
CMP-2026-4436,ISRO-TRAIN-LOT-2026,21,125.0,HEALTHY,0,9.27,9.402,9.55,9.705,1.772,1.818,1.838,1.8,1.1571,1.1565,1.1615,1.189
CMP-2026-4437,ISRO-TRAIN-LOT-2026,14,125.0,HEALTHY,0,10.554,10.752,11.336,11.305,2.672,2.702,2.78,2.753,1.3713,1.3711,1.403,1.4131
CMP-2026-4438,ISRO-TRAIN-LOT-2026,6,125.0,HEALTHY,0,9.792,10.044,10.231,10.361,2.493,2.496,2.587,2.589,1.338,1.337,1.3422,1.3583
CMP-2026-4439,ISRO-TRAIN-LOT-2026,18,125.0,HEALTHY,0,9.752,9.928,10.132,10.439,2.44,2.439,2.515,2.503,1.3674,1.3648,1.3662,1.4004
CMP-2026-4440,ISRO-TRAIN-LOT-2026,1,125.0,HEALTHY,0,10.14,10.479,10.5,10.456,2.946,3.001,3.052,3.062,1.2066,1.2143,1.2255,1.2361
CMP-2026-4441,ISRO-TRAIN-LOT-2026,6,125.0,HEALTHY,0,10.754,11.102,10.91,10.976,2.21,2.218,2.318,2.318,1.1732,1.1787,1.1845,1.2054
CMP-2026-4442,ISRO-TRAIN-LOT-2026,25,125.0,HEALTHY,0,9.181,9.504,9.955,10.356,2.788,2.814,2.846,2.8,1.2729,1.2699,1.2853,1.2855
CMP-2026-4443,ISRO-TRAIN-LOT-2026,20,125.0,HEALTHY,0,9.909,10.251,10.55,10.803,2.666,2.687,2.772,2.816,1.2533,1.2444,1.2627,1.2978
CMP-2026-4444,ISRO-TRAIN-LOT-2026,17,125.0,HEALTHY,0,11.167,11.62,11.91,12.52,2.232,2.26,2.345,2.365,1.2705,1.2827,1.2821,1.3081
CMP-2026-4445,ISRO-TRAIN-LOT-2026,18,125.0,HEALTHY,0,7.896,8.037,8.409,8.775,2.261,2.316,2.33,2.335,1.3035,1.3003,1.3049,1.3526
CMP-2026-4446,ISRO-TRAIN-LOT-2026,25,125.0,HEALTHY,0,10.144,10.362,10.493,10.676,1.945,1.964,2.023,1.986,1.1237,1.1292,1.1282,1.1489
CMP-2026-4447,ISRO-TRAIN-LOT-2026,18,125.0,HEALTHY,0,10.814,11.097,11.173,11.465,2.719,2.723,2.716,2.876,1.111,1.11,1.1035,1.1344
CMP-2026-4448,ISRO-TRAIN-LOT-2026,25,125.0,HEALTHY,0,11.355,11.828,11.913,12.335,2.717,2.731,2.809,2.85,1.1987,1.2063,1.2159,1.2255
CMP-2026-4449,ISRO-TRAIN-LOT-2026,21,125.0,HEALTHY,0,9.474,9.607,10.22,10.072,1.995,2.025,2.127,2.037,1.3489,1.3491,1.3585,1.3936
CMP-2026-4450,ISRO-TRAIN-LOT-2026,12,125.0,LATENT_PAT_OUTLIER,1,38.593,40.774,44.052,47.372,8.58,9.38,10.58,12.38,1.4407,1.4907,1.5707,1.6907
CMP-2026-4451,ISRO-TRAIN-LOT-2026,18,125.0,HEALTHY,0,11.211,11.385,11.744,11.831,2.24,2.28,2.302,2.33,1.0712,1.0727,1.0832,1.0857
CMP-2026-4452,ISRO-TRAIN-LOT-2026,17,125.0,HEALTHY,0,9.307,9.519,9.978,9.86,2.674,2.753,2.742,2.838,1.2275,1.2291,1.2471,1.2571
CMP-2026-4453,ISRO-TRAIN-LOT-2026,10,125.0,HEALTHY,0,9.15,9.318,9.857,9.889,2.635,2.669,2.703,2.799,1.2243,1.2271,1.2563,1.2428
CMP-2026-4454,ISRO-TRAIN-LOT-2026,2,125.0,HEALTHY,0,10.284,10.328,10.535,10.84,1.803,1.854,1.843,1.901,1.135,1.1388,1.1584,1.1574
CMP-2026-4455,ISRO-TRAIN-LOT-2026,23,125.0,HEALTHY,0,12.189,12.332,13.094,12.777,2.744,2.826,2.894,2.808,1.2424,1.2392,1.2458,1.2653
CMP-2026-4456,ISRO-TRAIN-LOT-2026,15,125.0,HEALTHY,0,11.294,11.418,11.864,11.795,2.625,2.666,2.681,2.719,1.1827,1.1764,1.2069,1.2052
CMP-2026-4457,ISRO-TRAIN-LOT-2026,21,125.0,HEALTHY,0,9.684,9.853,10.092,9.998,2.124,2.2,2.193,2.262,1.2111,1.2192,1.2342,1.2466
CMP-2026-4458,ISRO-TRAIN-LOT-2026,2,125.0,HEALTHY,0,10.114,10.205,10.808,10.581,2.689,2.725,2.809,2.887,1.1627,1.1626,1.1584,1.2013
CMP-2026-4459,ISRO-TRAIN-LOT-2026,17,125.0,HEALTHY,0,12.884,13.267,13.247,13.725,2.95,3.016,3.058,3.041,1.2441,1.2412,1.2527,1.2637
CMP-2026-4460,ISRO-TRAIN-LOT-2026,11,125.0,HEALTHY,0,12.297,12.674,13.098,12.813,2.016,2.016,2.192,2.195,1.1453,1.1487,1.16,1.1727
CMP-2026-4461,ISRO-TRAIN-LOT-2026,24,125.0,HEALTHY,0,11.879,12.021,12.203,12.54,2.396,2.428,2.555,2.459,1.1011,1.1011,1.1138,1.1389
CMP-2026-4462,ISRO-TRAIN-LOT-2026,17,125.0,HEALTHY,0,9.66,9.936,10.402,10.253,2.08,2.136,2.184,2.167,1.2715,1.2663,1.2963,1.3054
CMP-2026-4463,ISRO-TRAIN-LOT-2026,5,125.0,HEALTHY,0,9.994,10.314,10.59,10.981,1.989,1.998,2.078,2.153,1.2103,1.2066,1.2196,1.2399
CMP-2026-4464,ISRO-TRAIN-LOT-2026,5,125.0,HEALTHY,0,10.865,11.243,11.502,11.456,2.852,2.852,2.878,2.867,1.2543,1.2598,1.2665,1.2995
CMP-2026-4465,ISRO-TRAIN-LOT-2026,9,125.0,HEALTHY,0,9.931,10.075,10.172,9.881,2.226,2.21,2.302,2.347,1.3251,1.3259,1.3322,1.3451
CMP-2026-4466,ISRO-TRAIN-LOT-2026,3,125.0,HEALTHY,0,8.126,8.494,8.775,8.786,2.444,2.485,2.567,2.559,1.2598,1.2614,1.2612,1.2984
CMP-2026-4467,ISRO-TRAIN-LOT-2026,9,125.0,HEALTHY,0,10.875,10.94,11.162,11.525,2.665,2.682,2.721,2.622,1.1771,1.1705,1.1897,1.2076
CMP-2026-4468,ISRO-TRAIN-LOT-2026,4,125.0,HEALTHY,0,10.541,10.864,11.264,11.198,2.658,2.689,2.751,2.634,1.2214,1.2272,1.2417,1.2325
CMP-2026-4469,ISRO-TRAIN-LOT-2026,21,125.0,LATENT_PAT_OUTLIER,1,37.389,39.266,41.162,43.262,5.675,6.475,7.675,9.475,1.7168,1.7668,1.8468,1.9668
CMP-2026-4470,ISRO-TRAIN-LOT-2026,21,125.0,HEALTHY,0,11.237,11.744,12.021,12.169,2.19,2.243,2.218,2.296,1.0884,1.0934,1.0833,1.1185
CMP-2026-4471,ISRO-TRAIN-LOT-2026,15,125.0,HEALTHY,0,9.234,9.632,10.096,10.335,2.735,2.717,2.806,2.869,1.1599,1.1567,1.1773,1.1953
CMP-2026-4472,ISRO-TRAIN-LOT-2026,5,125.0,HEALTHY,0,10.457,10.734,11.309,11.414,2.548,2.634,2.586,2.667,1.1343,1.1347,1.1537,1.1632
CMP-2026-4473,ISRO-TRAIN-LOT-2026,6,125.0,GROSS_OUTLIER,1,61.606,64.836,72.725,92.436,27.238,30.238,35.238,43.238,3.2496,3.4496,3.8496,4.4496
CMP-2026-4474,ISRO-TRAIN-LOT-2026,19,125.0,HEALTHY,0,11.502,11.587,11.618,11.687,2.318,2.379,2.443,2.391,1.1838,1.1887,1.204,1.2138
CMP-2026-4475,ISRO-TRAIN-LOT-2026,25,125.0,HEALTHY,0,10.597,10.72,11.471,11.557,2.603,2.608,2.659,2.687,1.1277,1.1349,1.1476,1.1651
CMP-2026-4476,ISRO-TRAIN-LOT-2026,17,125.0,HEALTHY,0,9.539,9.644,10.161,9.665,2.444,2.525,2.479,2.541,1.2242,1.2345,1.2353,1.2532
CMP-2026-4477,ISRO-TRAIN-LOT-2026,4,125.0,HEALTHY,0,8.855,8.966,9.65,9.443,2.472,2.556,2.599,2.619,1.2869,1.2954,1.2884,1.3253
CMP-2026-4478,ISRO-TRAIN-LOT-2026,16,125.0,HEALTHY,0,10.247,10.411,10.836,10.902,2.68,2.668,2.73,2.763,1.1549,1.156,1.183,1.1788
CMP-2026-4479,ISRO-TRAIN-LOT-2026,9,125.0,GROSS_OUTLIER,1,68.527,73.681,87.207,113.503,22.87,25.87,30.87,38.87,3.9701,4.1701,4.5701,5.1701
CMP-2026-4480,ISRO-TRAIN-LOT-2026,21,125.0,HEALTHY,0,10.594,10.981,10.928,11.005,2.523,2.592,2.584,2.708,1.2044,1.2079,1.2135,1.2233
CMP-2026-4481,ISRO-TRAIN-LOT-2026,24,125.0,HEALTHY,0,12.193,12.57,12.882,13.184,2.164,2.258,2.222,2.348,1.3845,1.3867,1.4105,1.4178
CMP-2026-4482,ISRO-TRAIN-LOT-2026,6,125.0,HEALTHY,0,6.903,7.222,7.668,8.17,2.307,2.42,2.411,2.361,1.1258,1.1324,1.1365,1.1447
CMP-2026-4483,ISRO-TRAIN-LOT-2026,8,125.0,HEALTHY,0,9.69,9.796,10.161,10.1,2.036,2.096,2.114,2.104,1.0998,1.1024,1.1139,1.1333
CMP-2026-4484,ISRO-TRAIN-LOT-2026,8,125.0,HEALTHY,0,9.61,9.925,10.4,10.166,2.608,2.575,2.629,2.655,1.1467,1.143,1.1582,1.174
CMP-2026-4485,ISRO-TRAIN-LOT-2026,3,125.0,HEALTHY,0,10.598,10.869,11.158,11.117,3.099,3.156,3.169,3.117,1.0927,1.1055,1.1024,1.1383
CMP-2026-4486,ISRO-TRAIN-LOT-2026,16,125.0,HEALTHY,0,10.143,10.348,10.39,10.623,2.79,2.874,2.818,2.883,1.1781,1.1773,1.2064,1.2207
CMP-2026-4487,ISRO-TRAIN-LOT-2026,11,125.0,HEALTHY,0,8.649,8.785,8.892,9.434,2.562,2.578,2.684,2.653,1.1384,1.1391,1.1663,1.169
CMP-2026-4488,ISRO-TRAIN-LOT-2026,5,125.0,HEALTHY,0,9.773,9.833,10.219,10.241,2.728,2.762,2.788,2.854,1.3522,1.3458,1.3643,1.3921
CMP-2026-4489,ISRO-TRAIN-LOT-2026,22,125.0,HEALTHY,0,9.631,9.912,10.379,10.283,2.19,2.229,2.202,2.228,1.2414,1.2478,1.2431,1.2704
CMP-2026-4490,ISRO-TRAIN-LOT-2026,8,125.0,HEALTHY,0,8.714,8.935,9.143,9.379,2.179,2.168,2.305,2.292,1.1861,1.1849,1.202,1.2216
CMP-2026-4491,ISRO-TRAIN-LOT-2026,7,125.0,LATENT_PAT_OUTLIER,1,44.801,45.913,48.023,51.335,7.227,8.027,9.227,11.027,1.6485,1.6985,1.7785,1.8985
CMP-2026-4492,ISRO-TRAIN-LOT-2026,24,125.0,HEALTHY,0,12.194,12.606,12.93,13.319,2.793,2.782,2.919,2.889,1.1327,1.1347,1.1519,1.164
CMP-2026-4493,ISRO-TRAIN-LOT-2026,14,125.0,HEALTHY,0,11.668,11.864,12.4,12.208,2.888,2.879,2.987,3.03,1.2116,1.2084,1.2255,1.2534
CMP-2026-4494,ISRO-TRAIN-LOT-2026,23,125.0,HEALTHY,0,11.574,11.8,12.402,12.307,2.207,2.215,2.346,2.23,1.0438,1.0435,1.0636,1.0667
CMP-2026-4495,ISRO-TRAIN-LOT-2026,18,125.0,HEALTHY,0,12.286,12.422,12.803,12.608,2.574,2.615,2.621,2.688,1.2188,1.2207,1.2363,1.2428
CMP-2026-4496,ISRO-TRAIN-LOT-2026,13,125.0,HEALTHY,0,11.437,11.663,12.083,12.439,2.235,2.275,2.327,2.34,1.3647,1.3757,1.3807,1.4043
CMP-2026-4497,ISRO-TRAIN-LOT-2026,7,125.0,HEALTHY,0,9.974,9.934,10.306,10.326,2.47,2.485,2.606,2.59,1.331,1.3304,1.3314,1.3576
CMP-2026-4498,ISRO-TRAIN-LOT-2026,16,125.0,HEALTHY,0,12.182,12.506,12.814,12.593,2.967,2.975,3.083,3.112,1.1098,1.1042,1.1262,1.1367
CMP-2026-4499,ISRO-TRAIN-LOT-2026,1,125.0,HEALTHY,0,10.235,10.29,10.5,10.824,2.871,2.966,2.983,2.976,1.2383,1.2407,1.2469,1.2551
CMP-2026-4500,ISRO-TRAIN-LOT-2026,19,125.0,HEALTHY,0,9.094,9.31,9.625,9.496,2.726,2.739,2.813,2.801,1.2989,1.2973,1.3052,1.3278
CMP-2026-4501,ISRO-TRAIN-LOT-2026,4,125.0,HEALTHY,0,10.186,10.436,10.397,10.975,2.759,2.728,2.899,2.812,1.1106,1.1071,1.1161,1.1559
CMP-2026-4502,ISRO-TRAIN-LOT-2026,4,125.0,HEALTHY,0,9.92,10.045,10.353,10.055,2.413,2.522,2.545,2.531,1.3053,1.303,1.3116,1.346
CMP-2026-4503,ISRO-TRAIN-LOT-2026,10,125.0,HEALTHY,0,11.31,11.641,11.675,11.785,2.151,2.089,2.225,2.233,1.08,1.0798,1.091,1.1298
CMP-2026-4504,ISRO-TRAIN-LOT-2026,21,125.0,HEALTHY,0,8.056,8.405,8.565,8.882,2.713,2.746,2.783,2.818,1.2502,1.2427,1.2759,1.2715
CMP-2026-4505,ISRO-TRAIN-LOT-2026,14,125.0,HEALTHY,0,11.433,11.524,11.904,11.268,2.912,2.97,2.992,3.002,1.2986,1.2978,1.3032,1.3448
CMP-2026-4506,ISRO-TRAIN-LOT-2026,22,125.0,HEALTHY,0,12.919,13.271,13.723,13.962,2.614,2.62,2.7,2.781,1.0305,1.0305,1.0405,1.0622
CMP-2026-4507,ISRO-TRAIN-LOT-2026,3,125.0,HEALTHY,0,8.712,9.028,9.166,9.726,2.623,2.603,2.739,2.712,1.2178,1.2233,1.2268,1.2545
CMP-2026-4508,ISRO-TRAIN-LOT-2026,20,125.0,HEALTHY,0,11.088,11.3,11.894,12.592,2.349,2.333,2.452,2.467,1.1776,1.1771,1.198,1.1979
CMP-2026-4509,ISRO-TRAIN-LOT-2026,14,125.0,GROSS_OUTLIER,1,67.348,70.946,84.782,97.349,18.915,21.915,26.915,34.915,2.7571,2.9571,3.3571,3.9571
CMP-2026-4510,ISRO-TRAIN-LOT-2026,12,125.0,HEALTHY,0,11.297,11.613,11.884,12.113,2.575,2.63,2.702,2.664,1.2242,1.2244,1.2299,1.2474
CMP-2026-4511,ISRO-TRAIN-LOT-2026,1,125.0,HEALTHY,0,11.165,11.131,11.672,12.212,2.203,2.283,2.316,2.273,1.2417,1.2422,1.2549,1.257
CMP-2026-4512,ISRO-TRAIN-LOT-2026,7,125.0,LATENT_DRIFT,1,10.96,17.444,46.373,88.773,2.486,2.886,4.986,11.486,1.2358,1.3158,1.5658,2.1158
CMP-2026-4513,ISRO-TRAIN-LOT-2026,2,125.0,HEALTHY,0,10.818,11.181,11.494,11.591,2.458,2.541,2.523,2.508,1.2224,1.2193,1.2338,1.2652
CMP-2026-4514,ISRO-TRAIN-LOT-2026,18,125.0,HEALTHY,0,9.634,9.669,10.184,10.374,2.31,2.284,2.43,2.508,1.2413,1.2364,1.2473,1.2586
CMP-2026-4515,ISRO-TRAIN-LOT-2026,22,125.0,HEALTHY,0,11.444,11.568,12.047,11.875,2.519,2.476,2.629,2.557,1.2926,1.2953,1.3129,1.3168
CMP-2026-4516,ISRO-TRAIN-LOT-2026,1,125.0,LATENT_PAT_OUTLIER,1,43.946,46.344,48.851,50.857,9.493,10.293,11.493,13.293,1.583,1.633,1.713,1.833
CMP-2026-4517,ISRO-TRAIN-LOT-2026,2,125.0,HEALTHY,0,11.459,11.621,11.929,11.991,2.495,2.531,2.605,2.545,1.3267,1.325,1.3526,1.3549
CMP-2026-4518,ISRO-TRAIN-LOT-2026,10,125.0,HEALTHY,0,8.69,9.036,9.339,9.156,2.1,2.179,2.187,2.205,1.2086,1.2117,1.2182,1.2327
CMP-2026-4519,ISRO-TRAIN-LOT-2026,7,125.0,HEALTHY,0,9.026,9.288,9.669,9.739,2.225,2.281,2.204,2.307,1.2573,1.2575,1.263,1.2786
CMP-2026-4520,ISRO-TRAIN-LOT-2026,16,125.0,HEALTHY,0,11.808,11.988,12.255,12.479,2.268,2.295,2.361,2.309,1.1439,1.1499,1.1568,1.1586
CMP-2026-4521,ISRO-TRAIN-LOT-2026,2,125.0,HEALTHY,0,10.053,10.405,10.971,11.065,2.639,2.689,2.72,2.678,1.2821,1.2814,1.2838,1.3048
CMP-2026-4522,ISRO-TRAIN-LOT-2026,7,125.0,HEALTHY,0,11.052,11.257,11.834,11.59,2.353,2.402,2.423,2.466,1.1798,1.1773,1.1926,1.204
CMP-2026-4523,ISRO-TRAIN-LOT-2026,15,125.0,HEALTHY,0,7.979,8.079,8.116,8.418,2.841,2.902,2.827,2.903,1.0915,1.0859,1.1051,1.1137
CMP-2026-4524,ISRO-TRAIN-LOT-2026,12,125.0,HEALTHY,0,10.383,10.661,11.027,11.381,2.687,2.694,2.753,2.849,1.1742,1.1773,1.1958,1.2147
CMP-2026-4525,ISRO-TRAIN-LOT-2026,25,125.0,HEALTHY,0,11.742,11.863,12.199,12.793,2.712,2.687,2.829,2.806,1.1937,1.1815,1.1988,1.2387
CMP-2026-4526,ISRO-TRAIN-LOT-2026,19,125.0,HEALTHY,0,10.963,11.017,11.262,11.65,2.485,2.532,2.523,2.557,1.0628,1.0555,1.0803,1.0798
CMP-2026-4527,ISRO-TRAIN-LOT-2026,23,125.0,HEALTHY,0,12.335,12.584,13.028,13.095,2.322,2.345,2.486,2.357,1.0581,1.0604,1.0759,1.0771
CMP-2026-4528,ISRO-TRAIN-LOT-2026,9,125.0,HEALTHY,0,11.478,11.56,11.843,12.386,2.136,2.157,2.183,2.26,1.1603,1.1576,1.1646,1.2076
CMP-2026-4529,ISRO-TRAIN-LOT-2026,11,125.0,HEALTHY,0,11.038,11.206,11.588,12.015,2.304,2.333,2.393,2.414,1.2495,1.246,1.2657,1.2535
CMP-2026-4530,ISRO-TRAIN-LOT-2026,23,125.0,HEALTHY,0,11.543,11.715,11.821,12.009,2.256,2.279,2.366,2.303,1.1473,1.1424,1.1616,1.1863
CMP-2026-4531,ISRO-TRAIN-LOT-2026,10,125.0,HEALTHY,0,10.124,10.6,10.72,10.914,1.934,1.948,1.976,2.013,1.3804,1.3834,1.3953,1.4232
CMP-2026-4532,ISRO-TRAIN-LOT-2026,5,125.0,HEALTHY,0,8.759,9.027,9.282,9.422,2.638,2.676,2.698,2.747,1.1157,1.1125,1.1212,1.1486
CMP-2026-4533,ISRO-TRAIN-LOT-2026,18,125.0,HEALTHY,0,11.669,12.069,12.251,12.655,2.745,2.756,2.85,2.902,1.0591,1.0666,1.0784,1.0938
CMP-2026-4534,ISRO-TRAIN-LOT-2026,24,125.0,HEALTHY,0,12.418,12.766,12.96,12.65,2.693,2.708,2.832,2.778,1.2273,1.2349,1.2358,1.2734
CMP-2026-4535,ISRO-TRAIN-LOT-2026,18,125.0,HEALTHY,0,11.345,11.732,11.809,12.249,2.987,3.043,3.063,3.146,1.3021,1.2906,1.308,1.3351
CMP-2026-4536,ISRO-TRAIN-LOT-2026,14,125.0,HEALTHY,0,13.03,13.262,13.394,13.405,2.62,2.597,2.751,2.805,1.2233,1.2272,1.2547,1.2586
CMP-2026-4537,ISRO-TRAIN-LOT-2026,12,125.0,HEALTHY,0,10.079,10.356,10.775,10.924,2.539,2.573,2.619,2.577,1.1518,1.1457,1.1564,1.1835
CMP-2026-4538,ISRO-TRAIN-LOT-2026,10,125.0,HEALTHY,0,9.473,9.775,10.047,10.36,2.641,2.648,2.738,2.799,1.1311,1.1264,1.1357,1.1493
CMP-2026-4539,ISRO-TRAIN-LOT-2026,24,125.0,HEALTHY,0,9.832,9.994,10.904,10.74,2.386,2.375,2.43,2.475,1.0759,1.0728,1.0905,1.0925
CMP-2026-4540,ISRO-TRAIN-LOT-2026,16,125.0,HEALTHY,0,11.047,11.201,11.725,11.925,2.558,2.624,2.597,2.651,1.345,1.3477,1.3509,1.374
CMP-2026-4541,ISRO-TRAIN-LOT-2026,10,125.0,HEALTHY,0,11.006,11.316,12.033,12.231,3.031,3.012,3.07,3.069,1.0771,1.0769,1.0887,1.0984
CMP-2026-4542,ISRO-TRAIN-LOT-2026,24,125.0,HEALTHY,0,11.575,11.867,11.817,12.38,2.402,2.396,2.49,2.458,1.2438,1.2397,1.2546,1.2612
CMP-2026-4543,ISRO-TRAIN-LOT-2026,15,125.0,HEALTHY,0,9.182,9.218,9.644,10.019,2.889,2.912,3.013,3.013,1.213,1.211,1.2176,1.238
CMP-2026-4544,ISRO-TRAIN-LOT-2026,20,125.0,HEALTHY,0,11.489,11.681,12.261,12.446,2.43,2.52,2.568,2.527,1.0524,1.0534,1.0628,1.0858
CMP-2026-4545,ISRO-TRAIN-LOT-2026,24,125.0,HEALTHY,0,10.677,10.967,10.922,11.096,2.874,2.919,2.896,2.937,1.3493,1.3524,1.3448,1.3984
CMP-2026-4546,ISRO-TRAIN-LOT-2026,21,125.0,LATENT_DRIFT,1,13.286,17.488,36.77,64.94,2.824,3.224,5.324,11.824,1.1821,1.2621,1.5121,2.0621
CMP-2026-4547,ISRO-TRAIN-LOT-2026,21,125.0,HEALTHY,0,10.801,11.116,11.467,11.694,2.463,2.519,2.538,2.507,1.3067,1.3023,1.3191,1.3422
CMP-2026-4548,ISRO-TRAIN-LOT-2026,23,125.0,HEALTHY,0,12.541,12.958,12.909,13.169,2.078,2.12,2.087,2.142,1.1853,1.1821,1.2007,1.1965
CMP-2026-4549,ISRO-TRAIN-LOT-2026,16,125.0,HEALTHY,0,13.566,13.668,13.871,13.927,2.559,2.547,2.612,2.702,1.3364,1.3292,1.3498,1.3644
CMP-2026-4550,ISRO-TRAIN-LOT-2026,5,125.0,HEALTHY,0,10.348,10.571,10.856,11.034,2.087,2.183,2.149,2.167,1.0879,1.0954,1.101,1.1127
CMP-2026-4551,ISRO-TRAIN-LOT-2026,21,125.0,HEALTHY,0,10.906,11.139,11.672,11.924,2.552,2.583,2.606,2.632,1.34,1.3436,1.3506,1.3792
CMP-2026-4552,ISRO-TRAIN-LOT-2026,7,125.0,GROSS_OUTLIER,1,64.09,70.382,84.685,96.578,22.995,25.995,30.995,38.995,2.8196,3.0196,3.4196,4.0196
CMP-2026-4553,ISRO-TRAIN-LOT-2026,3,125.0,HEALTHY,0,11.541,11.954,12.146,12.087,2.377,2.413,2.42,2.464,1.1667,1.1729,1.1727,1.207
CMP-2026-4554,ISRO-TRAIN-LOT-2026,10,125.0,HEALTHY,0,8.913,9.266,9.377,9.195,1.869,1.904,1.977,1.948,1.1539,1.1557,1.1598,1.1901
CMP-2026-4555,ISRO-TRAIN-LOT-2026,4,125.0,HEALTHY,0,9.825,10.253,10.232,10.445,2.745,2.75,2.846,2.799,1.2749,1.2799,1.3073,1.305
CMP-2026-4556,ISRO-TRAIN-LOT-2026,20,125.0,HEALTHY,0,10.066,10.351,10.665,10.785,2.619,2.689,2.597,2.81,1.1495,1.1479,1.1611,1.1992
CMP-2026-4557,ISRO-TRAIN-LOT-2026,5,125.0,HEALTHY,0,11.225,11.476,11.673,11.822,2.499,2.58,2.573,2.604,1.1037,1.1083,1.1099,1.1338
CMP-2026-4558,ISRO-TRAIN-LOT-2026,1,125.0,HEALTHY,0,11.296,11.63,12.067,12.292,2.571,2.605,2.639,2.646,1.1882,1.1783,1.207,1.215
CMP-2026-4559,ISRO-TRAIN-LOT-2026,22,125.0,HEALTHY,0,10.801,11.108,11.537,11.677,2.292,2.382,2.334,2.294,1.1869,1.1843,1.1935,1.2033
CMP-2026-4560,ISRO-TRAIN-LOT-2026,12,125.0,HEALTHY,0,11.363,11.782,12.081,12.034,2.422,2.403,2.573,2.43,1.2576,1.2508,1.2726,1.2972
CMP-2026-4561,ISRO-TRAIN-LOT-2026,15,125.0,HEALTHY,0,11.238,11.733,11.899,11.963,2.395,2.388,2.468,2.453,1.2589,1.2597,1.2716,1.2737
CMP-2026-4562,ISRO-TRAIN-LOT-2026,24,125.0,HEALTHY,0,11.738,11.994,12.668,12.815,2.299,2.358,2.419,2.436,1.2272,1.2357,1.2567,1.2539
CMP-2026-4563,ISRO-TRAIN-LOT-2026,9,125.0,HEALTHY,0,11.736,12.081,12.352,12.767,1.787,1.824,1.851,1.842,1.224,1.2388,1.2498,1.2427
CMP-2026-4564,ISRO-TRAIN-LOT-2026,4,125.0,HEALTHY,0,7.942,8.163,8.447,8.955,2.49,2.525,2.543,2.583,1.2333,1.2316,1.2379,1.2685
CMP-2026-4565,ISRO-TRAIN-LOT-2026,25,125.0,HEALTHY,0,12.743,12.92,13.264,13.291,2.606,2.673,2.701,2.737,1.3215,1.3207,1.3181,1.3353
CMP-2026-4566,ISRO-TRAIN-LOT-2026,2,125.0,HEALTHY,0,9.443,9.655,10.011,10.219,2.648,2.713,2.751,2.742,1.1958,1.1886,1.2222,1.2295
CMP-2026-4567,ISRO-TRAIN-LOT-2026,13,125.0,HEALTHY,0,9.635,9.795,10.017,10.336,2.416,2.459,2.492,2.513,1.0679,1.0659,1.0792,1.0865
CMP-2026-4568,ISRO-TRAIN-LOT-2026,21,125.0,LATENT_DRIFT,1,11.463,17.136,42.025,80.223,2.066,2.466,4.566,11.066,1.314,1.394,1.644,2.194
CMP-2026-4569,ISRO-TRAIN-LOT-2026,3,125.0,HEALTHY,0,9.667,9.835,10.011,10.094,2.562,2.591,2.614,2.635,1.1675,1.1669,1.1836,1.2036
CMP-2026-4570,ISRO-TRAIN-LOT-2026,12,125.0,HEALTHY,0,9.879,10.085,10.162,10.434,2.465,2.484,2.478,2.567,1.2553,1.261,1.2738,1.2738
CMP-2026-4571,ISRO-TRAIN-LOT-2026,13,125.0,HEALTHY,0,11.766,12.065,12.407,12.592,2.739,2.788,2.884,2.872,1.2739,1.2726,1.2878,1.2932
CMP-2026-4572,ISRO-TRAIN-LOT-2026,24,125.0,HEALTHY,0,10.478,10.899,11.394,11.474,2.824,2.877,2.955,2.939,1.2558,1.2604,1.272,1.2927
CMP-2026-4573,ISRO-TRAIN-LOT-2026,20,125.0,HEALTHY,0,12.07,12.226,12.879,12.738,2.24,2.317,2.355,2.281,1.209,1.2061,1.2164,1.2358
CMP-2026-4574,ISRO-TRAIN-LOT-2026,14,125.0,HEALTHY,0,9.661,9.947,10.28,10.407,1.894,1.894,1.981,2.007,1.282,1.2822,1.2964,1.3277
CMP-2026-4575,ISRO-TRAIN-LOT-2026,12,125.0,HEALTHY,0,12.164,12.48,12.746,12.805,2.148,2.196,2.287,2.211,1.1319,1.1298,1.1502,1.1631
CMP-2026-4576,ISRO-TRAIN-LOT-2026,22,125.0,LATENT_DRIFT,1,11.214,15.794,36.243,67.83,2.406,2.806,4.906,11.406,1.1845,1.2645,1.5145,2.0645
CMP-2026-4577,ISRO-TRAIN-LOT-2026,6,125.0,HEALTHY,0,10.786,11.135,11.337,11.691,2.674,2.71,2.681,2.712,1.1894,1.1877,1.1978,1.2181
CMP-2026-4578,ISRO-TRAIN-LOT-2026,13,125.0,LATENT_PAT_OUTLIER,1,43.24,44.571,47.386,51.499,7.777,8.577,9.777,11.577,1.5085,1.5585,1.6385,1.7585
CMP-2026-4579,ISRO-TRAIN-LOT-2026,9,125.0,HEALTHY,0,9.505,9.663,9.948,9.965,2.987,2.987,3.061,3.024,1.1658,1.1686,1.1716,1.2017
CMP-2026-4580,ISRO-TRAIN-LOT-2026,4,125.0,HEALTHY,0,7.771,7.689,8.085,8.202,2.1,2.154,2.138,2.23,1.2323,1.2311,1.2463,1.2485
CMP-2026-4581,ISRO-TRAIN-LOT-2026,20,125.0,HEALTHY,0,11.661,12.131,12.384,12.087,2.053,2.148,2.134,2.156,1.2347,1.239,1.239,1.2718
CMP-2026-4582,ISRO-TRAIN-LOT-2026,14,125.0,HEALTHY,0,9.342,9.345,9.892,9.959,2.375,2.411,2.376,2.5,1.1582,1.1647,1.1662,1.1823
CMP-2026-4583,ISRO-TRAIN-LOT-2026,25,125.0,HEALTHY,0,12.523,12.62,13.355,13.716,2.175,2.216,2.29,2.261,1.1798,1.1839,1.184,1.2045
CMP-2026-4584,ISRO-TRAIN-LOT-2026,11,125.0,HEALTHY,0,11.412,11.815,11.815,12.032,2.075,2.145,2.17,2.219,1.1034,1.1043,1.1114,1.1506
CMP-2026-4585,ISRO-TRAIN-LOT-2026,14,125.0,HEALTHY,0,11.701,11.955,12.245,11.747,2.873,2.925,2.953,3.068,1.1833,1.1807,1.2063,1.216
CMP-2026-4586,ISRO-TRAIN-LOT-2026,8,125.0,HEALTHY,0,10.566,10.935,11.165,11.304,1.984,2.064,2.078,2.138,1.3648,1.3704,1.3594,1.4078
CMP-2026-4587,ISRO-TRAIN-LOT-2026,6,125.0,LATENT_PAT_OUTLIER,1,43.965,46.113,48.006,50.566,8.717,9.517,10.717,12.517,1.58,1.63,1.71,1.83
CMP-2026-4588,ISRO-TRAIN-LOT-2026,12,125.0,HEALTHY,0,12.108,12.656,12.75,13.098,2.606,2.651,2.676,2.764,1.2127,1.2172,1.228,1.2325
CMP-2026-4589,ISRO-TRAIN-LOT-2026,1,125.0,HEALTHY,0,8.665,9.04,9.25,9.367,2.634,2.683,2.678,2.709,1.0809,1.0816,1.0768,1.109
CMP-2026-4590,ISRO-TRAIN-LOT-2026,7,125.0,HEALTHY,0,10.364,10.726,10.764,11.125,1.979,1.983,2.063,1.973,1.1627,1.1587,1.1647,1.1859
CMP-2026-4591,ISRO-TRAIN-LOT-2026,20,125.0,LATENT_DRIFT,1,12.374,16.986,37.774,70.016,2.626,3.026,5.126,11.626,1.1456,1.2256,1.4756,2.0256
CMP-2026-4592,ISRO-TRAIN-LOT-2026,12,125.0,HEALTHY,0,10.813,11.331,11.742,11.58,2.138,2.131,2.193,2.196,1.2313,1.2302,1.241,1.2417
CMP-2026-4593,ISRO-TRAIN-LOT-2026,11,125.0,LATENT_DRIFT,1,11.086,17.506,47.267,90.321,2.841,3.241,5.341,11.841,1.2522,1.3322,1.5822,2.1322
CMP-2026-4594,ISRO-TRAIN-LOT-2026,17,125.0,HEALTHY,0,11.557,11.843,12.205,12.321,2.081,2.126,2.121,2.178,1.283,1.2845,1.2792,1.3096
CMP-2026-4595,ISRO-TRAIN-LOT-2026,11,125.0,HEALTHY,0,11.127,11.365,11.896,12.03,2.73,2.801,2.81,2.854,1.1946,1.2015,1.2117,1.209
CMP-2026-4596,ISRO-TRAIN-LOT-2026,13,125.0,HEALTHY,0,9.571,9.912,10.04,10.271,2.168,2.24,2.277,2.284,1.3591,1.3572,1.3629,1.395
CMP-2026-4597,ISRO-TRAIN-LOT-2026,11,125.0,HEALTHY,0,12.74,12.84,12.932,13.036,2.504,2.518,2.503,2.6,1.1223,1.1186,1.136,1.1417
CMP-2026-4598,ISRO-TRAIN-LOT-2026,25,125.0,HEALTHY,0,10.605,10.808,10.937,11.109,2.454,2.495,2.471,2.479,1.284,1.2877,1.3025,1.3224
CMP-2026-4599,ISRO-TRAIN-LOT-2026,13,125.0,HEALTHY,0,11.864,12.32,12.471,12.587,2.742,2.762,2.854,2.779,1.0956,1.0896,1.1013,1.1344
CMP-2026-4600,ISRO-TRAIN-LOT-2026,14,125.0,HEALTHY,0,10.132,10.226,10.404,10.735,2.7,2.729,2.843,2.865,1.1906,1.1938,1.2003,1.2072
CMP-2026-4601,ISRO-TRAIN-LOT-2026,11,125.0,HEALTHY,0,9.653,9.983,10.088,10.244,2.534,2.536,2.601,2.707,1.4384,1.4408,1.4658,1.4781
CMP-2026-4602,ISRO-TRAIN-LOT-2026,13,125.0,LATENT_PAT_OUTLIER,1,41.232,42.868,45.301,48.636,9.875,10.675,11.875,13.675,1.435,1.485,1.565,1.685
CMP-2026-4603,ISRO-TRAIN-LOT-2026,3,125.0,HEALTHY,0,9.723,9.895,10.019,9.699,2.816,2.829,2.893,2.844,1.0028,0.9949,1.0222,1.0391
CMP-2026-4604,ISRO-TRAIN-LOT-2026,3,125.0,HEALTHY,0,11.63,11.968,12.423,12.31,3.015,3.018,3.113,3.107,1.399,1.3985,1.4129,1.4302
CMP-2026-4605,ISRO-TRAIN-LOT-2026,11,125.0,HEALTHY,0,9.775,9.988,10.413,10.092,2.448,2.496,2.504,2.663,1.254,1.2608,1.2662,1.2564
CMP-2026-4606,ISRO-TRAIN-LOT-2026,17,125.0,HEALTHY,0,11.264,11.325,11.751,11.888,2.787,2.855,2.812,2.874,1.2024,1.2019,1.211,1.2143
CMP-2026-4607,ISRO-TRAIN-LOT-2026,25,125.0,HEALTHY,0,10.807,11.149,11.807,11.695,2.829,2.848,2.987,2.975,1.116,1.1086,1.1163,1.1404
CMP-2026-4608,ISRO-TRAIN-LOT-2026,23,125.0,HEALTHY,0,11.681,11.933,12.522,12.049,2.299,2.356,2.42,2.351,1.2842,1.2848,1.2981,1.2957
CMP-2026-4609,ISRO-TRAIN-LOT-2026,23,125.0,HEALTHY,0,10.67,10.913,11.125,11.427,2.454,2.46,2.519,2.508,1.2581,1.267,1.2654,1.2926
CMP-2026-4610,ISRO-TRAIN-LOT-2026,12,125.0,HEALTHY,0,11.368,11.66,11.881,12.451,1.821,1.851,1.905,1.871,1.2839,1.2822,1.278,1.3386
CMP-2026-4611,ISRO-TRAIN-LOT-2026,20,125.0,HEALTHY,0,12.29,12.509,12.708,12.844,1.913,1.989,2.05,2.154,1.1694,1.182,1.1938,1.2089
CMP-2026-4612,ISRO-TRAIN-LOT-2026,14,125.0,LATENT_DRIFT,1,11.272,17.378,44.699,85.133,2.977,3.377,5.477,11.977,1.2536,1.3336,1.5836,2.1336
CMP-2026-4613,ISRO-TRAIN-LOT-2026,4,125.0,HEALTHY,0,12.253,12.488,13.012,13.13,2.499,2.517,2.565,2.572,1.2789,1.2905,1.2936,1.3
CMP-2026-4614,ISRO-TRAIN-LOT-2026,1,125.0,HEALTHY,0,11.316,11.441,12.027,12.007,2.593,2.637,2.647,2.673,1.2733,1.2729,1.2816,1.3054
CMP-2026-4615,ISRO-TRAIN-LOT-2026,15,125.0,HEALTHY,0,10.899,11.123,11.325,11.779,2.262,2.298,2.405,2.339,1.1901,1.1906,1.1908,1.2284
CMP-2026-4616,ISRO-TRAIN-LOT-2026,12,125.0,HEALTHY,0,9.156,9.268,9.889,10.149,2.739,2.791,2.78,2.858,1.129,1.1316,1.1424,1.1569
CMP-2026-4617,ISRO-TRAIN-LOT-2026,13,125.0,HEALTHY,0,10.544,10.861,10.944,11.135,2.483,2.621,2.574,2.678,1.2912,1.2889,1.301,1.325
CMP-2026-4618,ISRO-TRAIN-LOT-2026,6,125.0,GROSS_OUTLIER,1,78.147,86.294,97.42,125.469,27.615,30.615,35.615,43.615,3.6395,3.8395,4.2395,4.8395
CMP-2026-4619,ISRO-TRAIN-LOT-2026,21,125.0,HEALTHY,0,12.042,12.302,12.349,12.713,2.214,2.233,2.273,2.285,1.1984,1.2019,1.2008,1.2369
CMP-2026-4620,ISRO-TRAIN-LOT-2026,25,125.0,HEALTHY,0,13.433,13.615,13.681,13.692,2.678,2.753,2.665,2.822,1.1323,1.1332,1.1461,1.1655
CMP-2026-4621,ISRO-TRAIN-LOT-2026,16,125.0,HEALTHY,0,10.451,10.662,10.677,10.902,2.413,2.482,2.535,2.416,1.3535,1.3537,1.3848,1.3877
CMP-2026-4622,ISRO-TRAIN-LOT-2026,2,125.0,HEALTHY,0,8.737,8.831,9.092,9.297,2.447,2.405,2.485,2.605,1.2105,1.2091,1.2232,1.2391
CMP-2026-4623,ISRO-TRAIN-LOT-2026,9,125.0,HEALTHY,0,10.105,10.449,10.798,11.05,2.193,2.196,2.255,2.332,1.2287,1.2354,1.2383,1.263
CMP-2026-4624,ISRO-TRAIN-LOT-2026,14,125.0,HEALTHY,0,10.888,11.002,11.399,11.085,2.539,2.586,2.612,2.628,1.0584,1.0573,1.0643,1.0715
CMP-2026-4625,ISRO-TRAIN-LOT-2026,10,125.0,HEALTHY,0,12.992,13.191,13.581,13.462,2.92,2.951,3.034,3.067,1.161,1.1663,1.1678,1.1977
CMP-2026-4626,ISRO-TRAIN-LOT-2026,21,125.0,HEALTHY,0,12.225,12.705,12.996,12.962,2.839,2.854,2.859,2.982,1.3262,1.3264,1.3479,1.3626
CMP-2026-4627,ISRO-TRAIN-LOT-2026,18,125.0,HEALTHY,0,10.43,10.624,11.316,11.174,2.214,2.254,2.313,2.27,1.1187,1.1208,1.1168,1.15
CMP-2026-4628,ISRO-TRAIN-LOT-2026,12,125.0,HEALTHY,0,11.635,12.063,12.268,12.389,2.644,2.712,2.694,2.809,1.0366,1.0422,1.0442,1.0555
CMP-2026-4629,ISRO-TRAIN-LOT-2026,7,125.0,HEALTHY,0,10.222,10.38,10.33,10.799,2.347,2.39,2.379,2.467,1.1755,1.1822,1.1866,1.2135
CMP-2026-4630,ISRO-TRAIN-LOT-2026,23,125.0,HEALTHY,0,12.109,12.313,12.561,13.239,2.383,2.392,2.488,2.425,1.1065,1.112,1.1144,1.136
CMP-2026-4631,ISRO-TRAIN-LOT-2026,1,125.0,HEALTHY,0,9.897,10.079,10.07,10.605,2.643,2.682,2.817,2.717,1.0938,1.0971,1.1022,1.1075
CMP-2026-4632,ISRO-TRAIN-LOT-2026,8,125.0,HEALTHY,0,11.072,11.207,11.775,11.73,2.582,2.621,2.653,2.732,1.383,1.3896,1.4012,1.3928
CMP-2026-4633,ISRO-TRAIN-LOT-2026,13,125.0,LATENT_DRIFT,1,9.381,14.508,35.193,65.454,2.284,2.684,4.784,11.284,1.1431,1.2231,1.4731,2.0231
CMP-2026-4634,ISRO-TRAIN-LOT-2026,18,125.0,HEALTHY,0,11.778,11.946,12.539,12.845,2.147,2.218,2.216,2.294,1.1663,1.1586,1.1754,1.2171
CMP-2026-4635,ISRO-TRAIN-LOT-2026,3,125.0,HEALTHY,0,12.572,12.841,13.094,13.314,2.771,2.831,2.817,2.832,1.2636,1.2691,1.2773,1.2785
CMP-2026-4636,ISRO-TRAIN-LOT-2026,19,125.0,HEALTHY,0,10.175,10.367,10.575,10.852,2.461,2.531,2.594,2.557,1.3006,1.3056,1.3101,1.3355
CMP-2026-4637,ISRO-TRAIN-LOT-2026,25,125.0,HEALTHY,0,10.811,10.955,11.692,11.717,2.519,2.542,2.55,2.545,1.2329,1.2255,1.2593,1.2623
CMP-2026-4638,ISRO-TRAIN-LOT-2026,11,125.0,HEALTHY,0,10.24,10.427,10.569,10.922,2.102,2.11,2.168,2.189,1.2966,1.2999,1.3044,1.3341
CMP-2026-4639,ISRO-TRAIN-LOT-2026,20,125.0,HEALTHY,0,11.949,12.073,12.742,12.826,2.325,2.338,2.384,2.386,1.2041,1.2071,1.2075,1.2317
CMP-2026-4640,ISRO-TRAIN-LOT-2026,1,125.0,LATENT_DRIFT,1,12.678,19.524,48.711,93.606,2.987,3.387,5.487,11.987,1.2572,1.3372,1.5872,2.1372
CMP-2026-4641,ISRO-TRAIN-LOT-2026,4,125.0,HEALTHY,0,11.274,11.423,11.693,12.237,2.189,2.194,2.263,2.338,1.2611,1.2656,1.2859,1.2688
CMP-2026-4642,ISRO-TRAIN-LOT-2026,7,125.0,HEALTHY,0,12.379,12.456,12.943,12.686,2.72,2.751,2.79,2.863,1.0283,1.0201,1.041,1.0659
CMP-2026-4643,ISRO-TRAIN-LOT-2026,7,125.0,HEALTHY,0,9.961,10.23,10.468,10.872,2.329,2.321,2.45,2.366,1.1437,1.143,1.156,1.1656
CMP-2026-4644,ISRO-TRAIN-LOT-2026,15,125.0,HEALTHY,0,8.928,9.118,9.179,9.192,2.355,2.426,2.486,2.52,1.173,1.1838,1.186,1.1894
CMP-2026-4645,ISRO-TRAIN-LOT-2026,20,125.0,HEALTHY,0,11.406,11.676,12.417,12.472,2.224,2.315,2.316,2.252,1.2496,1.2569,1.2612,1.2722
CMP-2026-4646,ISRO-TRAIN-LOT-2026,8,125.0,HEALTHY,0,12.153,12.262,12.709,12.413,2.137,2.163,2.206,2.186,1.29,1.2934,1.3074,1.3321
CMP-2026-4647,ISRO-TRAIN-LOT-2026,12,125.0,HEALTHY,0,9.184,9.223,9.692,9.638,2.484,2.496,2.678,2.619,1.1339,1.1341,1.155,1.1626
CMP-2026-4648,ISRO-TRAIN-LOT-2026,5,125.0,GROSS_OUTLIER,1,62.011,70.607,89.583,107.516,32.318,35.318,40.318,48.318,2.661,2.861,3.261,3.861
CMP-2026-4649,ISRO-TRAIN-LOT-2026,7,125.0,HEALTHY,0,11.789,12.129,12.135,12.416,2.823,2.901,2.88,2.892,1.2893,1.2887,1.3047,1.3181
CMP-2026-4650,ISRO-TRAIN-LOT-2026,22,125.0,HEALTHY,0,11.961,12.196,12.356,12.929,2.014,2.034,2.105,2.136,1.2515,1.2482,1.2807,1.2941
CMP-2026-4651,ISRO-TRAIN-LOT-2026,3,125.0,HEALTHY,0,9.82,9.902,10.331,10.516,2.187,2.227,2.292,2.349,1.096,1.0891,1.1045,1.138
CMP-2026-4652,ISRO-TRAIN-LOT-2026,21,125.0,HEALTHY,0,11.741,12.085,12.485,12.504,2.481,2.542,2.564,2.573,1.107,1.1093,1.1199,1.1339
CMP-2026-4653,ISRO-TRAIN-LOT-2026,13,125.0,HEALTHY,0,11.119,11.484,11.847,11.864,2.396,2.383,2.518,2.531,1.1074,1.1066,1.1243,1.1455
CMP-2026-4654,ISRO-TRAIN-LOT-2026,9,125.0,HEALTHY,0,9.923,10.187,10.64,10.901,2.73,2.729,2.802,2.867,1.2286,1.2332,1.2423,1.2672
CMP-2026-4655,ISRO-TRAIN-LOT-2026,15,125.0,HEALTHY,0,9.89,9.995,10.495,10.67,2.297,2.338,2.459,2.389,1.1845,1.189,1.201,1.2117
CMP-2026-4656,ISRO-TRAIN-LOT-2026,4,125.0,HEALTHY,0,11.202,11.509,11.908,11.625,2.983,3.009,3.088,3.091,1.265,1.2644,1.2751,1.2941
CMP-2026-4657,ISRO-TRAIN-LOT-2026,18,125.0,HEALTHY,0,10.181,10.503,10.582,10.765,2.006,2.062,2.028,2.13,1.1473,1.1437,1.1624,1.1692
CMP-2026-4658,ISRO-TRAIN-LOT-2026,24,125.0,HEALTHY,0,10.559,10.595,10.868,11.04,2.214,2.324,2.302,2.334,1.1638,1.1663,1.1627,1.1997
CMP-2026-4659,ISRO-TRAIN-LOT-2026,6,125.0,LATENT_PAT_OUTLIER,1,40.961,43.361,46.295,50.528,5.91,6.71,7.91,9.71,1.5105,1.5605,1.6405,1.7605
CMP-2026-4660,ISRO-TRAIN-LOT-2026,12,125.0,HEALTHY,0,10.735,10.942,11.483,11.35,2.284,2.272,2.329,2.399,1.1618,1.1711,1.1694,1.1935
CMP-2026-4661,ISRO-TRAIN-LOT-2026,16,125.0,HEALTHY,0,10.401,10.771,11.142,11.073,2.964,3.033,2.949,3.032,1.2172,1.2192,1.2255,1.2582
CMP-2026-4662,ISRO-TRAIN-LOT-2026,15,125.0,HEALTHY,0,10.403,10.653,10.766,11.148,1.847,1.838,2.025,1.861,1.3,1.3065,1.2982,1.3207
CMP-2026-4663,ISRO-TRAIN-LOT-2026,24,125.0,HEALTHY,0,11.531,11.907,12.137,12.138,2.727,2.768,2.843,2.809,1.1299,1.1277,1.1441,1.1613
CMP-2026-4664,ISRO-TRAIN-LOT-2026,4,125.0,HEALTHY,0,9.802,10.211,10.577,10.821,2.122,2.167,2.173,2.238,1.232,1.2378,1.2229,1.256
CMP-2026-4665,ISRO-TRAIN-LOT-2026,24,125.0,HEALTHY,0,9.923,10.279,10.562,10.734,2.227,2.27,2.276,2.298,1.2493,1.2563,1.2652,1.2655
CMP-2026-4666,ISRO-TRAIN-LOT-2026,5,125.0,HEALTHY,0,10.608,10.784,10.819,10.893,2.595,2.644,2.613,2.756,1.1683,1.1782,1.1761,1.193
CMP-2026-4667,ISRO-TRAIN-LOT-2026,6,125.0,HEALTHY,0,10.179,10.342,10.333,10.45,2.645,2.724,2.718,2.744,1.1751,1.1706,1.1829,1.2069
CMP-2026-4668,ISRO-TRAIN-LOT-2026,3,125.0,HEALTHY,0,9.508,9.633,9.682,10.172,2.245,2.297,2.269,2.329,1.3028,1.3085,1.3113,1.3262
CMP-2026-4669,ISRO-TRAIN-LOT-2026,16,125.0,LATENT_PAT_OUTLIER,1,42.905,45.364,48.321,52.78,8.991,9.791,10.991,12.791,1.4453,1.4953,1.5753,1.6953
CMP-2026-4670,ISRO-TRAIN-LOT-2026,9,125.0,HEALTHY,0,11.769,12.293,12.34,12.67,2.522,2.567,2.539,2.511,1.1706,1.1748,1.1782,1.2098
CMP-2026-4671,ISRO-TRAIN-LOT-2026,14,125.0,HEALTHY,0,10.51,10.727,10.976,11.529,2.348,2.376,2.414,2.502,1.3335,1.3331,1.3489,1.3595
CMP-2026-4672,ISRO-TRAIN-LOT-2026,8,125.0,HEALTHY,0,11.541,11.759,12.163,12.051,2.245,2.281,2.304,2.305,1.1842,1.1917,1.1962,1.2232
CMP-2026-4673,ISRO-TRAIN-LOT-2026,17,125.0,HEALTHY,0,11.667,11.943,12.375,12.145,2.186,2.245,2.294,2.298,1.3208,1.3249,1.3348,1.3527
CMP-2026-4674,ISRO-TRAIN-LOT-2026,17,125.0,HEALTHY,0,9.648,9.798,9.949,10.428,2.505,2.57,2.665,2.604,1.2473,1.2522,1.2504,1.2891
CMP-2026-4675,ISRO-TRAIN-LOT-2026,2,125.0,HEALTHY,0,11.108,11.317,11.778,11.957,2.539,2.574,2.595,2.598,1.2405,1.2376,1.2631,1.266
CMP-2026-4676,ISRO-TRAIN-LOT-2026,15,125.0,HEALTHY,0,7.874,8.067,8.239,8.291,2.787,2.825,2.85,2.858,1.1409,1.1435,1.1445,1.1763
CMP-2026-4677,ISRO-TRAIN-LOT-2026,20,125.0,HEALTHY,0,11.342,11.547,11.835,11.86,2.132,2.222,2.262,2.234,1.1535,1.1492,1.1706,1.1876
CMP-2026-4678,ISRO-TRAIN-LOT-2026,6,125.0,LATENT_DRIFT,1,11.653,20.002,56.546,111.838,2.234,2.634,4.734,11.234,1.3193,1.3993,1.6493,2.1993
CMP-2026-4679,ISRO-TRAIN-LOT-2026,21,125.0,HEALTHY,0,9.425,9.754,10.296,10.419,3.058,3.051,3.184,3.216,1.2978,1.2924,1.3105,1.336
CMP-2026-4680,ISRO-TRAIN-LOT-2026,18,125.0,HEALTHY,0,10.051,10.18,10.457,10.791,2.482,2.541,2.583,2.599,1.2098,1.2142,1.2242,1.2638
CMP-2026-4681,ISRO-TRAIN-LOT-2026,4,125.0,HEALTHY,0,10.351,10.395,10.542,10.856,2.96,2.998,3.023,3.218,1.0863,1.0861,1.0925,1.1108
CMP-2026-4682,ISRO-TRAIN-LOT-2026,15,125.0,HEALTHY,0,12.382,12.647,12.654,12.895,2.272,2.325,2.361,2.414,1.2109,1.2202,1.2237,1.2567
CMP-2026-4683,ISRO-TRAIN-LOT-2026,24,125.0,HEALTHY,0,9.776,9.962,10.244,10.078,2.655,2.658,2.745,2.807,1.2247,1.2268,1.2224,1.2654
CMP-2026-4684,ISRO-TRAIN-LOT-2026,15,125.0,HEALTHY,0,11.534,11.794,11.792,11.948,2.601,2.61,2.611,2.646,1.1499,1.1571,1.1552,1.1947
CMP-2026-4685,ISRO-TRAIN-LOT-2026,20,125.0,HEALTHY,0,11.485,11.617,11.949,12.182,2.129,2.12,2.199,2.223,1.1761,1.1744,1.1956,1.2065
CMP-2026-4686,ISRO-TRAIN-LOT-2026,5,125.0,LATENT_PAT_OUTLIER,1,44.985,46.497,49.106,52.409,5.939,6.739,7.939,9.739,1.4985,1.5485,1.6285,1.7485
CMP-2026-4687,ISRO-TRAIN-LOT-2026,20,125.0,HEALTHY,0,10.42,10.665,10.67,11.152,2.803,2.835,2.907,2.958,1.2514,1.2545,1.2727,1.2678
CMP-2026-4688,ISRO-TRAIN-LOT-2026,14,125.0,HEALTHY,0,9.904,10.243,10.712,10.645,2.1,2.157,2.124,2.158,1.1868,1.1908,1.2136,1.2324
CMP-2026-4689,ISRO-TRAIN-LOT-2026,3,125.0,LATENT_PAT_OUTLIER,1,43.546,45.649,47.333,49.939,8.312,9.112,10.312,12.112,1.5847,1.6347,1.7147,1.8347
CMP-2026-4690,ISRO-TRAIN-LOT-2026,14,125.0,HEALTHY,0,8.81,9.102,9.613,9.481,1.92,2.001,1.938,2.087,1.2753,1.2754,1.2855,1.2962
CMP-2026-4691,ISRO-TRAIN-LOT-2026,15,125.0,HEALTHY,0,11.121,11.091,11.724,11.494,2.992,3.038,2.993,3.088,1.277,1.2824,1.2964,1.3082
CMP-2026-4692,ISRO-TRAIN-LOT-2026,23,125.0,HEALTHY,0,11.487,11.785,12.227,12.304,2.06,2.109,2.18,2.137,1.2077,1.2055,1.2034,1.2246
CMP-2026-4693,ISRO-TRAIN-LOT-2026,7,125.0,HEALTHY,0,9.833,9.986,10.096,10.206,2.219,2.256,2.345,2.312,1.2891,1.2911,1.2919,1.3316
CMP-2026-4694,ISRO-TRAIN-LOT-2026,25,125.0,HEALTHY,0,10.903,11.208,11.705,11.273,2.627,2.638,2.786,2.752,1.0516,1.0565,1.0794,1.0734
CMP-2026-4695,ISRO-TRAIN-LOT-2026,18,125.0,HEALTHY,0,9.987,10.12,10.781,10.524,2.518,2.537,2.627,2.637,1.2628,1.2717,1.2776,1.282
CMP-2026-4696,ISRO-TRAIN-LOT-2026,3,125.0,HEALTHY,0,9.831,10.149,10.488,10.095,2.266,2.251,2.42,2.418,1.0677,1.0598,1.0746,1.1014
CMP-2026-4697,ISRO-TRAIN-LOT-2026,2,125.0,HEALTHY,0,10.779,11.103,11.054,11.099,2.553,2.538,2.661,2.661,1.1855,1.1837,1.2018,1.1999
CMP-2026-4698,ISRO-TRAIN-LOT-2026,4,125.0,HEALTHY,0,11.544,11.761,12.06,12.113,3.038,3.058,3.176,3.105,1.1325,1.1442,1.1393,1.1512
CMP-2026-4699,ISRO-TRAIN-LOT-2026,11,125.0,LATENT_DRIFT,1,11.791,17.949,46.11,87.065,2.26,2.66,4.76,11.26,1.1219,1.2019,1.4519,2.0019
CMP-2026-4700,ISRO-TRAIN-LOT-2026,15,125.0,HEALTHY,0,10.444,10.611,11.086,11.553,2.819,2.884,2.896,2.988,1.2726,1.2733,1.2827,1.3123
CMP-2026-4701,ISRO-TRAIN-LOT-2026,21,125.0,HEALTHY,0,10.771,11.024,10.903,11.068,2.268,2.318,2.28,2.37,1.3303,1.343,1.3456,1.3575
CMP-2026-4702,ISRO-TRAIN-LOT-2026,20,125.0,LATENT_DRIFT,1,12.448,20.039,54.878,106.81,3.019,3.419,5.519,12.019,1.0687,1.1487,1.3987,1.9487
CMP-2026-4703,ISRO-TRAIN-LOT-2026,3,125.0,HEALTHY,0,12.803,13.101,13.474,13.739,1.892,1.946,2.009,1.918,1.0634,1.0627,1.0721,1.1006
CMP-2026-4704,ISRO-TRAIN-LOT-2026,6,125.0,HEALTHY,0,10.506,10.67,11.068,10.785,2.788,2.844,2.846,2.827,1.1636,1.1627,1.1685,1.2117
CMP-2026-4705,ISRO-TRAIN-LOT-2026,3,125.0,HEALTHY,0,8.56,8.748,8.854,9.343,2.65,2.677,2.681,2.79,1.1733,1.1728,1.1913,1.209
CMP-2026-4706,ISRO-TRAIN-LOT-2026,13,125.0,HEALTHY,0,10.542,10.601,10.77,10.573,2.156,2.202,2.222,2.306,1.2232,1.2288,1.2165,1.2592
CMP-2026-4707,ISRO-TRAIN-LOT-2026,7,125.0,HEALTHY,0,9.77,10.138,10.8,10.317,2.762,2.822,2.883,2.886,1.1605,1.1599,1.1788,1.1964
CMP-2026-4708,ISRO-TRAIN-LOT-2026,16,125.0,HEALTHY,0,8.814,9.13,9.406,9.62,2.742,2.815,2.875,2.909,1.2753,1.2671,1.2808,1.3129
CMP-2026-4709,ISRO-TRAIN-LOT-2026,4,125.0,HEALTHY,0,9.202,9.356,9.737,10.03,2.506,2.576,2.602,2.686,1.1362,1.1414,1.1504,1.1741
CMP-2026-4710,ISRO-TRAIN-LOT-2026,14,125.0,HEALTHY,0,11.238,11.367,11.586,11.609,2.717,2.739,2.811,2.893,1.2718,1.2798,1.2861,1.2944
CMP-2026-4711,ISRO-TRAIN-LOT-2026,10,125.0,HEALTHY,0,9.247,9.321,9.688,9.878,2.866,2.885,2.934,2.959,1.2769,1.2777,1.3076,1.307
CMP-2026-4712,ISRO-TRAIN-LOT-2026,19,125.0,HEALTHY,0,10.91,11.373,11.577,11.675,2.666,2.736,2.741,2.745,1.2938,1.2835,1.316,1.3186
CMP-2026-4713,ISRO-TRAIN-LOT-2026,17,125.0,LATENT_DRIFT,1,13.194,20.757,53.318,100.994,2.507,2.907,5.007,11.507,1.3216,1.4016,1.6516,2.2016
CMP-2026-4714,ISRO-TRAIN-LOT-2026,16,125.0,HEALTHY,0,11.887,12.12,12.368,12.585,2.119,2.17,2.152,2.162,1.31,1.3131,1.3276,1.3614
CMP-2026-4715,ISRO-TRAIN-LOT-2026,24,125.0,HEALTHY,0,11.585,11.782,12.141,12.458,2.62,2.703,2.737,2.739,1.3025,1.2986,1.3108,1.3394
CMP-2026-4716,ISRO-TRAIN-LOT-2026,19,125.0,HEALTHY,0,10.867,11.344,11.515,12.079,2.402,2.412,2.576,2.465,1.1579,1.1601,1.1797,1.1849
CMP-2026-4717,ISRO-TRAIN-LOT-2026,21,125.0,HEALTHY,0,11.936,12.335,12.68,12.535,2.316,2.391,2.412,2.293,1.2939,1.2914,1.2942,1.3266
CMP-2026-4718,ISRO-TRAIN-LOT-2026,20,125.0,HEALTHY,0,11.756,11.822,12.032,11.994,2.576,2.594,2.712,2.696,1.122,1.12,1.1404,1.1625
CMP-2026-4719,ISRO-TRAIN-LOT-2026,8,125.0,HEALTHY,0,11.881,12.303,12.848,13.271,3.008,3.065,3.081,3.18,1.2459,1.2479,1.251,1.27
CMP-2026-4720,ISRO-TRAIN-LOT-2026,24,125.0,HEALTHY,0,12.261,12.291,12.826,12.552,2.587,2.671,2.641,2.704,1.1318,1.1273,1.1513,1.1584
CMP-2026-4721,ISRO-TRAIN-LOT-2026,14,125.0,HEALTHY,0,10.803,11.069,10.907,11.327,2.416,2.506,2.492,2.513,1.2688,1.2704,1.2736,1.2866
CMP-2026-4722,ISRO-TRAIN-LOT-2026,6,125.0,GROSS_OUTLIER,1,78.8,80.958,95.653,117.279,29.855,32.855,37.855,45.855,3.0091,3.2091,3.6091,4.2091
CMP-2026-4723,ISRO-TRAIN-LOT-2026,11,125.0,HEALTHY,0,9.373,9.666,9.965,9.825,2.291,2.347,2.413,2.409,1.1082,1.1109,1.1138,1.1528
CMP-2026-4724,ISRO-TRAIN-LOT-2026,8,125.0,HEALTHY,0,12.321,12.359,12.647,12.586,2.673,2.737,2.736,2.733,1.3179,1.3199,1.3313,1.3684
CMP-2026-4725,ISRO-TRAIN-LOT-2026,15,125.0,HEALTHY,0,11.843,12.085,12.353,12.086,2.462,2.451,2.499,2.528,1.1572,1.1589,1.1648,1.1905
CMP-2026-4726,ISRO-TRAIN-LOT-2026,6,125.0,HEALTHY,0,10.173,10.476,11.063,11.075,2.723,2.82,2.751,2.713,1.2657,1.2732,1.2746,1.2959
CMP-2026-4727,ISRO-TRAIN-LOT-2026,24,125.0,GROSS_OUTLIER,1,66.389,73.057,82.353,107.519,24.46,27.46,32.46,40.46,3.9454,4.1454,4.5454,5.1454
CMP-2026-4728,ISRO-TRAIN-LOT-2026,18,125.0,HEALTHY,0,12.279,12.461,12.536,12.668,2.631,2.663,2.754,2.789,1.0961,1.0938,1.1032,1.144
CMP-2026-4729,ISRO-TRAIN-LOT-2026,11,125.0,HEALTHY,0,10.906,11.276,11.692,11.943,2.318,2.367,2.418,2.394,1.3009,1.2987,1.3161,1.324
CMP-2026-4730,ISRO-TRAIN-LOT-2026,15,125.0,HEALTHY,0,9.594,10.082,10.254,10.406,2.586,2.613,2.608,2.748,1.1342,1.1286,1.145,1.1491
CMP-2026-4731,ISRO-TRAIN-LOT-2026,25,125.0,HEALTHY,0,10.274,10.331,10.511,10.928,2.097,2.135,2.156,2.238,1.1654,1.1678,1.1787,1.1917
CMP-2026-4732,ISRO-TRAIN-LOT-2026,15,125.0,HEALTHY,0,10.103,10.14,10.314,10.849,2.244,2.292,2.275,2.275,1.2759,1.2785,1.2801,1.2944
CMP-2026-4733,ISRO-TRAIN-LOT-2026,20,125.0,HEALTHY,0,10.816,11.105,11.346,11.498,2.961,2.951,3.028,3.033,1.1201,1.1285,1.133,1.1448
CMP-2026-4734,ISRO-TRAIN-LOT-2026,19,125.0,HEALTHY,0,9.751,10.108,10.452,10.636,2.589,2.623,2.654,2.651,1.2025,1.2038,1.2141,1.2234
CMP-2026-4735,ISRO-TRAIN-LOT-2026,13,125.0,HEALTHY,0,9.861,10.045,10.688,11.13,2.62,2.668,2.752,2.7,1.2238,1.2208,1.2388,1.2645
CMP-2026-4736,ISRO-TRAIN-LOT-2026,9,125.0,HEALTHY,0,9.362,9.62,9.737,9.619,2.367,2.338,2.469,2.481,1.2756,1.2758,1.2835,1.2962
CMP-2026-4737,ISRO-TRAIN-LOT-2026,9,125.0,HEALTHY,0,10.632,10.759,10.968,11.078,2.409,2.406,2.537,2.444,1.1437,1.1443,1.1458,1.1829
CMP-2026-4738,ISRO-TRAIN-LOT-2026,13,125.0,HEALTHY,0,10.281,10.613,11.026,10.952,2.342,2.389,2.387,2.496,1.1707,1.1792,1.2013,1.1979
CMP-2026-4739,ISRO-TRAIN-LOT-2026,4,125.0,HEALTHY,0,10.578,10.853,11.064,10.743,2.289,2.338,2.342,2.335,1.2139,1.2188,1.2093,1.2459
CMP-2026-4740,ISRO-TRAIN-LOT-2026,11,125.0,HEALTHY,0,12.777,13.04,13.397,13.546,2.965,3.053,3.06,3.103,1.2716,1.2739,1.2999,1.3138
CMP-2026-4741,ISRO-TRAIN-LOT-2026,22,125.0,HEALTHY,0,9.92,10.193,10.336,10.439,2.611,2.639,2.699,2.649,1.2243,1.2285,1.2424,1.2613
CMP-2026-4742,ISRO-TRAIN-LOT-2026,3,125.0,HEALTHY,0,9.372,9.715,10.133,10.898,2.727,2.735,2.855,2.897,1.258,1.2549,1.2707,1.2923
CMP-2026-4743,ISRO-TRAIN-LOT-2026,1,125.0,HEALTHY,0,11.031,11.214,11.639,11.629,2.073,2.152,2.176,2.186,1.2152,1.2224,1.2258,1.2368
CMP-2026-4744,ISRO-TRAIN-LOT-2026,10,125.0,HEALTHY,0,10.167,10.433,10.333,10.68,3.003,3.002,3.11,3.119,1.1584,1.1574,1.1578,1.1767
CMP-2026-4745,ISRO-TRAIN-LOT-2026,21,125.0,HEALTHY,0,11.227,11.467,12.262,11.973,2.816,2.891,2.926,2.974,1.2709,1.2738,1.2627,1.296
CMP-2026-4746,ISRO-TRAIN-LOT-2026,12,125.0,HEALTHY,0,11.288,11.318,11.515,11.997,2.435,2.458,2.507,2.536,1.3247,1.3332,1.3384,1.3548
CMP-2026-4747,ISRO-TRAIN-LOT-2026,3,125.0,HEALTHY,0,10.277,10.665,10.867,10.947,2.396,2.426,2.45,2.375,1.2918,1.2969,1.2952,1.3271
CMP-2026-4748,ISRO-TRAIN-LOT-2026,10,125.0,HEALTHY,0,11.023,11.113,11.466,11.215,2.844,2.905,2.894,2.984,1.122,1.1317,1.1206,1.1622
CMP-2026-4749,ISRO-TRAIN-LOT-2026,20,125.0,HEALTHY,0,12.427,12.748,13.029,12.994,2.009,2.062,2.064,2.178,1.0696,1.0684,1.0736,1.1088
CMP-2026-4750,ISRO-TRAIN-LOT-2026,9,125.0,HEALTHY,0,9.287,9.666,9.945,9.975,2.053,2.088,2.127,2.212,1.1284,1.1389,1.1415,1.1541
CMP-2026-4751,ISRO-TRAIN-LOT-2026,3,125.0,HEALTHY,0,10.324,10.378,10.744,10.83,2.64,2.687,2.701,2.752,1.1186,1.1256,1.1234,1.1597
CMP-2026-4752,ISRO-TRAIN-LOT-2026,9,125.0,HEALTHY,0,12.181,12.253,12.278,12.539,2.908,3.001,2.943,3.086,1.1575,1.1605,1.1619,1.1823
CMP-2026-4753,ISRO-TRAIN-LOT-2026,6,125.0,HEALTHY,0,9.779,9.903,10.168,10.627,2.62,2.653,2.654,2.776,1.1873,1.1886,1.1876,1.2239
CMP-2026-4754,ISRO-TRAIN-LOT-2026,2,125.0,HEALTHY,0,10.472,10.772,11.182,11.724,1.956,1.981,2.064,2.068,1.2182,1.2174,1.2372,1.2357
CMP-2026-4755,ISRO-TRAIN-LOT-2026,24,125.0,LATENT_PAT_OUTLIER,1,37.35,39.551,41.916,45.796,6.583,7.383,8.583,10.383,1.5882,1.6382,1.7182,1.8382
CMP-2026-4756,ISRO-TRAIN-LOT-2026,14,125.0,HEALTHY,0,11.129,11.277,11.873,11.651,2.349,2.385,2.424,2.481,1.1908,1.1935,1.2028,1.2292
CMP-2026-4757,ISRO-TRAIN-LOT-2026,10,125.0,HEALTHY,0,9.996,10.216,10.443,10.644,2.121,2.137,2.171,2.227,1.1786,1.175,1.1982,1.215
CMP-2026-4758,ISRO-TRAIN-LOT-2026,2,125.0,HEALTHY,0,9.081,9.156,9.531,9.655,2.301,2.361,2.334,2.393,1.2149,1.2171,1.2263,1.2297
CMP-2026-4759,ISRO-TRAIN-LOT-2026,20,125.0,HEALTHY,0,11.281,11.612,11.356,11.612,1.675,1.686,1.758,1.774,1.2262,1.2205,1.2394,1.2603
CMP-2026-4760,ISRO-TRAIN-LOT-2026,18,125.0,HEALTHY,0,12.83,13.009,13.361,13.813,2.669,2.706,2.756,2.782,0.9748,0.9815,0.9883,0.9969
CMP-2026-4761,ISRO-TRAIN-LOT-2026,16,125.0,LATENT_DRIFT,1,10.186,16.675,46.735,91.703,1.951,2.351,4.451,10.951,1.2271,1.3071,1.5571,2.1071
CMP-2026-4762,ISRO-TRAIN-LOT-2026,5,125.0,HEALTHY,0,11.183,11.258,11.457,11.518,2.5,2.598,2.506,2.61,1.3015,1.293,1.3049,1.3207
CMP-2026-4763,ISRO-TRAIN-LOT-2026,11,125.0,HEALTHY,0,10.662,10.969,11.141,11.181,2.627,2.704,2.747,2.777,1.1463,1.1532,1.1444,1.1672
CMP-2026-4764,ISRO-TRAIN-LOT-2026,7,125.0,HEALTHY,0,10.516,11.012,11.393,11.332,2.151,2.178,2.2,2.256,1.0931,1.0916,1.0976,1.114
CMP-2026-4765,ISRO-TRAIN-LOT-2026,18,125.0,HEALTHY,0,11.338,11.507,11.963,11.902,1.983,1.977,2.017,2.115,1.1549,1.1545,1.1724,1.183
CMP-2026-4766,ISRO-TRAIN-LOT-2026,22,125.0,HEALTHY,0,11.998,12.107,12.143,12.282,2.801,2.798,2.87,2.922,1.1741,1.1684,1.1823,1.1991
CMP-2026-4767,ISRO-TRAIN-LOT-2026,3,125.0,HEALTHY,0,9.569,9.933,10.085,10.496,2.552,2.603,2.7,2.708,1.1252,1.1273,1.1343,1.1577
CMP-2026-4768,ISRO-TRAIN-LOT-2026,4,125.0,HEALTHY,0,11.189,11.366,11.407,11.508,2.387,2.401,2.426,2.545,1.1245,1.123,1.1376,1.1386
CMP-2026-4769,ISRO-TRAIN-LOT-2026,6,125.0,HEALTHY,0,12.382,12.505,13.093,13.3,2.296,2.331,2.389,2.381,1.2525,1.257,1.2622,1.2809
CMP-2026-4770,ISRO-TRAIN-LOT-2026,11,125.0,HEALTHY,0,10.553,10.693,10.86,11.146,2.77,2.887,2.844,2.908,1.1699,1.1687,1.1882,1.1955
CMP-2026-4771,ISRO-TRAIN-LOT-2026,16,125.0,HEALTHY,0,9.351,9.718,9.528,9.728,2.791,2.845,2.873,2.884,1.3019,1.3051,1.3201,1.3385
CMP-2026-4772,ISRO-TRAIN-LOT-2026,7,125.0,HEALTHY,0,9.155,9.346,10.25,10.02,2.334,2.417,2.434,2.41,1.2459,1.2421,1.2667,1.2856
CMP-2026-4773,ISRO-TRAIN-LOT-2026,8,125.0,HEALTHY,0,9.346,9.585,10.077,10.205,2.71,2.737,2.751,2.844,1.2414,1.2447,1.2528,1.2487
CMP-2026-4774,ISRO-TRAIN-LOT-2026,3,125.0,GROSS_OUTLIER,1,63.862,67.771,75.392,89.125,17.309,20.309,25.309,33.309,2.7871,2.9871,3.3871,3.9871
CMP-2026-4775,ISRO-TRAIN-LOT-2026,19,125.0,HEALTHY,0,10.709,10.73,10.981,11.019,2.568,2.565,2.616,2.684,1.193,1.1898,1.2067,1.2213
CMP-2026-4776,ISRO-TRAIN-LOT-2026,22,125.0,HEALTHY,0,11.53,12.011,12.239,12.484,2.505,2.577,2.671,2.68,1.1729,1.183,1.1833,1.196
CMP-2026-4777,ISRO-TRAIN-LOT-2026,24,125.0,HEALTHY,0,11.344,11.648,11.518,11.764,2.387,2.425,2.48,2.479,1.3359,1.3386,1.353,1.3808
CMP-2026-4778,ISRO-TRAIN-LOT-2026,3,125.0,HEALTHY,0,12.252,12.724,13.047,13.309,2.478,2.45,2.62,2.606,1.2442,1.2454,1.2619,1.2646
CMP-2026-4779,ISRO-TRAIN-LOT-2026,17,125.0,HEALTHY,0,12.094,12.358,12.666,12.901,2.356,2.369,2.443,2.409,1.2472,1.2525,1.2606,1.2875
CMP-2026-4780,ISRO-TRAIN-LOT-2026,3,125.0,HEALTHY,0,10.619,10.958,10.72,10.932,2.731,2.794,2.85,2.879,1.1249,1.1248,1.1316,1.1364
CMP-2026-4781,ISRO-TRAIN-LOT-2026,24,125.0,HEALTHY,0,12.504,12.951,13.362,13.5,2.528,2.565,2.555,2.601,1.2436,1.2404,1.2512,1.2782
CMP-2026-4782,ISRO-TRAIN-LOT-2026,23,125.0,HEALTHY,0,10.477,10.549,11.074,11.076,3.184,3.246,3.198,3.29,1.1969,1.1916,1.2007,1.2371
CMP-2026-4783,ISRO-TRAIN-LOT-2026,6,125.0,HEALTHY,0,11.229,11.534,11.734,12.266,2.319,2.359,2.362,2.43,1.2817,1.2753,1.2875,1.2957
CMP-2026-4784,ISRO-TRAIN-LOT-2026,6,125.0,HEALTHY,0,9.251,9.457,9.812,10.041,1.924,1.995,2.074,2.038,1.2454,1.2486,1.2643,1.2712
CMP-2026-4785,ISRO-TRAIN-LOT-2026,13,125.0,LATENT_DRIFT,1,11.424,17.52,46.163,86.432,2.144,2.544,4.644,11.144,1.1812,1.2612,1.5112,2.0612
CMP-2026-4786,ISRO-TRAIN-LOT-2026,16,125.0,LATENT_PAT_OUTLIER,1,42.131,44.492,46.389,49.467,9.023,9.823,11.023,12.823,1.4453,1.4953,1.5753,1.6953
CMP-2026-4787,ISRO-TRAIN-LOT-2026,24,125.0,HEALTHY,0,11.255,11.683,12.16,12.144,2.91,2.944,2.995,2.966,1.1853,1.1844,1.2013,1.2236
CMP-2026-4788,ISRO-TRAIN-LOT-2026,2,125.0,HEALTHY,0,11.313,11.453,12.254,11.982,2.686,2.697,2.742,2.802,1.2943,1.3135,1.301,1.3151
CMP-2026-4789,ISRO-TRAIN-LOT-2026,6,125.0,HEALTHY,0,8.933,9.091,9.364,9.346,2.614,2.661,2.703,2.758,1.2294,1.2312,1.2621,1.2648
CMP-2026-4790,ISRO-TRAIN-LOT-2026,16,125.0,HEALTHY,0,9.752,10.06,10.016,10.544,2.448,2.467,2.535,2.649,1.1328,1.1268,1.1517,1.159
CMP-2026-4791,ISRO-TRAIN-LOT-2026,14,125.0,HEALTHY,0,13.835,14.019,14.31,14.168,2.683,2.681,2.725,2.894,1.1943,1.1913,1.1923,1.2373
CMP-2026-4792,ISRO-TRAIN-LOT-2026,8,125.0,HEALTHY,0,11.113,11.141,11.57,11.281,2.39,2.419,2.457,2.455,1.272,1.2728,1.2729,1.3066
CMP-2026-4793,ISRO-TRAIN-LOT-2026,10,125.0,HEALTHY,0,10.223,10.273,10.515,10.686,2.36,2.39,2.497,2.444,1.2084,1.2216,1.2259,1.2455
CMP-2026-4794,ISRO-TRAIN-LOT-2026,13,125.0,HEALTHY,0,12.071,12.315,12.793,12.931,2.765,2.863,2.837,2.938,1.2451,1.2423,1.2444,1.2544
CMP-2026-4795,ISRO-TRAIN-LOT-2026,12,125.0,HEALTHY,0,10.074,10.41,10.78,10.852,2.713,2.798,2.716,2.855,1.1413,1.1401,1.1425,1.175
CMP-2026-4796,ISRO-TRAIN-LOT-2026,6,125.0,HEALTHY,0,11.426,11.898,12.146,12.103,2.792,2.783,2.839,2.959,1.2146,1.2112,1.2289,1.2373
CMP-2026-4797,ISRO-TRAIN-LOT-2026,14,125.0,HEALTHY,0,10.766,11.029,11.577,11.98,2.94,3.002,3.01,3.112,1.1613,1.1758,1.1661,1.1832
CMP-2026-4798,ISRO-TRAIN-LOT-2026,7,125.0,LATENT_PAT_OUTLIER,1,38.095,39.307,42.571,44.601,5.946,6.746,7.946,9.746,1.5591,1.6091,1.6891,1.8091
CMP-2026-4799,ISRO-TRAIN-LOT-2026,11,125.0,HEALTHY,0,10.443,10.753,10.864,11.34,2.309,2.318,2.383,2.495,1.1793,1.1769,1.1764,1.2193
CMP-2026-4800,ISRO-TRAIN-LOT-2026,12,125.0,HEALTHY,0,9.776,10.281,10.553,10.424,2.325,2.384,2.351,2.43,1.198,1.2006,1.2276,1.218
CMP-2026-4801,ISRO-TRAIN-LOT-2026,19,125.0,LATENT_PAT_OUTLIER,1,44.278,46.393,49.84,54.338,6.562,7.362,8.562,10.362,1.4418,1.4918,1.5718,1.6918
CMP-2026-4802,ISRO-TRAIN-LOT-2026,19,125.0,HEALTHY,0,11.887,12.111,12.65,12.775,2.724,2.762,2.841,2.849,1.3013,1.3044,1.2981,1.3456
CMP-2026-4803,ISRO-TRAIN-LOT-2026,20,125.0,HEALTHY,0,9.882,10.107,10.178,10.536,2.445,2.492,2.512,2.497,1.1952,1.1937,1.2044,1.2134
CMP-2026-4804,ISRO-TRAIN-LOT-2026,20,125.0,HEALTHY,0,13.137,13.443,14.105,14.281,2.817,2.849,2.835,2.902,1.2513,1.2468,1.2575,1.2914
CMP-2026-4805,ISRO-TRAIN-LOT-2026,2,125.0,HEALTHY,0,10.878,11.216,11.643,11.933,2.337,2.331,2.415,2.474,1.409,1.4142,1.4268,1.4475
CMP-2026-4806,ISRO-TRAIN-LOT-2026,4,125.0,HEALTHY,0,9.712,9.842,10.093,10.042,2.606,2.609,2.661,2.674,1.1955,1.1937,1.2093,1.2555
CMP-2026-4807,ISRO-TRAIN-LOT-2026,1,125.0,HEALTHY,0,9.324,9.534,10.15,10.167,2.779,2.844,2.926,2.724,1.3555,1.3635,1.3594,1.3939
CMP-2026-4808,ISRO-TRAIN-LOT-2026,1,125.0,HEALTHY,0,9.494,9.655,9.714,10.225,2.171,2.205,2.137,2.382,1.2058,1.2048,1.2238,1.239
CMP-2026-4809,ISRO-TRAIN-LOT-2026,9,125.0,HEALTHY,0,6.418,6.609,6.738,7.185,2.696,2.772,2.748,2.754,1.1579,1.1658,1.169,1.2048
CMP-2026-4810,ISRO-TRAIN-LOT-2026,15,125.0,HEALTHY,0,10.096,10.291,10.825,11.212,2.338,2.382,2.456,2.42,1.1681,1.1658,1.1979,1.1984
CMP-2026-4811,ISRO-TRAIN-LOT-2026,19,125.0,HEALTHY,0,13.204,13.429,13.3,13.325,2.287,2.366,2.408,2.343,1.2371,1.2283,1.2471,1.2819
CMP-2026-4812,ISRO-TRAIN-LOT-2026,7,125.0,HEALTHY,0,9.882,10.322,10.673,10.338,2.106,2.153,2.165,2.29,1.3015,1.3128,1.3054,1.3168
CMP-2026-4813,ISRO-TRAIN-LOT-2026,25,125.0,HEALTHY,0,10.503,10.855,10.863,11.014,2.393,2.455,2.459,2.469,1.1797,1.185,1.1983,1.2224
CMP-2026-4814,ISRO-TRAIN-LOT-2026,8,125.0,LATENT_DRIFT,1,13.75,22.323,58.272,111.813,2.308,2.708,4.808,11.308,1.2791,1.3591,1.6091,2.1591
CMP-2026-4815,ISRO-TRAIN-LOT-2026,12,125.0,HEALTHY,0,10.701,11.225,11.38,11.54,2.961,2.982,3.055,3.136,1.1185,1.1208,1.1339,1.1435
CMP-2026-4816,ISRO-TRAIN-LOT-2026,21,125.0,HEALTHY,0,12.884,12.972,13.482,13.923,2.315,2.326,2.411,2.458,1.1248,1.1274,1.1264,1.1514
CMP-2026-4817,ISRO-TRAIN-LOT-2026,24,125.0,HEALTHY,0,9.587,9.913,9.989,10.113,2.328,2.359,2.375,2.459,1.2086,1.2081,1.2181,1.2456
CMP-2026-4818,ISRO-TRAIN-LOT-2026,4,125.0,HEALTHY,0,8.595,8.763,9.052,9.192,2.526,2.595,2.654,2.553,1.3502,1.3472,1.3534,1.4015
CMP-2026-4819,ISRO-TRAIN-LOT-2026,24,125.0,HEALTHY,0,11.697,11.876,12.013,12.292,2.461,2.475,2.561,2.509,1.2484,1.2482,1.2629,1.2704
CMP-2026-4820,ISRO-TRAIN-LOT-2026,8,125.0,HEALTHY,0,9.522,9.832,9.464,10.055,2.461,2.5,2.461,2.561,1.1712,1.1843,1.1851,1.177
CMP-2026-4821,ISRO-TRAIN-LOT-2026,19,125.0,LATENT_PAT_OUTLIER,1,45.207,47.059,49.086,52.833,9.493,10.293,11.493,13.293,1.6057,1.6557,1.7357,1.8557
CMP-2026-4822,ISRO-TRAIN-LOT-2026,9,125.0,HEALTHY,0,9.914,10.298,10.648,10.915,2.333,2.382,2.389,2.397,1.0913,1.0935,1.1105,1.125
CMP-2026-4823,ISRO-TRAIN-LOT-2026,5,125.0,HEALTHY,0,9.004,9.33,9.683,9.842,2.576,2.592,2.598,2.66,1.1548,1.1591,1.1582,1.1815
CMP-2026-4824,ISRO-TRAIN-LOT-2026,12,125.0,HEALTHY,0,10.808,11.001,11.129,11.711,1.888,1.899,1.972,1.939,1.2024,1.2116,1.2303,1.2168
CMP-2026-4825,ISRO-TRAIN-LOT-2026,17,125.0,HEALTHY,0,10.616,10.993,11.416,11.665,2.4,2.459,2.493,2.395,1.16,1.1629,1.1712,1.1936
CMP-2026-4826,ISRO-TRAIN-LOT-2026,25,125.0,HEALTHY,0,10.673,10.957,11.228,11.243,2.748,2.783,2.88,2.899,1.2441,1.2437,1.2756,1.2592
CMP-2026-4827,ISRO-TRAIN-LOT-2026,18,125.0,HEALTHY,0,11.218,11.306,11.266,11.982,2.337,2.362,2.389,2.435,1.1625,1.1641,1.1903,1.1799
CMP-2026-4828,ISRO-TRAIN-LOT-2026,25,125.0,HEALTHY,0,10.381,10.522,10.558,10.829,2.601,2.695,2.713,2.72,1.2743,1.2785,1.2833,1.2996
CMP-2026-4829,ISRO-TRAIN-LOT-2026,16,125.0,HEALTHY,0,10.572,10.81,11.014,11.554,2.865,2.858,2.988,2.975,1.3055,1.3022,1.3151,1.3394
CMP-2026-4830,ISRO-TRAIN-LOT-2026,24,125.0,HEALTHY,0,11.994,12.237,12.766,12.875,2.769,2.787,2.833,2.905,1.1263,1.1204,1.1394,1.1664
CMP-2026-4831,ISRO-TRAIN-LOT-2026,7,125.0,HEALTHY,0,9.172,9.55,9.703,9.938,2.522,2.498,2.569,2.594,1.1602,1.1568,1.1622,1.1933
CMP-2026-4832,ISRO-TRAIN-LOT-2026,13,125.0,HEALTHY,0,11.737,12.077,12.169,12.454,2.4,2.455,2.489,2.471,1.2209,1.2225,1.2312,1.2544
CMP-2026-4833,ISRO-TRAIN-LOT-2026,5,125.0,HEALTHY,0,10.701,10.911,11.079,11.155,2.629,2.642,2.693,2.765,1.0846,1.0921,1.0929,1.1132
CMP-2026-4834,ISRO-TRAIN-LOT-2026,12,125.0,HEALTHY,0,10.217,10.653,10.654,11.127,2.474,2.487,2.492,2.546,1.1767,1.1749,1.1962,1.1942
CMP-2026-4835,ISRO-TRAIN-LOT-2026,22,125.0,HEALTHY,0,10.471,10.649,11.17,11.634,2.192,2.243,2.341,2.201,1.2191,1.2158,1.2257,1.2514
CMP-2026-4836,ISRO-TRAIN-LOT-2026,23,125.0,HEALTHY,0,10.504,10.987,11.364,11.28,2.999,3.027,3.164,3.08,1.0679,1.0681,1.0939,1.0991
CMP-2026-4837,ISRO-TRAIN-LOT-2026,10,125.0,HEALTHY,0,10.517,10.824,11.142,11.459,2.516,2.507,2.599,2.655,1.125,1.127,1.1399,1.1624
CMP-2026-4838,ISRO-TRAIN-LOT-2026,4,125.0,HEALTHY,0,11.48,11.682,11.821,11.762,3.095,3.082,3.137,3.231,1.0489,1.0526,1.054,1.0756
CMP-2026-4839,ISRO-TRAIN-LOT-2026,11,125.0,HEALTHY,0,10.873,11.19,11.567,11.99,2.489,2.539,2.551,2.59,1.1473,1.147,1.1512,1.1704
CMP-2026-4840,ISRO-TRAIN-LOT-2026,21,125.0,HEALTHY,0,10.228,10.529,10.738,10.715,2.78,2.776,2.891,2.872,1.182,1.188,1.1944,1.2183
CMP-2026-4841,ISRO-TRAIN-LOT-2026,25,125.0,HEALTHY,0,10.057,10.299,10.23,10.631,2.813,2.851,2.918,2.959,1.3266,1.3292,1.3354,1.3555
CMP-2026-4842,ISRO-TRAIN-LOT-2026,25,125.0,HEALTHY,0,12.149,12.482,12.609,12.822,2.382,2.429,2.452,2.493,1.2305,1.2316,1.2398,1.2553
CMP-2026-4843,ISRO-TRAIN-LOT-2026,14,125.0,HEALTHY,0,10.92,11.282,11.004,11.184,2.757,2.815,2.791,2.883,1.0758,1.0805,1.0952,1.0943
CMP-2026-4844,ISRO-TRAIN-LOT-2026,19,125.0,HEALTHY,0,10.211,10.447,10.814,10.865,2.776,2.745,2.861,2.896,1.3012,1.3031,1.3081,1.3318
CMP-2026-4845,ISRO-TRAIN-LOT-2026,21,125.0,HEALTHY,0,12.486,12.514,12.991,13.089,2.469,2.542,2.549,2.552,1.194,1.1956,1.1878,1.2232
CMP-2026-4846,ISRO-TRAIN-LOT-2026,4,125.0,HEALTHY,0,11.088,11.491,11.715,12.019,2.692,2.779,2.763,2.8,1.2346,1.2366,1.2564,1.2626
CMP-2026-4847,ISRO-TRAIN-LOT-2026,3,125.0,HEALTHY,0,9.409,9.683,10.073,10.336,2.444,2.491,2.508,2.545,1.2084,1.2151,1.2146,1.2271
CMP-2026-4848,ISRO-TRAIN-LOT-2026,12,125.0,GROSS_OUTLIER,1,58.962,65.925,74.434,88.909,17.342,20.342,25.342,33.342,3.7411,3.9411,4.3411,4.9411
CMP-2026-4849,ISRO-TRAIN-LOT-2026,12,125.0,HEALTHY,0,10.291,10.668,10.93,10.964,2.815,2.869,2.845,3.004,1.3041,1.3045,1.3077,1.3398
CMP-2026-4850,ISRO-TRAIN-LOT-2026,23,125.0,HEALTHY,0,10.764,10.905,11.121,11.237,2.542,2.554,2.647,2.632,1.1483,1.1494,1.154,1.172
CMP-2026-4851,ISRO-TRAIN-LOT-2026,10,125.0,LATENT_DRIFT,1,11.604,17.428,43.295,81.368,2.145,2.545,4.645,11.145,1.1596,1.2396,1.4896,2.0396
CMP-2026-4852,ISRO-TRAIN-LOT-2026,7,125.0,HEALTHY,0,7.456,7.59,8.057,8.021,2.505,2.533,2.558,2.61,1.1776,1.1795,1.1957,1.2177
CMP-2026-4853,ISRO-TRAIN-LOT-2026,13,125.0,HEALTHY,0,10.417,10.819,10.822,11.359,2.464,2.483,2.57,2.613,1.2393,1.237,1.2536,1.2617
CMP-2026-4854,ISRO-TRAIN-LOT-2026,18,125.0,HEALTHY,0,12.516,12.794,13.162,13.309,2.542,2.566,2.606,2.635,1.2651,1.2728,1.2742,1.2913
CMP-2026-4855,ISRO-TRAIN-LOT-2026,16,125.0,HEALTHY,0,11.012,11.071,11.454,11.905,2.252,2.3,2.377,2.315,1.2503,1.2557,1.2649,1.2706
CMP-2026-4856,ISRO-TRAIN-LOT-2026,4,125.0,HEALTHY,0,9.032,9.259,9.662,9.584,2.207,2.267,2.282,2.353,1.1524,1.1547,1.1652,1.1784
CMP-2026-4857,ISRO-TRAIN-LOT-2026,20,125.0,LATENT_PAT_OUTLIER,1,41.861,42.932,44.484,46.678,7.872,8.672,9.872,11.672,1.5219,1.5719,1.6519,1.7719
CMP-2026-4858,ISRO-TRAIN-LOT-2026,20,125.0,HEALTHY,0,10.409,10.836,10.942,10.868,2.431,2.472,2.518,2.544,1.1548,1.151,1.1658,1.1777
CMP-2026-4859,ISRO-TRAIN-LOT-2026,22,125.0,LATENT_PAT_OUTLIER,1,45.894,47.687,50.521,53.215,5.33,6.13,7.33,9.13,1.3477,1.3977,1.4777,1.5977
CMP-2026-4860,ISRO-TRAIN-LOT-2026,1,125.0,HEALTHY,0,8.826,8.933,8.907,9.296,2.355,2.415,2.429,2.448,1.1539,1.1494,1.1704,1.1769
CMP-2026-4861,ISRO-TRAIN-LOT-2026,20,125.0,HEALTHY,0,12.729,13.175,13.59,13.618,2.94,2.973,2.984,2.995,1.2141,1.2188,1.2189,1.2325
CMP-2026-4862,ISRO-TRAIN-LOT-2026,21,125.0,HEALTHY,0,10.392,10.555,10.943,11.107,2.457,2.481,2.545,2.51,1.3103,1.306,1.3277,1.3493
CMP-2026-4863,ISRO-TRAIN-LOT-2026,8,125.0,HEALTHY,0,10.834,11.162,11.401,11.812,2.203,2.214,2.338,2.335,1.1567,1.1567,1.1877,1.1919
CMP-2026-4864,ISRO-TRAIN-LOT-2026,18,125.0,HEALTHY,0,10.854,11.073,11.517,11.792,1.857,1.929,1.895,1.923,1.1991,1.2037,1.2131,1.2243
CMP-2026-4865,ISRO-TRAIN-LOT-2026,3,125.0,HEALTHY,0,10.86,11.129,11.546,11.846,2.519,2.57,2.499,2.68,1.1774,1.1795,1.1891,1.2162
CMP-2026-4866,ISRO-TRAIN-LOT-2026,7,125.0,HEALTHY,0,10.5,10.904,11.268,11.395,2.496,2.528,2.627,2.625,1.4441,1.4437,1.4489,1.4651
CMP-2026-4867,ISRO-TRAIN-LOT-2026,7,125.0,LATENT_DRIFT,1,12.124,17.926,43.882,81.895,3.349,3.749,5.849,12.349,1.079,1.159,1.409,1.959
CMP-2026-4868,ISRO-TRAIN-LOT-2026,11,125.0,HEALTHY,0,9.369,9.653,10.064,10.148,2.603,2.614,2.673,2.798,1.2513,1.2462,1.2651,1.2747
CMP-2026-4869,ISRO-TRAIN-LOT-2026,13,125.0,HEALTHY,0,11.585,11.717,12.153,12.023,2.311,2.406,2.443,2.44,1.2924,1.2893,1.2972,1.3251
CMP-2026-4870,ISRO-TRAIN-LOT-2026,8,125.0,HEALTHY,0,9.297,9.443,9.861,9.82,1.991,2.005,2.043,2.101,1.293,1.2911,1.3021,1.3107
CMP-2026-4871,ISRO-TRAIN-LOT-2026,21,125.0,HEALTHY,0,12.4,12.588,13.014,13.09,2.731,2.821,2.79,2.895,1.2598,1.2675,1.2588,1.2937
CMP-2026-4872,ISRO-TRAIN-LOT-2026,7,125.0,HEALTHY,0,9.555,9.661,10.22,10.055,1.915,1.979,2.027,2.042,1.2032,1.2072,1.2156,1.2341
CMP-2026-4873,ISRO-TRAIN-LOT-2026,23,125.0,HEALTHY,0,10.515,10.598,10.892,11.2,3.306,3.36,3.423,3.442,1.2611,1.2736,1.266,1.2909
CMP-2026-4874,ISRO-TRAIN-LOT-2026,5,125.0,HEALTHY,0,11.624,11.907,12.361,12.418,2.664,2.72,2.69,2.86,1.2168,1.2183,1.2078,1.2403
CMP-2026-4875,ISRO-TRAIN-LOT-2026,7,125.0,HEALTHY,0,11.047,11.335,11.601,11.794,2.044,2.082,2.162,2.278,1.2399,1.2447,1.2474,1.2576
CMP-2026-4876,ISRO-TRAIN-LOT-2026,14,125.0,HEALTHY,0,12.18,12.459,12.665,13.018,2.681,2.689,2.719,2.786,1.1692,1.1689,1.1763,1.1926
CMP-2026-4877,ISRO-TRAIN-LOT-2026,11,125.0,LATENT_DRIFT,1,13.438,18.053,39.262,69.858,2.002,2.402,4.502,11.002,1.2834,1.3634,1.6134,2.1634
CMP-2026-4878,ISRO-TRAIN-LOT-2026,14,125.0,HEALTHY,0,10.192,10.47,10.896,10.67,2.508,2.616,2.593,2.619,1.2538,1.2542,1.2419,1.2922
CMP-2026-4879,ISRO-TRAIN-LOT-2026,14,125.0,HEALTHY,0,10.35,10.592,10.763,11.035,2.444,2.526,2.585,2.562,1.2938,1.2951,1.3146,1.3135
CMP-2026-4880,ISRO-TRAIN-LOT-2026,6,125.0,HEALTHY,0,9.773,9.931,10.351,10.448,2.531,2.575,2.648,2.567,1.1325,1.1315,1.1411,1.1416
CMP-2026-4881,ISRO-TRAIN-LOT-2026,25,125.0,LATENT_DRIFT,1,12.965,19.806,51.845,99.63,2.172,2.572,4.672,11.172,1.2498,1.3298,1.5798,2.1298
CMP-2026-4882,ISRO-TRAIN-LOT-2026,6,125.0,HEALTHY,0,10.642,11.005,11.187,11.112,2.138,2.203,2.174,2.195,1.156,1.1613,1.1546,1.1981
CMP-2026-4883,ISRO-TRAIN-LOT-2026,11,125.0,HEALTHY,0,8.795,8.798,9.247,9.242,2.721,2.769,2.727,2.846,1.1182,1.1259,1.1385,1.1454
CMP-2026-4884,ISRO-TRAIN-LOT-2026,11,125.0,HEALTHY,0,13.081,13.329,13.501,13.916,2.594,2.635,2.637,2.575,1.0389,1.0418,1.0363,1.0606
CMP-2026-4885,ISRO-TRAIN-LOT-2026,9,125.0,HEALTHY,0,11.164,11.357,11.816,11.792,1.924,2.005,2.007,2.015,1.2265,1.2335,1.2376,1.2522
CMP-2026-4886,ISRO-TRAIN-LOT-2026,18,125.0,HEALTHY,0,9.453,9.758,10.371,10.203,2.498,2.514,2.561,2.619,1.2192,1.2159,1.2427,1.2377
CMP-2026-4887,ISRO-TRAIN-LOT-2026,18,125.0,HEALTHY,0,12.919,13.223,13.263,13.66,2.822,2.761,2.924,2.93,1.1396,1.1373,1.1515,1.1531
CMP-2026-4888,ISRO-TRAIN-LOT-2026,4,125.0,HEALTHY,0,11.281,11.712,11.95,12.529,2.776,2.785,2.767,2.832,1.1417,1.1487,1.1575,1.1867
CMP-2026-4889,ISRO-TRAIN-LOT-2026,1,125.0,HEALTHY,0,8.146,8.614,8.826,9.014,2.521,2.578,2.52,2.55,1.0804,1.0881,1.0876,1.1159
CMP-2026-4890,ISRO-TRAIN-LOT-2026,4,125.0,HEALTHY,0,11.064,11.037,11.559,11.819,2.627,2.69,2.714,2.665,1.1758,1.1768,1.1864,1.2052
CMP-2026-4891,ISRO-TRAIN-LOT-2026,9,125.0,HEALTHY,0,9.855,10.109,10.27,10.623,2.431,2.469,2.515,2.633,1.1053,1.1053,1.1079,1.1187
CMP-2026-4892,ISRO-TRAIN-LOT-2026,13,125.0,HEALTHY,0,8.858,9.336,9.628,9.829,2.216,2.271,2.343,2.331,1.2619,1.2626,1.275,1.2858
CMP-2026-4893,ISRO-TRAIN-LOT-2026,10,125.0,HEALTHY,0,9.952,10.079,10.269,10.489,2.363,2.424,2.43,2.595,1.1049,1.1104,1.1242,1.1338
CMP-2026-4894,ISRO-TRAIN-LOT-2026,17,125.0,HEALTHY,0,8.821,9.055,9.311,9.614,2.6,2.604,2.68,2.691,1.1195,1.1241,1.1302,1.1609
CMP-2026-4895,ISRO-TRAIN-LOT-2026,2,125.0,HEALTHY,0,9.397,9.748,10.223,10.429,2.185,2.205,2.323,2.25,1.153,1.1493,1.1574,1.1947
CMP-2026-4896,ISRO-TRAIN-LOT-2026,20,125.0,HEALTHY,0,12.077,12.442,12.55,12.734,2.379,2.384,2.447,2.439,1.2511,1.2523,1.2546,1.2757
CMP-2026-4897,ISRO-TRAIN-LOT-2026,14,125.0,HEALTHY,0,9.806,9.798,10.055,10.376,2.232,2.302,2.332,2.382,1.2829,1.2819,1.2962,1.3032
CMP-2026-4898,ISRO-TRAIN-LOT-2026,4,125.0,HEALTHY,0,11.529,11.841,12.579,12.441,2.894,2.942,2.923,2.934,1.2018,1.2107,1.209,1.249
CMP-2026-4899,ISRO-TRAIN-LOT-2026,8,125.0,HEALTHY,0,10.471,10.626,11.011,10.758,2.641,2.675,2.645,2.699,1.1945,1.1895,1.2022,1.2256
CMP-2026-4900,ISRO-TRAIN-LOT-2026,18,125.0,HEALTHY,0,9.251,9.443,9.734,9.427,2.635,2.697,2.728,2.798,1.2848,1.2846,1.2912,1.3247
CMP-2026-4901,ISRO-TRAIN-LOT-2026,2,125.0,GROSS_OUTLIER,1,66.653,69.548,77.972,100.241,19.68,22.68,27.68,35.68,2.9995,3.1995,3.5995,4.1995
CMP-2026-4902,ISRO-TRAIN-LOT-2026,25,125.0,HEALTHY,0,12.58,12.753,12.927,12.821,2.55,2.58,2.631,2.672,1.2281,1.2394,1.2425,1.2668
CMP-2026-4903,ISRO-TRAIN-LOT-2026,6,125.0,HEALTHY,0,10.146,10.386,10.896,10.966,2.483,2.486,2.572,2.547,1.1607,1.1645,1.1558,1.1885
CMP-2026-4904,ISRO-TRAIN-LOT-2026,6,125.0,HEALTHY,0,10.026,10.144,10.619,11.005,2.285,2.366,2.409,2.31,1.1528,1.152,1.1545,1.1835
CMP-2026-4905,ISRO-TRAIN-LOT-2026,11,125.0,HEALTHY,0,8.936,9.145,9.448,9.905,2.38,2.43,2.433,2.498,1.2078,1.2175,1.2113,1.2555
CMP-2026-4906,ISRO-TRAIN-LOT-2026,25,125.0,HEALTHY,0,11.075,11.312,11.427,11.686,2.15,2.212,2.234,2.265,1.2828,1.2818,1.2904,1.3118
CMP-2026-4907,ISRO-TRAIN-LOT-2026,12,125.0,LATENT_DRIFT,1,10.342,15.412,40.147,76.376,2.481,2.881,4.981,11.481,1.2702,1.3502,1.6002,2.1502
CMP-2026-4908,ISRO-TRAIN-LOT-2026,15,125.0,HEALTHY,0,9.623,9.708,10.211,10.33,2.585,2.627,2.702,2.763,1.2728,1.2754,1.2824,1.3153
CMP-2026-4909,ISRO-TRAIN-LOT-2026,7,125.0,LATENT_PAT_OUTLIER,1,45.904,48.35,50.895,54.085,6.709,7.509,8.709,10.509,1.5677,1.6177,1.6977,1.8177
CMP-2026-4910,ISRO-TRAIN-LOT-2026,21,125.0,HEALTHY,0,11.314,11.626,11.822,11.969,2.767,2.779,2.862,2.844,1.133,1.1366,1.1296,1.1781
CMP-2026-4911,ISRO-TRAIN-LOT-2026,23,125.0,HEALTHY,0,12.207,12.403,12.891,13.109,2.271,2.287,2.391,2.326,1.1255,1.1313,1.1226,1.1605
CMP-2026-4912,ISRO-TRAIN-LOT-2026,22,125.0,HEALTHY,0,12.852,13.265,13.614,14.215,2.607,2.691,2.619,2.74,1.1855,1.1905,1.197,1.2295
CMP-2026-4913,ISRO-TRAIN-LOT-2026,11,125.0,HEALTHY,0,10.651,10.735,10.794,11.012,2.716,2.77,2.801,2.834,1.058,1.0659,1.0582,1.0906
CMP-2026-4914,ISRO-TRAIN-LOT-2026,13,125.0,HEALTHY,0,9.28,9.628,9.85,10.134,2.511,2.522,2.685,2.609,1.1656,1.1639,1.1795,1.1858
CMP-2026-4915,ISRO-TRAIN-LOT-2026,2,125.0,HEALTHY,0,12.016,12.104,12.386,12.353,2.282,2.395,2.301,2.383,1.0388,1.0375,1.0639,1.0553
CMP-2026-4916,ISRO-TRAIN-LOT-2026,18,125.0,GROSS_OUTLIER,1,61.384,70.56,80.59,92.504,24.47,27.47,32.47,40.47,2.9179,3.1179,3.5179,4.1179
CMP-2026-4917,ISRO-TRAIN-LOT-2026,3,125.0,HEALTHY,0,9.558,9.755,9.895,10.205,2.787,2.82,2.892,2.902,1.1269,1.1284,1.1394,1.1672
CMP-2026-4918,ISRO-TRAIN-LOT-2026,25,125.0,HEALTHY,0,9.599,9.879,10.466,10.769,2.578,2.617,2.609,2.636,1.0954,1.0898,1.1106,1.1063
CMP-2026-4919,ISRO-TRAIN-LOT-2026,12,125.0,HEALTHY,0,9.199,9.511,9.76,10.083,2.238,2.294,2.302,2.316,1.1162,1.1298,1.1251,1.1409
CMP-2026-4920,ISRO-TRAIN-LOT-2026,19,125.0,HEALTHY,0,11.848,11.917,12.168,12.644,2.232,2.295,2.292,2.364,1.1449,1.1447,1.1545,1.1692
CMP-2026-4921,ISRO-TRAIN-LOT-2026,21,125.0,HEALTHY,0,10.004,10.071,10.092,9.977,2.4,2.43,2.497,2.485,1.225,1.2268,1.2422,1.246
CMP-2026-4922,ISRO-TRAIN-LOT-2026,23,125.0,HEALTHY,0,11.404,11.545,11.943,12.096,2.716,2.722,2.818,2.863,1.1202,1.1187,1.1326,1.1505
CMP-2026-4923,ISRO-TRAIN-LOT-2026,5,125.0,HEALTHY,0,12.012,12.288,13.077,13.09,2.474,2.491,2.505,2.582,1.1403,1.1408,1.1538,1.1935
CMP-2026-4924,ISRO-TRAIN-LOT-2026,1,125.0,HEALTHY,0,11.128,11.306,11.371,11.222,2.488,2.519,2.56,2.64,1.0971,1.0966,1.1105,1.1459
CMP-2026-4925,ISRO-TRAIN-LOT-2026,8,125.0,HEALTHY,0,10.745,10.728,10.983,11.472,2.351,2.387,2.464,2.392,1.4174,1.4152,1.4303,1.4598
CMP-2026-4926,ISRO-TRAIN-LOT-2026,22,125.0,HEALTHY,0,10.836,10.861,11.38,11.299,2.576,2.552,2.652,2.694,1.2458,1.2482,1.2493,1.2788
CMP-2026-4927,ISRO-TRAIN-LOT-2026,12,125.0,HEALTHY,0,11.203,11.396,11.592,11.51,2.057,2.066,2.17,2.168,1.2497,1.2514,1.2687,1.2795
CMP-2026-4928,ISRO-TRAIN-LOT-2026,2,125.0,HEALTHY,0,10.636,10.753,10.903,10.907,2.584,2.632,2.635,2.638,1.1522,1.1507,1.1748,1.1941
CMP-2026-4929,ISRO-TRAIN-LOT-2026,18,125.0,HEALTHY,0,10.679,10.874,11.256,11.616,2.937,2.931,3.073,2.955,1.1899,1.2005,1.192,1.1977
CMP-2026-4930,ISRO-TRAIN-LOT-2026,8,125.0,HEALTHY,0,10.808,11.087,11.354,11.791,2.683,2.674,2.695,2.74,1.2896,1.2981,1.3039,1.3246
CMP-2026-4931,ISRO-TRAIN-LOT-2026,9,125.0,LATENT_DRIFT,1,12.819,17.693,41.755,77.264,2.152,2.552,4.652,11.152,1.2848,1.3648,1.6148,2.1648
CMP-2026-4932,ISRO-TRAIN-LOT-2026,14,125.0,HEALTHY,0,11.735,11.816,12.532,12.791,2.25,2.23,2.392,2.263,1.1676,1.1756,1.1717,1.1925
CMP-2026-4933,ISRO-TRAIN-LOT-2026,14,125.0,LATENT_DRIFT,1,13.473,20.823,53.877,103.657,2.871,3.271,5.371,11.871,1.2138,1.2938,1.5438,2.0938
CMP-2026-4934,ISRO-TRAIN-LOT-2026,2,125.0,HEALTHY,0,8.552,8.594,9.133,9.137,2.487,2.535,2.618,2.548,1.2204,1.2225,1.2287,1.2368
CMP-2026-4935,ISRO-TRAIN-LOT-2026,7,125.0,HEALTHY,0,9.733,10.022,10.201,10.32,2.735,2.824,2.85,2.86,1.1268,1.1395,1.1357,1.1481
CMP-2026-4936,ISRO-TRAIN-LOT-2026,24,125.0,HEALTHY,0,12.224,12.339,12.892,12.715,2.784,2.814,2.921,2.855,1.2282,1.234,1.2476,1.2549
CMP-2026-4937,ISRO-TRAIN-LOT-2026,1,125.0,HEALTHY,0,9.556,9.792,10.34,10.628,2.241,2.278,2.271,2.372,1.1608,1.1663,1.1722,1.1984
CMP-2026-4938,ISRO-TRAIN-LOT-2026,9,125.0,HEALTHY,0,10.802,10.937,11.249,11.293,2.754,2.731,2.914,2.92,1.0657,1.0748,1.0849,1.0835
CMP-2026-4939,ISRO-TRAIN-LOT-2026,8,125.0,HEALTHY,0,11.107,11.221,11.125,10.984,2.86,2.877,2.94,2.988,1.334,1.3375,1.3311,1.3577
CMP-2026-4940,ISRO-TRAIN-LOT-2026,5,125.0,HEALTHY,0,8.139,8.508,8.74,8.944,2.431,2.477,2.434,2.553,1.2138,1.2172,1.2232,1.2505
CMP-2026-4941,ISRO-TRAIN-LOT-2026,9,125.0,HEALTHY,0,10.028,10.065,10.429,10.881,2.188,2.2,2.314,2.28,1.1954,1.1992,1.2045,1.229
CMP-2026-4942,ISRO-TRAIN-LOT-2026,24,125.0,LATENT_PAT_OUTLIER,1,42.717,44.987,47.977,52.084,5.883,6.683,7.883,9.683,1.3864,1.4364,1.5164,1.6364
CMP-2026-4943,ISRO-TRAIN-LOT-2026,25,125.0,HEALTHY,0,13.325,13.62,14.177,14.194,2.692,2.686,2.733,2.761,1.2085,1.2138,1.2375,1.2457
CMP-2026-4944,ISRO-TRAIN-LOT-2026,23,125.0,HEALTHY,0,11.61,11.996,12.495,12.883,2.815,2.823,2.886,2.912,1.1441,1.1479,1.1569,1.1835
CMP-2026-4945,ISRO-TRAIN-LOT-2026,9,125.0,HEALTHY,0,9.528,9.884,9.929,10.102,2.428,2.42,2.503,2.473,1.3458,1.3496,1.3589,1.382
CMP-2026-4946,ISRO-TRAIN-LOT-2026,2,125.0,HEALTHY,0,11.548,11.761,11.897,11.88,2.253,2.299,2.332,2.304,1.2051,1.2057,1.2226,1.2294
CMP-2026-4947,ISRO-TRAIN-LOT-2026,6,125.0,HEALTHY,0,11.92,11.986,12.517,12.4,2.375,2.391,2.348,2.479,1.4139,1.4049,1.4191,1.4363
CMP-2026-4948,ISRO-TRAIN-LOT-2026,11,125.0,HEALTHY,0,10.843,11.065,11.471,11.575,3.297,3.338,3.349,3.368,1.1226,1.1307,1.1315,1.1672
CMP-2026-4949,ISRO-TRAIN-LOT-2026,19,125.0,HEALTHY,0,11.21,11.526,11.653,12.074,2.801,2.829,2.983,2.937,1.172,1.1781,1.1818,1.2057
CMP-2026-4950,ISRO-TRAIN-LOT-2026,6,125.0,HEALTHY,0,10.991,11.388,11.94,11.877,2.497,2.521,2.639,2.597,1.2849,1.2755,1.2982,1.3319
CMP-2026-4951,ISRO-TRAIN-LOT-2026,3,125.0,HEALTHY,0,8.585,8.783,8.959,8.778,2.631,2.646,2.682,2.738,1.1993,1.1932,1.2119,1.2354
CMP-2026-4952,ISRO-TRAIN-LOT-2026,13,125.0,HEALTHY,0,11.591,11.719,12.17,12.046,2.435,2.476,2.569,2.538,1.3727,1.3721,1.3909,1.4022
CMP-2026-4953,ISRO-TRAIN-LOT-2026,5,125.0,HEALTHY,0,9.127,9.438,9.912,10.597,2.346,2.387,2.435,2.359,1.0475,1.0519,1.0522,1.0753
CMP-2026-4954,ISRO-TRAIN-LOT-2026,22,125.0,HEALTHY,0,10.665,10.817,11.318,11.091,1.936,1.98,1.966,2.024,1.1254,1.1218,1.1294,1.1472
CMP-2026-4955,ISRO-TRAIN-LOT-2026,11,125.0,HEALTHY,0,10.547,10.999,11.037,11.669,2.634,2.669,2.663,2.688,1.0658,1.0693,1.0736,1.1019
CMP-2026-4956,ISRO-TRAIN-LOT-2026,7,125.0,HEALTHY,0,8.165,8.326,8.817,8.69,2.258,2.289,2.405,2.411,1.1463,1.1454,1.1609,1.1791
CMP-2026-4957,ISRO-TRAIN-LOT-2026,22,125.0,HEALTHY,0,11.931,12.161,12.55,12.746,2.257,2.241,2.293,2.303,1.1985,1.2061,1.209,1.2123
CMP-2026-4958,ISRO-TRAIN-LOT-2026,11,125.0,HEALTHY,0,9.482,9.763,10.273,10.013,3.031,3.074,3.139,3.198,1.1742,1.1758,1.1801,1.2066
CMP-2026-4959,ISRO-TRAIN-LOT-2026,11,125.0,HEALTHY,0,11.193,11.403,11.807,11.862,2.897,2.977,2.982,2.956,1.306,1.2948,1.3145,1.3263
CMP-2026-4960,ISRO-TRAIN-LOT-2026,22,125.0,HEALTHY,0,11.695,11.941,12.075,12.207,2.423,2.49,2.575,2.502,1.1727,1.1749,1.1837,1.1954
CMP-2026-4961,ISRO-TRAIN-LOT-2026,14,125.0,HEALTHY,0,11.068,11.501,11.406,11.78,2.18,2.195,2.284,2.304,1.1228,1.1181,1.1234,1.1268
CMP-2026-4962,ISRO-TRAIN-LOT-2026,14,125.0,HEALTHY,0,11.82,11.968,12.232,12.672,2.647,2.62,2.631,2.709,1.1919,1.1932,1.2079,1.223
CMP-2026-4963,ISRO-TRAIN-LOT-2026,21,125.0,HEALTHY,0,11.021,11.164,11.345,11.327,2.654,2.704,2.692,2.766,1.2025,1.2105,1.2192,1.2147
CMP-2026-4964,ISRO-TRAIN-LOT-2026,2,125.0,HEALTHY,0,10.199,10.393,10.422,11.067,1.764,1.771,1.852,1.842,1.1897,1.1934,1.2111,1.221
CMP-2026-4965,ISRO-TRAIN-LOT-2026,10,125.0,HEALTHY,0,11.134,11.429,11.719,11.986,2.91,2.916,2.981,3.086,1.2106,1.2144,1.2194,1.2547
CMP-2026-4966,ISRO-TRAIN-LOT-2026,20,125.0,HEALTHY,0,12.7,12.817,13.404,13.469,2.459,2.52,2.547,2.571,1.1839,1.1883,1.1994,1.2197
CMP-2026-4967,ISRO-TRAIN-LOT-2026,22,125.0,HEALTHY,0,12.402,12.602,13.289,13.369,2.473,2.506,2.494,2.589,1.2254,1.2176,1.2313,1.2358
CMP-2026-4968,ISRO-TRAIN-LOT-2026,22,125.0,HEALTHY,0,11.437,11.717,12.149,12.001,1.887,1.864,1.951,1.927,1.1996,1.2039,1.2098,1.2313
CMP-2026-4969,ISRO-TRAIN-LOT-2026,3,125.0,HEALTHY,0,9.594,9.822,9.937,10.202,2.192,2.229,2.284,2.345,1.0989,1.0973,1.1165,1.1573
CMP-2026-4970,ISRO-TRAIN-LOT-2026,24,125.0,HEALTHY,0,10.18,10.428,10.72,10.916,2.637,2.683,2.739,2.687,1.1503,1.1589,1.1558,1.166
CMP-2026-4971,ISRO-TRAIN-LOT-2026,5,125.0,HEALTHY,0,8.022,8.274,8.418,8.755,1.97,2.03,2.043,2.077,1.209,1.2042,1.2034,1.2385
CMP-2026-4972,ISRO-TRAIN-LOT-2026,24,125.0,HEALTHY,0,11.822,12.07,12.612,12.408,2.821,2.847,2.898,2.928,1.1847,1.1871,1.1993,1.2232
CMP-2026-4973,ISRO-TRAIN-LOT-2026,14,125.0,HEALTHY,0,10.963,10.984,11.283,11.45,2.4,2.457,2.415,2.423,1.2246,1.2315,1.2354,1.2661
CMP-2026-4974,ISRO-TRAIN-LOT-2026,19,125.0,HEALTHY,0,12.003,12.267,12.599,12.416,2.697,2.687,2.738,2.745,1.1816,1.1888,1.1877,1.2209
CMP-2026-4975,ISRO-TRAIN-LOT-2026,4,125.0,HEALTHY,0,11.12,11.251,11.578,11.436,2.196,2.244,2.24,2.291,1.2975,1.3052,1.3103,1.3367
CMP-2026-4976,ISRO-TRAIN-LOT-2026,25,125.0,HEALTHY,0,10.186,10.387,10.513,10.874,2.728,2.792,2.757,2.901,1.2457,1.2467,1.2507,1.2783
CMP-2026-4977,ISRO-TRAIN-LOT-2026,13,125.0,HEALTHY,0,11.7,11.872,12.216,12.362,2.86,2.9,2.906,2.943,1.1297,1.1274,1.1543,1.1561
CMP-2026-4978,ISRO-TRAIN-LOT-2026,6,125.0,HEALTHY,0,9.238,9.35,9.761,9.529,2.7,2.711,2.772,2.846,1.1427,1.1433,1.1609,1.1671
CMP-2026-4979,ISRO-TRAIN-LOT-2026,14,125.0,HEALTHY,0,12.909,13.126,13.41,13.424,2.523,2.527,2.569,2.611,1.0832,1.0876,1.0982,1.1169
CMP-2026-4980,ISRO-TRAIN-LOT-2026,19,125.0,HEALTHY,0,9.204,9.396,9.863,9.862,2.892,2.915,2.927,2.951,1.3521,1.3531,1.3611,1.3931
CMP-2026-4981,ISRO-TRAIN-LOT-2026,6,125.0,HEALTHY,0,10.378,10.638,10.804,11.267,2.138,2.113,2.191,2.22,1.1568,1.1578,1.1839,1.1597
CMP-2026-4982,ISRO-TRAIN-LOT-2026,25,125.0,HEALTHY,0,12.611,12.852,13.357,13.945,2.144,2.19,2.194,2.216,1.209,1.2136,1.2249,1.2163
CMP-2026-4983,ISRO-TRAIN-LOT-2026,2,125.0,HEALTHY,0,10.074,10.308,10.277,10.575,2.348,2.355,2.391,2.434,1.0816,1.081,1.0941,1.1134
CMP-2026-4984,ISRO-TRAIN-LOT-2026,19,125.0,HEALTHY,0,10.84,11.158,11.295,11.222,2.062,2.088,2.136,2.05,1.1523,1.1537,1.1619,1.177
CMP-2026-4985,ISRO-TRAIN-LOT-2026,3,125.0,HEALTHY,0,11.694,11.647,11.896,12.014,2.385,2.433,2.389,2.497,1.1647,1.1644,1.1679,1.1927
CMP-2026-4986,ISRO-TRAIN-LOT-2026,15,125.0,HEALTHY,0,11.598,11.817,11.988,11.895,2.44,2.458,2.506,2.589,1.1739,1.1752,1.1916,1.2101
CMP-2026-4987,ISRO-TRAIN-LOT-2026,14,125.0,HEALTHY,0,10.509,10.766,11.015,11.055,2.362,2.442,2.51,2.435,1.1046,1.1098,1.1039,1.1393
CMP-2026-4988,ISRO-TRAIN-LOT-2026,13,125.0,HEALTHY,0,12.518,12.874,13.287,13.41,2.459,2.452,2.639,2.528,1.1674,1.1591,1.1809,1.1869
CMP-2026-4989,ISRO-TRAIN-LOT-2026,10,125.0,HEALTHY,0,11.128,11.497,12.054,11.894,2.94,3.003,3.081,3.05,1.1798,1.1837,1.2021,1.2225
CMP-2026-4990,ISRO-TRAIN-LOT-2026,21,125.0,HEALTHY,0,11.727,12.01,11.943,12.705,2.825,2.907,2.892,2.85,1.152,1.1548,1.1506,1.1865
CMP-2026-4991,ISRO-TRAIN-LOT-2026,19,125.0,HEALTHY,0,10.427,10.651,10.856,10.965,2.605,2.637,2.756,2.709,1.2433,1.2456,1.2566,1.2957
CMP-2026-4992,ISRO-TRAIN-LOT-2026,3,125.0,GROSS_OUTLIER,1,58.844,66.432,81.909,99.08,26.364,29.364,34.364,42.364,3.117,3.317,3.717,4.317
CMP-2026-4993,ISRO-TRAIN-LOT-2026,14,125.0,HEALTHY,0,11.316,11.509,11.89,11.833,2.283,2.271,2.35,2.35,1.1822,1.1765,1.1957,1.2287
CMP-2026-4994,ISRO-TRAIN-LOT-2026,25,125.0,HEALTHY,0,12.194,12.516,12.716,12.762,2.289,2.272,2.413,2.396,1.172,1.1732,1.1824,1.1912
CMP-2026-4995,ISRO-TRAIN-LOT-2026,2,125.0,HEALTHY,0,9.013,9.121,9.555,9.443,2.304,2.389,2.342,2.438,1.2396,1.2393,1.2524,1.2883
CMP-2026-4996,ISRO-TRAIN-LOT-2026,15,125.0,HEALTHY,0,11.638,11.936,12.062,12.104,2.5,2.539,2.626,2.61,1.2841,1.29,1.2882,1.319
CMP-2026-4997,ISRO-TRAIN-LOT-2026,2,125.0,HEALTHY,0,9.088,9.287,9.436,9.607,2.329,2.403,2.421,2.468,0.9979,0.9994,1.011,1.021
CMP-2026-4998,ISRO-TRAIN-LOT-2026,13,125.0,HEALTHY,0,11.147,11.191,11.418,11.91,2.402,2.415,2.514,2.459,1.1406,1.1543,1.1482,1.1552
CMP-2026-4999,ISRO-TRAIN-LOT-2026,1,125.0,HEALTHY,0,9.966,10.247,10.353,10.407,2.062,2.129,2.064,2.105,1.2333,1.2403,1.2528,1.2602
CMP-2026-5000,ISRO-TRAIN-LOT-2026,25,125.0,HEALTHY,0,10.754,11.073,11.541,11.739,2.503,2.505,2.554,2.645,1.1429,1.1426,1.1577,1.1619
